1762250404172;F5:15:8C:96:83:4F;[32, 33, 115, 63, 0, 120, 63, 0, 114, 63, 0, 108, 63, 0, 107, 63, 0, 99, 63, 0, 103, 63, 0, 105, 63, 0, 111, 63, 0, 120, 63, 0, 121, 63, 0, 118, 63, 0, 113, 63, 0, 113, 63, 0, 106, 63, 0, 122, 63, 0, 121, 63, 0, 118, 63, 0, 111, 63, 0, 107, 63, 0, 102, 63, 0, 105, 63, 0, 110, 63, 0, 120, 63, 0, 127, 63, 0, 54, 0, 53, 0, 53, 0, 55, 0, 54, 0, 54, 0, 54, 0, 53, 0, 53, 0, 53, 0, 52, 0, 52, 0, 52, 0, 54, 0, 55, 0, 56, 0, 54, 0, 52, 0, 51, 0, 49, 0, 51, 0, 50, 0, 52, 0, 54, 0, 55, 0, 47, 240, 48, 240, 49, 240, 46, 240, 47, 240, 48, 240, 49, 240, 48, 240, 47, 240, 50, 240, 50, 240, 48, 240, 48, 240, 48, 240, 49, 240, 49, 240, 51, 240, 50, 240, 50, 240, 50, 240, 49, 240, 48, 240, 47, 240, 49, 240, 49, 240, 225, 3, 225, 3, 225, 3, 221, 3, 219, 3, 219, 3, 218, 3, 218, 3, 221, 3, 221, 3, 223, 3, 225, 3, 224, 3, 223, 3, 222, 3, 223, 3, 224, 3, 224, 3, 224, 3, 222, 3, 219, 3, 219, 3, 217, 3, 216, 3, 218, 3, 26, 0, 0, 18, 85]
1762250404410;F5:15:8C:96:83:4F;[32, 33, 123, 63, 0, 114, 63, 0, 110, 63, 0, 110, 63, 0, 110, 63, 0, 116, 63, 0, 119, 63, 0, 117, 63, 0, 111, 63, 0, 109, 63, 0, 107, 63, 0, 110, 63, 0, 108, 63, 0, 113, 63, 0, 116, 63, 0, 113, 63, 0, 114, 63, 0, 122, 63, 0, 122, 63, 0, 114, 63, 0, 112, 63, 0, 110, 63, 0, 110, 63, 0, 108, 63, 0, 118, 63, 0, 54, 0, 53, 0, 54, 0, 53, 0, 53, 0, 53, 0, 54, 0, 55, 0, 53, 0, 51, 0, 52, 0, 52, 0, 53, 0, 54, 0, 54, 0, 54, 0, 52, 0, 51, 0, 52, 0, 50, 0, 51, 0, 53, 0, 52, 0, 53, 0, 54, 0, 49, 240, 52, 240, 50, 240, 49, 240, 50, 240, 51, 240, 52, 240, 49, 240, 52, 240, 51, 240, 49, 240, 45, 240, 45, 240, 48, 240, 48, 240, 48, 240, 48, 240, 48, 240, 48, 240, 48, 240, 48, 240, 45, 240, 47, 240, 49, 240, 49, 240, 221, 3, 223, 3, 222, 3, 220, 3, 220, 3, 219, 3, 220, 3, 221, 3, 221, 3, 221, 3, 220, 3, 217, 3, 216, 3, 218, 3, 218, 3, 219, 3, 220, 3, 221, 3, 221, 3, 220, 3, 220, 3, 221, 3, 219, 3, 220, 3, 222, 3, 26, 0, 0, 18, 86]
1762250404704;F5:15:8C:96:83:4F;[36, 33, 115, 63, 0, 117, 63, 0, 113, 63, 0, 106, 63, 0, 111, 63, 0, 114, 63, 0, 122, 63, 0, 124, 63, 0, 126, 63, 0, 126, 63, 0, 120, 63, 0, 113, 63, 0, 110, 63, 0, 120, 63, 0, 120, 63, 0, 125, 63, 0, 119, 63, 0, 120, 63, 0, 118, 63, 0, 116, 63, 0, 120, 63, 0, 120, 63, 0, 128, 63, 0, 128, 63, 0, 129, 63, 0, 52, 0, 52, 0, 52, 0, 51, 0, 52, 0, 53, 0, 54, 0, 54, 0, 52, 0, 52, 0, 52, 0, 54, 0, 53, 0, 54, 0, 54, 0, 51, 0, 50, 0, 51, 0, 51, 0, 52, 0, 54, 0, 53, 0, 53, 0, 53, 0, 50, 0, 51, 240, 51, 240, 48, 240, 49, 240, 48, 240, 47, 240, 47, 240, 47, 240, 48, 240, 47, 240, 46, 240, 45, 240, 47, 240, 47, 240, 47, 240, 48, 240, 50, 240, 52, 240, 50, 240, 49, 240, 48, 240, 48, 240, 46, 240, 42, 240, 45, 240, 222, 3, 221, 3, 220, 3, 218, 3, 217, 3, 215, 3, 217, 3, 222, 3, 224, 3, 225, 3, 226, 3, 225, 3, 225, 3, 220, 3, 219, 3, 218, 3, 220, 3, 220, 3, 220, 3, 220, 3, 219, 3, 220, 3, 222, 3, 224, 3, 224, 3, 26, 0, 27, 0, 0, 18, 0, 18, 87]
1762250404915;F5:15:8C:96:83:4F;[32, 33, 123, 63, 0, 122, 63, 0, 114, 63, 0, 125, 63, 0, 119, 63, 0, 125, 63, 0, 123, 63, 0, 125, 63, 0, 130, 63, 0, 118, 63, 0, 122, 63, 0, 130, 63, 0, 128, 63, 0, 131, 63, 0, 133, 63, 0, 131, 63, 0, 124, 63, 0, 127, 63, 0, 130, 63, 0, 122, 63, 0, 128, 63, 0, 122, 63, 0, 121, 63, 0, 133, 63, 0, 122, 63, 0, 49, 0, 50, 0, 53, 0, 55, 0, 57, 0, 57, 0, 56, 0, 54, 0, 54, 0, 52, 0, 52, 0, 53, 0, 53, 0, 53, 0, 52, 0, 51, 0, 48, 0, 50, 0, 50, 0, 50, 0, 51, 0, 54, 0, 53, 0, 50, 0, 48, 0, 47, 240, 45, 240, 47, 240, 48, 240, 49, 240, 49, 240, 48, 240, 49, 240, 48, 240, 47, 240, 46, 240, 46, 240, 48, 240, 48, 240, 47, 240, 49, 240, 50, 240, 49, 240, 48, 240, 48, 240, 49, 240, 49, 240, 47, 240, 50, 240, 51, 240, 223, 3, 222, 3, 222, 3, 222, 3, 221, 3, 220, 3, 220, 3, 220, 3, 220, 3, 220, 3, 222, 3, 220, 3, 220, 3, 219, 3, 219, 3, 219, 3, 220, 3, 220, 3, 221, 3, 222, 3, 219, 3, 219, 3, 219, 3, 217, 3, 219, 3, 26, 0, 0, 18, 88]
1762250405199;F5:15:8C:96:83:4F;[32, 33, 121, 63, 0, 126, 63, 0, 138, 63, 0, 163, 63, 0, 176, 63, 0, 173, 63, 0, 142, 63, 0, 96, 63, 0, 66, 63, 0, 77, 63, 0, 126, 63, 0, 174, 63, 0, 196, 63, 0, 170, 63, 0, 120, 63, 0, 80, 63, 0, 76, 63, 0, 124, 63, 0, 183, 63, 0, 213, 63, 0, 193, 63, 0, 133, 63, 0, 75, 63, 0, 64, 63, 0, 94, 63, 0, 50, 0, 50, 0, 52, 0, 52, 0, 52, 0, 56, 0, 55, 0, 55, 0, 52, 0, 52, 0, 49, 0, 47, 0, 49, 0, 54, 0, 56, 0, 54, 0, 50, 0, 48, 0, 48, 0, 51, 0, 53, 0, 55, 0, 54, 0, 52, 0, 54, 0, 49, 240, 47, 240, 50, 240, 52, 240, 51, 240, 51, 240, 52, 240, 52, 240, 47, 240, 44, 240, 46, 240, 47, 240, 48, 240, 50, 240, 50, 240, 52, 240, 52, 240, 50, 240, 50, 240, 53, 240, 53, 240, 50, 240, 50, 240, 49, 240, 50, 240, 220, 3, 221, 3, 222, 3, 227, 3, 231, 3, 233, 3, 232, 3, 224, 3, 216, 3, 209, 3, 209, 3, 213, 3, 220, 3, 224, 3, 224, 3, 218, 3, 212, 3, 212, 3, 218, 3, 225, 3, 230, 3, 232, 3, 225, 3, 217, 3, 209, 3, 26, 0, 0, 18, 89]
1762250405416;F5:15:8C:96:83:4F;[32, 33, 145, 63, 0, 188, 63, 0, 189, 63, 0, 150, 63, 0, 99, 63, 0, 72, 63, 0, 107, 63, 0, 161, 63, 0, 199, 63, 0, 195, 63, 0, 156, 63, 0, 104, 63, 0, 79, 63, 0, 102, 63, 0, 130, 63, 0, 164, 63, 0, 178, 63, 0, 160, 63, 0, 139, 63, 0, 128, 63, 0, 136, 63, 0, 143, 63, 0, 151, 63, 0, 142, 63, 0, 125, 63, 0, 54, 0, 52, 0, 50, 0, 48, 0, 48, 0, 49, 0, 52, 0, 52, 0, 54, 0, 55, 0, 54, 0, 52, 0, 50, 0, 49, 0, 49, 0, 49, 0, 50, 0, 54, 0, 55, 0, 55, 0, 54, 0, 53, 0, 51, 0, 51, 0, 51, 0, 48, 240, 47, 240, 49, 240, 50, 240, 48, 240, 47, 240, 48, 240, 50, 240, 49, 240, 50, 240, 52, 240, 51, 240, 48, 240, 47, 240, 44, 240, 46, 240, 48, 240, 48, 240, 48, 240, 49, 240, 47, 240, 47, 240, 46, 240, 47, 240, 48, 240, 211, 3, 215, 3, 221, 3, 223, 3, 222, 3, 216, 3, 212, 3, 215, 3, 223, 3, 229, 3, 231, 3, 226, 3, 218, 3, 211, 3, 210, 3, 215, 3, 221, 3, 226, 3, 226, 3, 222, 3, 223, 3, 221, 3, 221, 3, 221, 3, 221, 3, 26, 0, 248, 17, 90]
1762250405725;F5:15:8C:96:83:4F;[36, 33, 126, 63, 0, 138, 63, 0, 158, 63, 0, 155, 63, 0, 147, 63, 0, 122, 63, 0, 108, 63, 0, 123, 63, 0, 155, 63, 0, 181, 63, 0, 182, 63, 0, 157, 63, 0, 134, 63, 0, 100, 63, 0, 118, 63, 0, 136, 63, 0, 153, 63, 0, 182, 63, 0, 176, 63, 0, 150, 63, 0, 130, 63, 0, 126, 63, 0, 137, 63, 0, 151, 63, 0, 169, 63, 0, 53, 0, 53, 0, 52, 0, 54, 0, 52, 0, 51, 0, 52, 0, 53, 0, 55, 0, 48, 0, 53, 0, 53, 0, 50, 0, 53, 0, 47, 0, 52, 0, 56, 0, 59, 0, 58, 0, 59, 0, 58, 0, 58, 0, 56, 0, 51, 0, 51, 0, 45, 240, 46, 240, 47, 240, 49, 240, 48, 240, 46, 240, 49, 240, 48, 240, 47, 240, 50, 240, 53, 240, 45, 240, 55, 240, 51, 240, 57, 240, 41, 240, 50, 240, 53, 240, 49, 240, 52, 240, 46, 240, 56, 240, 46, 240, 49, 240, 51, 240, 218, 3, 219, 3, 220, 3, 220, 3, 225, 3, 225, 3, 221, 3, 221, 3, 220, 3, 224, 3, 225, 3, 229, 3, 224, 3, 220, 3, 217, 3, 219, 3, 217, 3, 217, 3, 221, 3, 225, 3, 226, 3, 220, 3, 222, 3, 221, 3, 224, 3, 26, 0, 26, 0, 248, 17, 0, 18, 91]
1762250405917;F5:15:8C:96:83:4F;[32, 33, 171, 63, 0, 159, 63, 0, 140, 63, 0, 112, 63, 0, 115, 63, 0, 114, 63, 0, 116, 63, 0, 133, 63, 0, 148, 63, 0, 167, 63, 0, 181, 63, 0, 171, 63, 0, 156, 63, 0, 139, 63, 0, 138, 63, 0, 156, 63, 0, 175, 63, 0, 181, 63, 0, 150, 63, 0, 124, 63, 0, 104, 63, 0, 109, 63, 0, 131, 63, 0, 160, 63, 0, 169, 63, 0, 52, 0, 51, 0, 52, 0, 53, 0, 53, 0, 51, 0, 49, 0, 49, 0, 52, 0, 56, 0, 59, 0, 59, 0, 55, 0, 51, 0, 47, 0, 47, 0, 48, 0, 49, 0, 51, 0, 55, 0, 58, 0, 58, 0, 57, 0, 54, 0, 53, 0, 53, 240, 54, 240, 51, 240, 53, 240, 52, 240, 51, 240, 50, 240, 49, 240, 50, 240, 49, 240, 52, 240, 51, 240, 50, 240, 48, 240, 50, 240, 53, 240, 50, 240, 51, 240, 51, 240, 51, 240, 48, 240, 47, 240, 52, 240, 50, 240, 50, 240, 227, 3, 228, 3, 227, 3, 223, 3, 217, 3, 213, 3, 212, 3, 211, 3, 214, 3, 221, 3, 226, 3, 229, 3, 229, 3, 228, 3, 225, 3, 224, 3, 226, 3, 227, 3, 228, 3, 223, 3, 218, 3, 214, 3, 212, 3, 214, 3, 219, 3, 26, 0, 248, 17, 92]
1762250406214;F5:15:8C:96:83:4F;[32, 33, 168, 63, 0, 159, 63, 0, 149, 63, 0, 138, 63, 0, 143, 63, 0, 160, 63, 0, 163, 63, 0, 155, 63, 0, 144, 63, 0, 128, 63, 0, 112, 63, 0, 117, 63, 0, 131, 63, 0, 168, 63, 0, 176, 63, 0, 183, 63, 0, 183, 63, 0, 167, 63, 0, 148, 63, 0, 137, 63, 0, 149, 63, 0, 138, 63, 0, 145, 63, 0, 145, 63, 0, 134, 63, 0, 51, 0, 54, 0, 55, 0, 55, 0, 56, 0, 53, 0, 52, 0, 52, 0, 50, 0, 48, 0, 49, 0, 54, 0, 55, 0, 57, 0, 58, 0, 56, 0, 55, 0, 49, 0, 47, 0, 47, 0, 52, 0, 53, 0, 52, 0, 49, 0, 49, 0, 50, 240, 50, 240, 49, 240, 49, 240, 49, 240, 51, 240, 49, 240, 50, 240, 53, 240, 53, 240, 50, 240, 51, 240, 51, 240, 54, 240, 53, 240, 54, 240, 54, 240, 54, 240, 54, 240, 54, 240, 52, 240, 48, 240, 47, 240, 47, 240, 43, 240, 222, 3, 223, 3, 225, 3, 224, 3, 224, 3, 223, 3, 224, 3, 227, 3, 224, 3, 221, 3, 219, 3, 216, 3, 215, 3, 217, 3, 222, 3, 227, 3, 230, 3, 229, 3, 228, 3, 226, 3, 222, 3, 220, 3, 219, 3, 218, 3, 217, 3, 26, 0, 0, 18, 93]
1762250406436;F5:15:8C:96:83:4F;[32, 33, 140, 63, 0, 143, 63, 0, 146, 63, 0, 144, 63, 0, 146, 63, 0, 156, 63, 0, 171, 63, 0, 169, 63, 0, 172, 63, 0, 164, 63, 0, 148, 63, 0, 142, 63, 0, 134, 63, 0, 144, 63, 0, 144, 63, 0, 145, 63, 0, 139, 63, 0, 128, 63, 0, 149, 63, 0, 169, 63, 0, 178, 63, 0, 188, 63, 0, 175, 63, 0, 158, 63, 0, 151, 63, 0, 50, 0, 51, 0, 51, 0, 52, 0, 52, 0, 51, 0, 48, 0, 49, 0, 50, 0, 53, 0, 53, 0, 56, 0, 58, 0, 56, 0, 52, 0, 49, 0, 51, 0, 52, 0, 54, 0, 52, 0, 52, 0, 52, 0, 52, 0, 52, 0, 53, 0, 45, 240, 48, 240, 49, 240, 48, 240, 49, 240, 50, 240, 49, 240, 46, 240, 52, 240, 52, 240, 51, 240, 50, 240, 48, 240, 49, 240, 53, 240, 49, 240, 46, 240, 48, 240, 48, 240, 48, 240, 51, 240, 53, 240, 52, 240, 51, 240, 52, 240, 219, 3, 218, 3, 217, 3, 219, 3, 220, 3, 219, 3, 223, 3, 227, 3, 229, 3, 228, 3, 226, 3, 225, 3, 222, 3, 218, 3, 216, 3, 216, 3, 217, 3, 216, 3, 218, 3, 219, 3, 224, 3, 226, 3, 230, 3, 232, 3, 231, 3, 27, 0, 0, 18, 94]
1762250406729;F5:15:8C:96:83:4F;[36, 33, 143, 63, 0, 137, 63, 0, 135, 63, 0, 125, 63, 0, 125, 63, 0, 134, 63, 0, 158, 63, 0, 174, 63, 0, 178, 63, 0, 172, 63, 0, 150, 63, 0, 142, 63, 0, 134, 63, 0, 149, 63, 0, 167, 63, 0, 158, 63, 0, 148, 63, 0, 131, 63, 0, 133, 63, 0, 151, 63, 0, 167, 63, 0, 184, 63, 0, 172, 63, 0, 161, 63, 0, 132, 63, 0, 57, 0, 57, 0, 55, 0, 50, 0, 43, 0, 43, 0, 44, 0, 48, 0, 51, 0, 54, 0, 57, 0, 57, 0, 54, 0, 52, 0, 49, 0, 46, 0, 49, 0, 54, 0, 53, 0, 53, 0, 50, 0, 48, 0, 48, 0, 49, 0, 51, 0, 52, 240, 52, 240, 49, 240, 49, 240, 48, 240, 47, 240, 47, 240, 51, 240, 54, 240, 54, 240, 54, 240, 53, 240, 53, 240, 53, 240, 50, 240, 48, 240, 51, 240, 50, 240, 51, 240, 51, 240, 51, 240, 52, 240, 52, 240, 51, 240, 51, 240, 228, 3, 225, 3, 223, 3, 220, 3, 219, 3, 217, 3, 218, 3, 220, 3, 224, 3, 225, 3, 226, 3, 225, 3, 221, 3, 220, 3, 220, 3, 221, 3, 221, 3, 218, 3, 217, 3, 216, 3, 219, 3, 224, 3, 226, 3, 228, 3, 226, 3, 26, 0, 26, 0, 0, 18, 0, 18, 95]
1762250406916;F5:15:8C:96:83:4F;[32, 33, 125, 63, 0, 137, 63, 0, 154, 63, 0, 175, 63, 0, 164, 63, 0, 158, 63, 0, 139, 63, 0, 129, 63, 0, 133, 63, 0, 154, 63, 0, 166, 63, 0, 165, 63, 0, 161, 63, 0, 159, 63, 0, 148, 63, 0, 153, 63, 0, 161, 63, 0, 161, 63, 0, 158, 63, 0, 159, 63, 0, 143, 63, 0, 143, 63, 0, 136, 63, 0, 142, 63, 0, 152, 63, 0, 54, 0, 55, 0, 54, 0, 53, 0, 50, 0, 49, 0, 49, 0, 49, 0, 50, 0, 52, 0, 52, 0, 51, 0, 50, 0, 49, 0, 50, 0, 51, 0, 54, 0, 54, 0, 53, 0, 51, 0, 52, 0, 51, 0, 49, 0, 48, 0, 47, 0, 53, 240, 52, 240, 51, 240, 52, 240, 51, 240, 51, 240, 48, 240, 46, 240, 47, 240, 48, 240, 49, 240, 49, 240, 51, 240, 51, 240, 51, 240, 49, 240, 50, 240, 49, 240, 49, 240, 48, 240, 49, 240, 52, 240, 51, 240, 53, 240, 54, 240, 222, 3, 220, 3, 219, 3, 220, 3, 223, 3, 224, 3, 222, 3, 222, 3, 218, 3, 215, 3, 217, 3, 219, 3, 221, 3, 220, 3, 219, 3, 221, 3, 222, 3, 223, 3, 224, 3, 223, 3, 221, 3, 219, 3, 218, 3, 215, 3, 217, 3, 26, 0, 248, 17, 96]
1762250407223;F5:15:8C:96:83:4F;[32, 33, 162, 63, 0, 163, 63, 0, 162, 63, 0, 154, 63, 0, 151, 63, 0, 145, 63, 0, 144, 63, 0, 137, 63, 0, 144, 63, 0, 155, 63, 0, 161, 63, 0, 165, 63, 0, 157, 63, 0, 150, 63, 0, 147, 63, 0, 150, 63, 0, 155, 63, 0, 160, 63, 0, 154, 63, 0, 141, 63, 0, 138, 63, 0, 138, 63, 0, 141, 63, 0, 162, 63, 0, 173, 63, 0, 50, 0, 51, 0, 52, 0, 52, 0, 53, 0, 52, 0, 50, 0, 50, 0, 51, 0, 50, 0, 51, 0, 53, 0, 51, 0, 53, 0, 52, 0, 52, 0, 52, 0, 52, 0, 51, 0, 52, 0, 54, 0, 55, 0, 54, 0, 52, 0, 52, 0, 52, 240, 48, 240, 49, 240, 47, 240, 45, 240, 46, 240, 47, 240, 47, 240, 46, 240, 47, 240, 50, 240, 51, 240, 53, 240, 53, 240, 52, 240, 51, 240, 48, 240, 51, 240, 49, 240, 50, 240, 50, 240, 47, 240, 49, 240, 47, 240, 49, 240, 217, 3, 219, 3, 222, 3, 223, 3, 222, 3, 221, 3, 221, 3, 220, 3, 219, 3, 222, 3, 222, 3, 223, 3, 222, 3, 224, 3, 222, 3, 222, 3, 221, 3, 222, 3, 221, 3, 222, 3, 219, 3, 216, 3, 216, 3, 219, 3, 223, 3, 26, 0, 0, 18, 97]
1762250407415;F5:15:8C:96:83:4F;[32, 33, 178, 63, 0, 175, 63, 0, 154, 63, 0, 135, 63, 0, 138, 63, 0, 139, 63, 0, 148, 63, 0, 148, 63, 0, 143, 63, 0, 141, 63, 0, 139, 63, 0, 152, 63, 0, 162, 63, 0, 170, 63, 0, 173, 63, 0, 165, 63, 0, 157, 63, 0, 144, 63, 0, 133, 63, 0, 141, 63, 0, 148, 63, 0, 146, 63, 0, 149, 63, 0, 150, 63, 0, 151, 63, 0, 52, 0, 51, 0, 50, 0, 53, 0, 55, 0, 55, 0, 53, 0, 52, 0, 50, 0, 52, 0, 51, 0, 53, 0, 53, 0, 56, 0, 55, 0, 55, 0, 55, 0, 54, 0, 54, 0, 53, 0, 51, 0, 53, 0, 54, 0, 52, 0, 53, 0, 50, 240, 51, 240, 52, 240, 53, 240, 56, 240, 53, 240, 52, 240, 53, 240, 50, 240, 49, 240, 48, 240, 47, 240, 50, 240, 50, 240, 51, 240, 53, 240, 52, 240, 51, 240, 49, 240, 50, 240, 49, 240, 49, 240, 48, 240, 51, 240, 53, 240, 226, 3, 227, 3, 226, 3, 223, 3, 221, 3, 220, 3, 219, 3, 218, 3, 217, 3, 216, 3, 219, 3, 221, 3, 221, 3, 221, 3, 224, 3, 226, 3, 226, 3, 225, 3, 222, 3, 221, 3, 218, 3, 218, 3, 218, 3, 220, 3, 221, 3, 26, 0, 0, 18, 98]
1762250407709;F5:15:8C:96:83:4F;[36, 33, 149, 63, 0, 147, 63, 0, 148, 63, 0, 142, 63, 0, 142, 63, 0, 152, 63, 0, 154, 63, 0, 152, 63, 0, 158, 63, 0, 147, 63, 0, 147, 63, 0, 137, 63, 0, 127, 63, 0, 137, 63, 0, 143, 63, 0, 152, 63, 0, 155, 63, 0, 153, 63, 0, 139, 63, 0, 146, 63, 0, 142, 63, 0, 142, 63, 0, 140, 63, 0, 148, 63, 0, 149, 63, 0, 53, 0, 53, 0, 54, 0, 52, 0, 52, 0, 52, 0, 53, 0, 53, 0, 53, 0, 55, 0, 53, 0, 53, 0, 52, 0, 52, 0, 53, 0, 53, 0, 54, 0, 54, 0, 53, 0, 53, 0, 53, 0, 51, 0, 52, 0, 52, 0, 51, 0, 49, 240, 47, 240, 48, 240, 50, 240, 50, 240, 49, 240, 49, 240, 52, 240, 51, 240, 51, 240, 52, 240, 53, 240, 52, 240, 49, 240, 50, 240, 52, 240, 51, 240, 49, 240, 51, 240, 54, 240, 51, 240, 50, 240, 50, 240, 52, 240, 51, 240, 222, 3, 223, 3, 220, 3, 219, 3, 219, 3, 220, 3, 222, 3, 223, 3, 224, 3, 223, 3, 221, 3, 220, 3, 219, 3, 219, 3, 218, 3, 221, 3, 221, 3, 222, 3, 223, 3, 223, 3, 223, 3, 221, 3, 221, 3, 222, 3, 221, 3, 26, 0, 26, 0, 0, 18, 0, 18, 99]
1762250407940;F5:15:8C:96:83:4F;[32, 33, 134, 63, 0, 128, 63, 0, 120, 63, 0, 130, 63, 0, 146, 63, 0, 147, 63, 0, 159, 63, 0, 162, 63, 0, 145, 63, 0, 133, 63, 0, 131, 63, 0, 124, 63, 0, 129, 63, 0, 134, 63, 0, 137, 63, 0, 139, 63, 0, 133, 63, 0, 140, 63, 0, 137, 63, 0, 130, 63, 0, 145, 63, 0, 143, 63, 0, 140, 63, 0, 139, 63, 0, 135, 63, 0, 52, 0, 51, 0, 53, 0, 53, 0, 53, 0, 53, 0, 53, 0, 53, 0, 54, 0, 52, 0, 50, 0, 49, 0, 49, 0, 50, 0, 49, 0, 50, 0, 51, 0, 49, 0, 50, 0, 52, 0, 52, 0, 53, 0, 54, 0, 55, 0, 52, 0, 50, 240, 48, 240, 49, 240, 49, 240, 49, 240, 48, 240, 53, 240, 51, 240, 50, 240, 48, 240, 50, 240, 46, 240, 49, 240, 52, 240, 50, 240, 51, 240, 49, 240, 49, 240, 49, 240, 50, 240, 49, 240, 45, 240, 48, 240, 51, 240, 50, 240, 220, 3, 219, 3, 218, 3, 215, 3, 218, 3, 218, 3, 221, 3, 224, 3, 225, 3, 225, 3, 222, 3, 219, 3, 217, 3, 215, 3, 215, 3, 215, 3, 217, 3, 218, 3, 218, 3, 220, 3, 222, 3, 225, 3, 224, 3, 224, 3, 222, 3, 26, 0, 248, 17, 100]
1762250408222;F5:15:8C:96:83:4F;[32, 33, 135, 63, 0, 132, 63, 0, 131, 63, 0, 135, 63, 0, 135, 63, 0, 141, 63, 0, 141, 63, 0, 137, 63, 0, 125, 63, 0, 133, 63, 0, 135, 63, 0, 126, 63, 0, 137, 63, 0, 139, 63, 0, 137, 63, 0, 130, 63, 0, 136, 63, 0, 131, 63, 0, 130, 63, 0, 130, 63, 0, 127, 63, 0, 129, 63, 0, 129, 63, 0, 140, 63, 0, 143, 63, 0, 52, 0, 51, 0, 51, 0, 50, 0, 51, 0, 49, 0, 49, 0, 48, 0, 48, 0, 50, 0, 52, 0, 53, 0, 53, 0, 52, 0, 52, 0, 52, 0, 53, 0, 53, 0, 53, 0, 56, 0, 57, 0, 54, 0, 51, 0, 52, 0, 50, 0, 49, 240, 52, 240, 53, 240, 50, 240, 53, 240, 50, 240, 48, 240, 48, 240, 48, 240, 44, 240, 45, 240, 47, 240, 47, 240, 48, 240, 49, 240, 49, 240, 48, 240, 49, 240, 51, 240, 51, 240, 51, 240, 50, 240, 50, 240, 50, 240, 49, 240, 221, 3, 220, 3, 220, 3, 220, 3, 219, 3, 221, 3, 220, 3, 219, 3, 221, 3, 222, 3, 220, 3, 218, 3, 220, 3, 220, 3, 220, 3, 221, 3, 221, 3, 221, 3, 222, 3, 222, 3, 220, 3, 219, 3, 220, 3, 221, 3, 223, 3, 27, 0, 248, 17, 101]
1762250408436;F5:15:8C:96:83:4F;[32, 33, 138, 63, 0, 126, 63, 0, 115, 63, 0, 111, 63, 0, 117, 63, 0, 130, 63, 0, 138, 63, 0, 138, 63, 0, 123, 63, 0, 120, 63, 0, 124, 63, 0, 123, 63, 0, 134, 63, 0, 136, 63, 0, 131, 63, 0, 111, 63, 0, 98, 63, 0, 101, 63, 0, 112, 63, 0, 128, 63, 0, 133, 63, 0, 137, 63, 0, 122, 63, 0, 129, 63, 0, 122, 63, 0, 51, 0, 53, 0, 52, 0, 53, 0, 53, 0, 53, 0, 52, 0, 51, 0, 53, 0, 54, 0, 55, 0, 55, 0, 55, 0, 54, 0, 52, 0, 51, 0, 51, 0, 52, 0, 53, 0, 52, 0, 52, 0, 51, 0, 52, 0, 54, 0, 56, 0, 50, 240, 51, 240, 50, 240, 49, 240, 51, 240, 50, 240, 50, 240, 48, 240, 51, 240, 50, 240, 49, 240, 48, 240, 48, 240, 50, 240, 49, 240, 48, 240, 49, 240, 49, 240, 48, 240, 49, 240, 50, 240, 51, 240, 52, 240, 51, 240, 50, 240, 225, 3, 224, 3, 223, 3, 220, 3, 218, 3, 217, 3, 219, 3, 220, 3, 221, 3, 220, 3, 220, 3, 219, 3, 221, 3, 223, 3, 223, 3, 222, 3, 221, 3, 217, 3, 215, 3, 215, 3, 218, 3, 220, 3, 222, 3, 224, 3, 225, 3, 26, 0, 0, 18, 102]
1762250408723;F5:15:8C:96:83:4F;[36, 33, 125, 63, 0, 126, 63, 0, 117, 63, 0, 108, 63, 0, 114, 63, 0, 117, 63, 0, 114, 63, 0, 117, 63, 0, 122, 63, 0, 125, 63, 0, 122, 63, 0, 111, 63, 0, 114, 63, 0, 107, 63, 0, 106, 63, 0, 110, 63, 0, 108, 63, 0, 110, 63, 0, 110, 63, 0, 113, 63, 0, 121, 63, 0, 127, 63, 0, 133, 63, 0, 130, 63, 0, 125, 63, 0, 55, 0, 54, 0, 52, 0, 53, 0, 52, 0, 52, 0, 54, 0, 56, 0, 55, 0, 57, 0, 56, 0, 54, 0, 54, 0, 53, 0, 54, 0, 52, 0, 51, 0, 50, 0, 53, 0, 52, 0, 54, 0, 54, 0, 55, 0, 55, 0, 56, 0, 51, 240, 52, 240, 53, 240, 51, 240, 52, 240, 52, 240, 51, 240, 48, 240, 49, 240, 50, 240, 49, 240, 48, 240, 49, 240, 51, 240, 48, 240, 49, 240, 49, 240, 50, 240, 50, 240, 51, 240, 50, 240, 49, 240, 50, 240, 49, 240, 49, 240, 224, 3, 224, 3, 224, 3, 221, 3, 222, 3, 221, 3, 222, 3, 223, 3, 224, 3, 223, 3, 222, 3, 223, 3, 221, 3, 221, 3, 219, 3, 219, 3, 218, 3, 219, 3, 218, 3, 220, 3, 220, 3, 220, 3, 222, 3, 225, 3, 225, 3, 26, 0, 26, 0, 0, 18, 248, 17, 103]
1762250408902;F5:15:8C:96:83:4F;[32, 33, 120, 63, 0, 114, 63, 0, 114, 63, 0, 102, 63, 0, 103, 63, 0, 104, 63, 0, 111, 63, 0, 121, 63, 0, 113, 63, 0, 114, 63, 0, 107, 63, 0, 100, 63, 0, 97, 63, 0, 106, 63, 0, 125, 63, 0, 128, 63, 0, 129, 63, 0, 109, 63, 0, 92, 63, 0, 88, 63, 0, 98, 63, 0, 112, 63, 0, 125, 63, 0, 132, 63, 0, 124, 63, 0, 56, 0, 54, 0, 53, 0, 53, 0, 52, 0, 51, 0, 51, 0, 50, 0, 48, 0, 48, 0, 48, 0, 49, 0, 52, 0, 51, 0, 52, 0, 53, 0, 53, 0, 53, 0, 49, 0, 49, 0, 50, 0, 53, 0, 55, 0, 54, 0, 55, 0, 49, 240, 49, 240, 50, 240, 50, 240, 50, 240, 50, 240, 49, 240, 49, 240, 52, 240, 51, 240, 51, 240, 50, 240, 49, 240, 51, 240, 49, 240, 51, 240, 50, 240, 51, 240, 50, 240, 49, 240, 48, 240, 49, 240, 51, 240, 52, 240, 54, 240, 225, 3, 224, 3, 222, 3, 220, 3, 218, 3, 217, 3, 219, 3, 221, 3, 220, 3, 220, 3, 220, 3, 219, 3, 218, 3, 219, 3, 220, 3, 221, 3, 222, 3, 224, 3, 223, 3, 219, 3, 220, 3, 220, 3, 221, 3, 223, 3, 224, 3, 26, 0, 0, 18, 104]
1762250409185;F5:15:8C:96:83:4F;[32, 33, 110, 63, 0, 105, 63, 0, 106, 63, 0, 95, 63, 0, 106, 63, 0, 111, 63, 0, 128, 63, 0, 124, 63, 0, 116, 63, 0, 103, 63, 0, 86, 63, 0, 90, 63, 0, 90, 63, 0, 105, 63, 0, 120, 63, 0, 139, 63, 0, 129, 63, 0, 120, 63, 0, 108, 63, 0, 95, 63, 0, 105, 63, 0, 112, 63, 0, 130, 63, 0, 131, 63, 0, 113, 63, 0, 55, 0, 55, 0, 51, 0, 48, 0, 47, 0, 48, 0, 50, 0, 52, 0, 51, 0, 51, 0, 49, 0, 48, 0, 47, 0, 49, 0, 52, 0, 55, 0, 55, 0, 52, 0, 53, 0, 52, 0, 50, 0, 48, 0, 47, 0, 47, 0, 46, 0, 54, 240, 53, 240, 49, 240, 48, 240, 48, 240, 50, 240, 49, 240, 51, 240, 52, 240, 51, 240, 50, 240, 49, 240, 51, 240, 53, 240, 54, 240, 52, 240, 54, 240, 54, 240, 52, 240, 49, 240, 49, 240, 50, 240, 53, 240, 51, 240, 50, 240, 225, 3, 223, 3, 224, 3, 222, 3, 220, 3, 220, 3, 221, 3, 222, 3, 221, 3, 221, 3, 220, 3, 217, 3, 216, 3, 215, 3, 216, 3, 220, 3, 225, 3, 226, 3, 226, 3, 224, 3, 222, 3, 223, 3, 224, 3, 226, 3, 227, 3, 26, 0, 0, 18, 105]
1762250409424;F5:15:8C:96:83:4F;[32, 33, 86, 63, 0, 78, 63, 0, 85, 63, 0, 102, 63, 0, 118, 63, 0, 122, 63, 0, 125, 63, 0, 116, 63, 0, 109, 63, 0, 104, 63, 0, 101, 63, 0, 111, 63, 0, 120, 63, 0, 111, 63, 0, 114, 63, 0, 104, 63, 0, 100, 63, 0, 100, 63, 0, 103, 63, 0, 98, 63, 0, 101, 63, 0, 117, 63, 0, 127, 63, 0, 129, 63, 0, 124, 63, 0, 47, 0, 48, 0, 50, 0, 52, 0, 52, 0, 52, 0, 52, 0, 54, 0, 54, 0, 55, 0, 58, 0, 58, 0, 57, 0, 57, 0, 56, 0, 54, 0, 50, 0, 48, 0, 50, 0, 49, 0, 49, 0, 53, 0, 53, 0, 53, 0, 51, 0, 50, 240, 48, 240, 49, 240, 48, 240, 49, 240, 51, 240, 50, 240, 51, 240, 50, 240, 50, 240, 50, 240, 51, 240, 49, 240, 49, 240, 47, 240, 49, 240, 52, 240, 51, 240, 48, 240, 48, 240, 49, 240, 50, 240, 50, 240, 50, 240, 53, 240, 224, 3, 220, 3, 215, 3, 215, 3, 217, 3, 219, 3, 223, 3, 224, 3, 225, 3, 225, 3, 225, 3, 225, 3, 224, 3, 224, 3, 223, 3, 222, 3, 224, 3, 224, 3, 222, 3, 219, 3, 217, 3, 219, 3, 221, 3, 224, 3, 226, 3, 26, 0, 248, 17, 106]
1762250409696;F5:15:8C:96:83:4F;[36, 33, 106, 63, 0, 99, 63, 0, 100, 63, 0, 104, 63, 0, 112, 63, 0, 121, 63, 0, 116, 63, 0, 103, 63, 0, 96, 63, 0, 99, 63, 0, 99, 63, 0, 119, 63, 0, 128, 63, 0, 132, 63, 0, 128, 63, 0, 114, 63, 0, 102, 63, 0, 94, 63, 0, 100, 63, 0, 103, 63, 0, 111, 63, 0, 118, 63, 0, 123, 63, 0, 109, 63, 0, 111, 63, 0, 52, 0, 51, 0, 52, 0, 53, 0, 51, 0, 50, 0, 51, 0, 50, 0, 49, 0, 47, 0, 50, 0, 53, 0, 53, 0, 56, 0, 53, 0, 52, 0, 53, 0, 52, 0, 53, 0, 51, 0, 51, 0, 51, 0, 52, 0, 52, 0, 53, 0, 52, 240, 53, 240, 52, 240, 50, 240, 50, 240, 50, 240, 51, 240, 51, 240, 49, 240, 49, 240, 51, 240, 50, 240, 52, 240, 52, 240, 53, 240, 54, 240, 52, 240, 52, 240, 49, 240, 48, 240, 49, 240, 50, 240, 50, 240, 51, 240, 53, 240, 224, 3, 225, 3, 224, 3, 221, 3, 221, 3, 224, 3, 223, 3, 222, 3, 220, 3, 219, 3, 218, 3, 220, 3, 222, 3, 225, 3, 227, 3, 229, 3, 228, 3, 223, 3, 220, 3, 218, 3, 218, 3, 219, 3, 218, 3, 220, 3, 220, 3, 26, 0, 26, 0, 0, 18, 0, 18, 107]
1762250409900;F5:15:8C:96:83:4F;[32, 33, 106, 63, 0, 108, 63, 0, 119, 63, 0, 123, 63, 0, 123, 63, 0, 115, 63, 0, 108, 63, 0, 107, 63, 0, 105, 63, 0, 98, 63, 0, 105, 63, 0, 113, 63, 0, 120, 63, 0, 125, 63, 0, 117, 63, 0, 110, 63, 0, 115, 63, 0, 118, 63, 0, 117, 63, 0, 122, 63, 0, 117, 63, 0, 119, 63, 0, 114, 63, 0, 112, 63, 0, 113, 63, 0, 54, 0, 54, 0, 57, 0, 56, 0, 56, 0, 56, 0, 55, 0, 52, 0, 52, 0, 52, 0, 53, 0, 192, 190, 51, 0, 51, 0, 52, 0, 54, 0, 54, 0, 55, 0, 54, 0, 54, 0, 54, 0, 54, 0, 53, 0, 54, 0, 55, 0, 52, 240, 49, 240, 51, 240, 51, 240, 50, 240, 49, 240, 50, 240, 50, 240, 50, 240, 49, 240, 45, 240, 235, 202, 46, 240, 45, 240, 47, 240, 52, 240, 53, 240, 54, 240, 54, 240, 53, 240, 51, 240, 49, 240, 48, 240, 48, 240, 51, 240, 222, 3, 221, 3, 222, 3, 222, 3, 222, 3, 223, 3, 223, 3, 221, 3, 220, 3, 217, 3, 218, 3, 3, 0, 222, 3, 222, 3, 224, 3, 224, 3, 224, 3, 223, 3, 222, 3, 223, 3, 224, 3, 222, 3, 221, 3, 220, 3, 217, 3, 26, 0, 0, 18, 108]
1762250410191;F5:15:8C:96:83:4F;[32, 33, 115, 63, 0, 119, 63, 0, 118, 63, 0, 118, 63, 0, 119, 63, 0, 125, 63, 0, 121, 63, 0, 122, 63, 0, 121, 63, 0, 116, 63, 0, 116, 63, 0, 115, 63, 0, 123, 63, 0, 128, 63, 0, 129, 63, 0, 124, 63, 0, 108, 63, 0, 107, 63, 0, 108, 63, 0, 117, 63, 0, 128, 63, 0, 136, 63, 0, 132, 63, 0, 131, 63, 0, 124, 63, 0, 54, 0, 52, 0, 54, 0, 55, 0, 53, 0, 52, 0, 50, 0, 50, 0, 49, 0, 50, 0, 50, 0, 51, 0, 54, 0, 53, 0, 53, 0, 56, 0, 55, 0, 55, 0, 55, 0, 56, 0, 57, 0, 57, 0, 57, 0, 57, 0, 55, 0, 51, 240, 54, 240, 52, 240, 51, 240, 48, 240, 49, 240, 50, 240, 50, 240, 50, 240, 50, 240, 47, 240, 49, 240, 47, 240, 50, 240, 50, 240, 49, 240, 47, 240, 48, 240, 46, 240, 46, 240, 48, 240, 48, 240, 50, 240, 52, 240, 52, 240, 216, 3, 218, 3, 220, 3, 220, 3, 221, 3, 223, 3, 222, 3, 222, 3, 222, 3, 221, 3, 220, 3, 220, 3, 219, 3, 219, 3, 219, 3, 221, 3, 220, 3, 218, 3, 217, 3, 217, 3, 219, 3, 220, 3, 222, 3, 220, 3, 222, 3, 26, 0, 0, 18, 109]
1762250410399;F5:15:8C:96:83:4F;[32, 33, 119, 63, 0, 124, 63, 0, 111, 63, 0, 118, 63, 0, 117, 63, 0, 117, 63, 0, 123, 63, 0, 124, 63, 0, 128, 63, 0, 122, 63, 0, 118, 63, 0, 119, 63, 0, 122, 63, 0, 128, 63, 0, 148, 63, 0, 134, 63, 0, 132, 63, 0, 121, 63, 0, 109, 63, 0, 113, 63, 0, 120, 63, 0, 136, 63, 0, 143, 63, 0, 138, 63, 0, 136, 63, 0, 55, 0, 53, 0, 51, 0, 51, 0, 51, 0, 52, 0, 53, 0, 53, 0, 56, 0, 54, 0, 54, 0, 50, 0, 51, 0, 52, 0, 53, 0, 55, 0, 54, 0, 55, 0, 55, 0, 53, 0, 53, 0, 54, 0, 56, 0, 57, 0, 54, 0, 50, 240, 49, 240, 48, 240, 45, 240, 46, 240, 47, 240, 50, 240, 49, 240, 49, 240, 52, 240, 48, 240, 46, 240, 47, 240, 46, 240, 50, 240, 50, 240, 48, 240, 51, 240, 52, 240, 49, 240, 46, 240, 45, 240, 48, 240, 50, 240, 51, 240, 221, 3, 220, 3, 219, 3, 219, 3, 218, 3, 219, 3, 221, 3, 222, 3, 221, 3, 220, 3, 220, 3, 220, 3, 219, 3, 221, 3, 220, 3, 222, 3, 223, 3, 221, 3, 220, 3, 219, 3, 219, 3, 221, 3, 222, 3, 224, 3, 225, 3, 26, 0, 248, 17, 110]
1762250410686;F5:15:8C:96:83:4F;[36, 33, 129, 63, 0, 121, 63, 0, 121, 63, 0, 121, 63, 0, 132, 63, 0, 137, 63, 0, 128, 63, 0, 127, 63, 0, 108, 63, 0, 115, 63, 0, 110, 63, 0, 119, 63, 0, 131, 63, 0, 152, 63, 0, 159, 63, 0, 164, 63, 0, 148, 63, 0, 127, 63, 0, 106, 63, 0, 108, 63, 0, 115, 63, 0, 146, 63, 0, 144, 63, 0, 137, 63, 0, 122, 63, 0, 51, 0, 50, 0, 49, 0, 51, 0, 54, 0, 53, 0, 54, 0, 56, 0, 57, 0, 56, 0, 52, 0, 51, 0, 50, 0, 50, 0, 50, 0, 51, 0, 52, 0, 54, 0, 50, 0, 50, 0, 52, 0, 50, 0, 52, 0, 50, 0, 49, 0, 53, 240, 52, 240, 47, 240, 45, 240, 46, 240, 48, 240, 48, 240, 52, 240, 56, 240, 52, 240, 49, 240, 48, 240, 46, 240, 46, 240, 47, 240, 48, 240, 50, 240, 54, 240, 51, 240, 51, 240, 50, 240, 48, 240, 48, 240, 47, 240, 47, 240, 224, 3, 222, 3, 222, 3, 223, 3, 222, 3, 222, 3, 223, 3, 220, 3, 217, 3, 214, 3, 213, 3, 214, 3, 217, 3, 221, 3, 224, 3, 228, 3, 229, 3, 228, 3, 224, 3, 221, 3, 217, 3, 217, 3, 220, 3, 223, 3, 223, 3, 26, 0, 26, 0, 248, 17, 0, 18, 111]
1762250410919;F5:15:8C:96:83:4F;[32, 33, 118, 63, 0, 108, 63, 0, 128, 63, 0, 149, 63, 0, 167, 63, 0, 176, 63, 0, 158, 63, 0, 131, 63, 0, 109, 63, 0, 114, 63, 0, 120, 63, 0, 140, 63, 0, 148, 63, 0, 143, 63, 0, 132, 63, 0, 126, 63, 0, 121, 63, 0, 139, 63, 0, 147, 63, 0, 156, 63, 0, 149, 63, 0, 152, 63, 0, 146, 63, 0, 143, 63, 0, 125, 63, 0, 49, 0, 52, 0, 50, 0, 47, 0, 49, 0, 49, 0, 50, 0, 53, 0, 57, 0, 55, 0, 51, 0, 49, 0, 47, 0, 48, 0, 52, 0, 53, 0, 53, 0, 53, 0, 51, 0, 48, 0, 48, 0, 50, 0, 53, 0, 56, 0, 54, 0, 50, 240, 49, 240, 47, 240, 47, 240, 49, 240, 48, 240, 48, 240, 47, 240, 50, 240, 51, 240, 50, 240, 47, 240, 48, 240, 48, 240, 51, 240, 50, 240, 54, 240, 52, 240, 52, 240, 50, 240, 51, 240, 51, 240, 52, 240, 52, 240, 51, 240, 220, 3, 216, 3, 215, 3, 217, 3, 221, 3, 224, 3, 225, 3, 225, 3, 222, 3, 218, 3, 217, 3, 218, 3, 219, 3, 221, 3, 222, 3, 221, 3, 220, 3, 219, 3, 219, 3, 222, 3, 225, 3, 228, 3, 228, 3, 226, 3, 224, 3, 27, 0, 0, 18, 112]
1762250411187;F5:15:8C:96:83:4F;[32, 33, 118, 63, 0, 127, 63, 0, 139, 63, 0, 147, 63, 0, 147, 63, 0, 150, 63, 0, 145, 63, 0, 130, 63, 0, 127, 63, 0, 130, 63, 0, 146, 63, 0, 153, 63, 0, 156, 63, 0, 157, 63, 0, 156, 63, 0, 139, 63, 0, 122, 63, 0, 115, 63, 0, 122, 63, 0, 137, 63, 0, 156, 63, 0, 174, 63, 0, 174, 63, 0, 160, 63, 0, 138, 63, 0, 53, 0, 52, 0, 51, 0, 50, 0, 50, 0, 49, 0, 52, 0, 52, 0, 51, 0, 53, 0, 52, 0, 52, 0, 54, 0, 59, 0, 55, 0, 51, 0, 46, 0, 45, 0, 48, 0, 50, 0, 55, 0, 58, 0, 57, 0, 54, 0, 51, 0, 52, 240, 50, 240, 48, 240, 48, 240, 50, 240, 49, 240, 47, 240, 48, 240, 50, 240, 50, 240, 51, 240, 53, 240, 51, 240, 43, 240, 46, 240, 53, 240, 52, 240, 50, 240, 51, 240, 54, 240, 56, 240, 54, 240, 52, 240, 47, 240, 45, 240, 222, 3, 221, 3, 221, 3, 222, 3, 223, 3, 223, 3, 224, 3, 223, 3, 219, 3, 219, 3, 218, 3, 220, 3, 222, 3, 228, 3, 227, 3, 225, 3, 223, 3, 219, 3, 216, 3, 216, 3, 217, 3, 219, 3, 222, 3, 228, 3, 228, 3, 26, 0, 248, 17, 113]
1762250411401;F5:15:8C:96:83:4F;[32, 33, 122, 63, 0, 126, 63, 0, 128, 63, 0, 153, 63, 0, 161, 63, 0, 156, 63, 0, 140, 63, 0, 129, 63, 0, 120, 63, 0, 120, 63, 0, 132, 63, 0, 160, 63, 0, 176, 63, 0, 177, 63, 0, 166, 63, 0, 144, 63, 0, 123, 63, 0, 120, 63, 0, 132, 63, 0, 150, 63, 0, 169, 63, 0, 155, 63, 0, 141, 63, 0, 124, 63, 0, 116, 63, 0, 46, 0, 45, 0, 46, 0, 51, 0, 54, 0, 55, 0, 54, 0, 51, 0, 48, 0, 47, 0, 50, 0, 52, 0, 54, 0, 52, 0, 52, 0, 52, 0, 50, 0, 51, 0, 51, 0, 52, 0, 52, 0, 52, 0, 52, 0, 52, 0, 51, 0, 51, 240, 44, 240, 45, 240, 53, 240, 54, 240, 48, 240, 48, 240, 45, 240, 40, 240, 39, 240, 42, 240, 49, 240, 50, 240, 52, 240, 53, 240, 50, 240, 49, 240, 50, 240, 46, 240, 47, 240, 52, 240, 52, 240, 47, 240, 50, 240, 50, 240, 225, 3, 222, 3, 219, 3, 217, 3, 220, 3, 224, 3, 222, 3, 218, 3, 219, 3, 217, 3, 217, 3, 219, 3, 222, 3, 225, 3, 226, 3, 225, 3, 224, 3, 220, 3, 218, 3, 220, 3, 222, 3, 223, 3, 221, 3, 217, 3, 217, 3, 26, 0, 0, 18, 114]
1762250411717;F5:15:8C:96:83:4F;[36, 33, 131, 63, 0, 159, 63, 0, 175, 63, 0, 183, 63, 0, 175, 63, 0, 139, 63, 0, 126, 63, 0, 114, 63, 0, 133, 63, 0, 149, 63, 0, 160, 63, 0, 160, 63, 0, 148, 63, 0, 143, 63, 0, 121, 63, 0, 122, 63, 0, 146, 63, 0, 156, 63, 0, 175, 63, 0, 179, 63, 0, 168, 63, 0, 143, 63, 0, 130, 63, 0, 125, 63, 0, 130, 63, 0, 52, 0, 54, 0, 55, 0, 54, 0, 54, 0, 51, 0, 49, 0, 49, 0, 52, 0, 54, 0, 54, 0, 53, 0, 53, 0, 52, 0, 51, 0, 51, 0, 51, 0, 54, 0, 55, 0, 56, 0, 56, 0, 55, 0, 53, 0, 51, 0, 50, 0, 49, 240, 49, 240, 51, 240, 55, 240, 53, 240, 51, 240, 49, 240, 49, 240, 47, 240, 47, 240, 46, 240, 49, 240, 51, 240, 48, 240, 48, 240, 48, 240, 47, 240, 48, 240, 48, 240, 50, 240, 52, 240, 52, 240, 50, 240, 50, 240, 47, 240, 218, 3, 218, 3, 220, 3, 226, 3, 229, 3, 229, 3, 226, 3, 221, 3, 218, 3, 217, 3, 217, 3, 220, 3, 222, 3, 221, 3, 220, 3, 218, 3, 219, 3, 220, 3, 224, 3, 229, 3, 231, 3, 231, 3, 226, 3, 221, 3, 218, 3, 26, 0, 26, 0, 0, 18, 248, 17, 115]
1762250411903;F5:15:8C:96:83:4F;[32, 33, 149, 63, 0, 144, 63, 0, 157, 63, 0, 147, 63, 0, 145, 63, 0, 143, 63, 0, 154, 63, 0, 152, 63, 0, 153, 63, 0, 143, 63, 0, 142, 63, 0, 137, 63, 0, 141, 63, 0, 132, 63, 0, 134, 63, 0, 136, 63, 0, 145, 63, 0, 136, 63, 0, 141, 63, 0, 149, 63, 0, 155, 63, 0, 157, 63, 0, 157, 63, 0, 140, 63, 0, 126, 63, 0, 50, 0, 51, 0, 52, 0, 52, 0, 54, 0, 54, 0, 53, 0, 54, 0, 55, 0, 54, 0, 52, 0, 52, 0, 55, 0, 54, 0, 55, 0, 52, 0, 53, 0, 53, 0, 52, 0, 53, 0, 53, 0, 53, 0, 54, 0, 54, 0, 54, 0, 44, 240, 45, 240, 49, 240, 51, 240, 55, 240, 53, 240, 51, 240, 53, 240, 51, 240, 49, 240, 48, 240, 50, 240, 49, 240, 46, 240, 52, 240, 49, 240, 47, 240, 44, 240, 44, 240, 48, 240, 47, 240, 47, 240, 48, 240, 51, 240, 52, 240, 218, 3, 218, 3, 220, 3, 222, 3, 221, 3, 222, 3, 221, 3, 221, 3, 225, 3, 225, 3, 225, 3, 224, 3, 222, 3, 222, 3, 220, 3, 218, 3, 216, 3, 220, 3, 220, 3, 220, 3, 222, 3, 223, 3, 224, 3, 224, 3, 223, 3, 26, 0, 248, 17, 116]
1762250412212;F5:15:8C:96:83:4F;[32, 33, 124, 63, 0, 121, 63, 0, 117, 63, 0, 129, 63, 0, 127, 63, 0, 138, 63, 0, 130, 63, 0, 133, 63, 0, 121, 63, 0, 124, 63, 0, 143, 63, 0, 155, 63, 0, 157, 63, 0, 146, 63, 0, 125, 63, 0, 126, 63, 0, 108, 63, 0, 124, 63, 0, 125, 63, 0, 144, 63, 0, 148, 63, 0, 136, 63, 0, 132, 63, 0, 138, 63, 0, 138, 63, 0, 54, 0, 54, 0, 53, 0, 53, 0, 53, 0, 54, 0, 53, 0, 54, 0, 56, 0, 56, 0, 54, 0, 54, 0, 53, 0, 51, 0, 50, 0, 52, 0, 51, 0, 51, 0, 52, 0, 51, 0, 49, 0, 52, 0, 52, 0, 53, 0, 53, 0, 48, 240, 47, 240, 46, 240, 47, 240, 45, 240, 42, 240, 45, 240, 46, 240, 50, 240, 51, 240, 52, 240, 52, 240, 51, 240, 51, 240, 50, 240, 52, 240, 51, 240, 52, 240, 53, 240, 54, 240, 54, 240, 51, 240, 52, 240, 52, 240, 52, 240, 220, 3, 219, 3, 217, 3, 216, 3, 218, 3, 221, 3, 221, 3, 222, 3, 219, 3, 220, 3, 220, 3, 221, 3, 224, 3, 226, 3, 224, 3, 221, 3, 219, 3, 217, 3, 215, 3, 215, 3, 218, 3, 222, 3, 221, 3, 220, 3, 221, 3, 26, 0, 0, 18, 117]
1762250412447;F5:15:8C:96:83:4F;[32, 33, 151, 63, 0, 144, 63, 0, 138, 63, 0, 145, 63, 0, 140, 63, 0, 143, 63, 0, 126, 63, 0, 126, 63, 0, 114, 63, 0, 121, 63, 0, 134, 63, 0, 142, 63, 0, 147, 63, 0, 147, 63, 0, 146, 63, 0, 141, 63, 0, 137, 63, 0, 141, 63, 0, 141, 63, 0, 141, 63, 0, 138, 63, 0, 146, 63, 0, 166, 63, 0, 178, 63, 0, 202, 63, 0, 51, 0, 53, 0, 54, 0, 53, 0, 53, 0, 54, 0, 55, 0, 54, 0, 54, 0, 54, 0, 53, 0, 51, 0, 51, 0, 50, 0, 50, 0, 48, 0, 49, 0, 52, 0, 52, 0, 51, 0, 49, 0, 51, 0, 49, 0, 48, 0, 52, 0, 57, 240, 48, 240, 54, 240, 56, 240, 52, 240, 51, 240, 48, 240, 45, 240, 46, 240, 51, 240, 47, 240, 53, 240, 53, 240, 51, 240, 51, 240, 49, 240, 47, 240, 46, 240, 50, 240, 51, 240, 51, 240, 52, 240, 52, 240, 48, 240, 48, 240, 220, 3, 222, 3, 222, 3, 223, 3, 223, 3, 222, 3, 221, 3, 220, 3, 218, 3, 216, 3, 216, 3, 215, 3, 217, 3, 220, 3, 221, 3, 222, 3, 223, 3, 222, 3, 222, 3, 220, 3, 221, 3, 220, 3, 219, 3, 218, 3, 219, 3, 26, 0, 0, 18, 118]
1762250412716;F5:15:8C:96:83:4F;[36, 33, 232, 63, 0, 2, 64, 0, 33, 64, 0, 51, 64, 0, 69, 64, 0, 70, 64, 0, 75, 64, 0, 62, 64, 0, 56, 64, 0, 48, 64, 0, 34, 64, 0, 18, 64, 0, 8, 64, 0, 7, 64, 0, 8, 64, 0, 8, 64, 0, 14, 64, 0, 21, 64, 0, 25, 64, 0, 27, 64, 0, 22, 64, 0, 23, 64, 0, 16, 64, 0, 20, 64, 0, 22, 64, 0, 54, 0, 54, 0, 54, 0, 54, 0, 54, 0, 54, 0, 54, 0, 53, 0, 52, 0, 53, 0, 53, 0, 53, 0, 51, 0, 50, 0, 51, 0, 50, 0, 51, 0, 49, 0, 50, 0, 51, 0, 51, 0, 50, 0, 50, 0, 52, 0, 51, 0, 48, 240, 50, 240, 51, 240, 51, 240, 51, 240, 53, 240, 52, 240, 49, 240, 48, 240, 49, 240, 47, 240, 47, 240, 50, 240, 51, 240, 50, 240, 53, 240, 50, 240, 48, 240, 52, 240, 53, 240, 51, 240, 52, 240, 53, 240, 52, 240, 51, 240, 220, 3, 223, 3, 222, 3, 223, 3, 224, 3, 223, 3, 223, 3, 223, 3, 224, 3, 222, 3, 222, 3, 220, 3, 220, 3, 221, 3, 222, 3, 222, 3, 224, 3, 224, 3, 222, 3, 224, 3, 223, 3, 224, 3, 222, 3, 221, 3, 222, 3, 26, 0, 26, 0, 0, 18, 0, 18, 119]
1762250412902;F5:15:8C:96:83:4F;[32, 33, 22, 64, 0, 23, 64, 0, 21, 64, 0, 26, 64, 0, 27, 64, 0, 32, 64, 0, 29, 64, 0, 32, 64, 0, 35, 64, 0, 39, 64, 0, 53, 64, 0, 59, 64, 0, 63, 64, 0, 64, 64, 0, 68, 64, 0, 62, 64, 0, 66, 64, 0, 68, 64, 0, 77, 64, 0, 82, 64, 0, 81, 64, 0, 73, 64, 0, 65, 64, 0, 54, 64, 0, 25, 64, 0, 52, 0, 49, 0, 49, 0, 52, 0, 52, 0, 53, 0, 54, 0, 55, 0, 56, 0, 55, 0, 54, 0, 54, 0, 52, 0, 50, 0, 49, 0, 50, 0, 51, 0, 53, 0, 52, 0, 51, 0, 50, 0, 49, 0, 48, 0, 50, 0, 50, 0, 51, 240, 51, 240, 49, 240, 48, 240, 48, 240, 48, 240, 47, 240, 49, 240, 52, 240, 52, 240, 51, 240, 48, 240, 49, 240, 54, 240, 52, 240, 53, 240, 52, 240, 51, 240, 52, 240, 53, 240, 53, 240, 53, 240, 52, 240, 50, 240, 50, 240, 220, 3, 219, 3, 221, 3, 219, 3, 219, 3, 221, 3, 223, 3, 223, 3, 224, 3, 223, 3, 223, 3, 224, 3, 224, 3, 224, 3, 223, 3, 222, 3, 221, 3, 220, 3, 219, 3, 221, 3, 223, 3, 224, 3, 225, 3, 224, 3, 223, 3, 26, 0, 0, 18, 120]
1762250413211;F5:15:8C:96:83:4F;[32, 33, 27, 64, 0, 25, 64, 0, 29, 64, 0, 22, 64, 0, 2, 64, 0, 247, 63, 0, 229, 63, 0, 223, 63, 0, 207, 63, 0, 209, 63, 0, 210, 63, 0, 220, 63, 0, 210, 63, 0, 198, 63, 0, 192, 63, 0, 186, 63, 0, 186, 63, 0, 193, 63, 0, 197, 63, 0, 192, 63, 0, 173, 63, 0, 161, 63, 0, 160, 63, 0, 150, 63, 0, 157, 63, 0, 50, 0, 53, 0, 54, 0, 51, 0, 50, 0, 51, 0, 51, 0, 52, 0, 52, 0, 53, 0, 51, 0, 53, 0, 52, 0, 53, 0, 51, 0, 53, 0, 54, 0, 52, 0, 51, 0, 50, 0, 51, 0, 52, 0, 53, 0, 53, 0, 53, 0, 52, 240, 52, 240, 51, 240, 51, 240, 48, 240, 50, 240, 51, 240, 50, 240, 51, 240, 52, 240, 50, 240, 51, 240, 51, 240, 51, 240, 49, 240, 49, 240, 47, 240, 47, 240, 48, 240, 48, 240, 48, 240, 50, 240, 49, 240, 49, 240, 50, 240, 223, 3, 223, 3, 221, 3, 222, 3, 222, 3, 222, 3, 221, 3, 219, 3, 219, 3, 218, 3, 220, 3, 222, 3, 223, 3, 223, 3, 223, 3, 222, 3, 221, 3, 219, 3, 219, 3, 221, 3, 222, 3, 223, 3, 220, 3, 219, 3, 218, 3, 26, 0, 0, 18, 121]
1762250413391;F5:15:8C:96:83:4F;[32, 33, 163, 63, 0, 158, 63, 0, 156, 63, 0, 152, 63, 0, 154, 63, 0, 147, 63, 0, 139, 63, 0, 134, 63, 0, 144, 63, 0, 137, 63, 0, 148, 63, 0, 149, 63, 0, 142, 63, 0, 141, 63, 0, 134, 63, 0, 147, 63, 0, 146, 63, 0, 153, 63, 0, 155, 63, 0, 155, 63, 0, 150, 63, 0, 151, 63, 0, 149, 63, 0, 138, 63, 0, 141, 63, 0, 51, 0, 51, 0, 53, 0, 53, 0, 53, 0, 51, 0, 51, 0, 51, 0, 50, 0, 50, 0, 50, 0, 52, 0, 53, 0, 55, 0, 55, 0, 59, 0, 55, 0, 53, 0, 50, 0, 51, 0, 54, 0, 55, 0, 57, 0, 56, 0, 58, 0, 50, 240, 50, 240, 48, 240, 49, 240, 51, 240, 52, 240, 51, 240, 50, 240, 50, 240, 50, 240, 50, 240, 50, 240, 55, 240, 54, 240, 50, 240, 50, 240, 51, 240, 50, 240, 49, 240, 52, 240, 52, 240, 52, 240, 50, 240, 48, 240, 55, 240, 218, 3, 221, 3, 221, 3, 220, 3, 219, 3, 221, 3, 219, 3, 221, 3, 223, 3, 222, 3, 223, 3, 223, 3, 222, 3, 223, 3, 223, 3, 225, 3, 224, 3, 226, 3, 226, 3, 225, 3, 226, 3, 223, 3, 223, 3, 223, 3, 223, 3, 26, 0, 0, 18, 122]
1762250413649;F5:15:8C:96:83:4F;[36, 33, 144, 63, 0, 132, 63, 0, 137, 63, 0, 137, 63, 0, 147, 63, 0, 130, 63, 0, 140, 63, 0, 135, 63, 0, 142, 63, 0, 144, 63, 0, 138, 63, 0, 129, 63, 0, 134, 63, 0, 137, 63, 0, 138, 63, 0, 129, 63, 0, 135, 63, 0, 121, 63, 0, 125, 63, 0, 137, 63, 0, 148, 63, 0, 152, 63, 0, 146, 63, 0, 134, 63, 0, 119, 63, 0, 55, 0, 56, 0, 52, 0, 51, 0, 51, 0, 54, 0, 55, 0, 57, 0, 59, 0, 58, 0, 57, 0, 53, 0, 53, 0, 52, 0, 53, 0, 54, 0, 53, 0, 51, 0, 51, 0, 51, 0, 54, 0, 56, 0, 57, 0, 54, 0, 53, 0, 48, 240, 51, 240, 49, 240, 48, 240, 48, 240, 47, 240, 47, 240, 51, 240, 52, 240, 52, 240, 51, 240, 50, 240, 52, 240, 49, 240, 50, 240, 50, 240, 51, 240, 52, 240, 52, 240, 51, 240, 53, 240, 51, 240, 50, 240, 47, 240, 49, 240, 223, 3, 222, 3, 220, 3, 221, 3, 220, 3, 222, 3, 222, 3, 225, 3, 227, 3, 226, 3, 227, 3, 227, 3, 226, 3, 225, 3, 225, 3, 222, 3, 221, 3, 220, 3, 219, 3, 222, 3, 223, 3, 222, 3, 223, 3, 223, 3, 221, 3, 26, 0, 26, 0, 0, 18, 0, 18, 123]
1762250413898;F5:15:8C:96:83:4F;[32, 33, 118, 63, 0, 139, 63, 0, 159, 63, 0, 149, 63, 0, 147, 63, 0, 127, 63, 0, 123, 63, 0, 120, 63, 0, 136, 63, 0, 146, 63, 0, 154, 63, 0, 154, 63, 0, 145, 63, 0, 131, 63, 0, 127, 63, 0, 127, 63, 0, 135, 63, 0, 141, 63, 0, 157, 63, 0, 148, 63, 0, 144, 63, 0, 129, 63, 0, 123, 63, 0, 117, 63, 0, 134, 63, 0, 52, 0, 51, 0, 51, 0, 51, 0, 51, 0, 52, 0, 51, 0, 53, 0, 54, 0, 53, 0, 54, 0, 53, 0, 52, 0, 52, 0, 51, 0, 51, 0, 50, 0, 51, 0, 52, 0, 52, 0, 53, 0, 52, 0, 51, 0, 52, 0, 50, 0, 49, 240, 48, 240, 49, 240, 50, 240, 48, 240, 47, 240, 49, 240, 49, 240, 49, 240, 49, 240, 50, 240, 52, 240, 52, 240, 49, 240, 47, 240, 50, 240, 49, 240, 52, 240, 51, 240, 54, 240, 54, 240, 52, 240, 50, 240, 48, 240, 48, 240, 218, 3, 219, 3, 221, 3, 222, 3, 223, 3, 223, 3, 221, 3, 219, 3, 219, 3, 219, 3, 221, 3, 222, 3, 223, 3, 223, 3, 221, 3, 218, 3, 218, 3, 219, 3, 222, 3, 222, 3, 223, 3, 221, 3, 219, 3, 219, 3, 220, 3, 26, 0, 0, 18, 124]
1762250414138;F5:15:8C:96:83:4F;[32, 33, 138, 63, 0, 142, 63, 0, 148, 63, 0, 142, 63, 0, 130, 63, 0, 132, 63, 0, 131, 63, 0, 135, 63, 0, 144, 63, 0, 143, 63, 0, 146, 63, 0, 138, 63, 0, 133, 63, 0, 121, 63, 0, 121, 63, 0, 134, 63, 0, 138, 63, 0, 144, 63, 0, 146, 63, 0, 129, 63, 0, 130, 63, 0, 126, 63, 0, 132, 63, 0, 139, 63, 0, 134, 63, 0, 50, 0, 52, 0, 53, 0, 53, 0, 52, 0, 53, 0, 54, 0, 54, 0, 55, 0, 54, 0, 55, 0, 55, 0, 53, 0, 52, 0, 53, 0, 52, 0, 51, 0, 51, 0, 51, 0, 52, 0, 52, 0, 51, 0, 52, 0, 53, 0, 52, 0, 44, 240, 51, 240, 53, 240, 52, 240, 48, 240, 50, 240, 51, 240, 50, 240, 51, 240, 53, 240, 53, 240, 50, 240, 53, 240, 53, 240, 52, 240, 54, 240, 54, 240, 50, 240, 51, 240, 52, 240, 54, 240, 54, 240, 53, 240, 52, 240, 49, 240, 223, 3, 223, 3, 222, 3, 224, 3, 225, 3, 223, 3, 222, 3, 223, 3, 224, 3, 225, 3, 226, 3, 225, 3, 223, 3, 222, 3, 221, 3, 220, 3, 220, 3, 222, 3, 220, 3, 223, 3, 220, 3, 220, 3, 220, 3, 221, 3, 221, 3, 26, 0, 0, 18, 125]
1762250414426;F5:15:8C:96:83:4F;[32, 33, 124, 63, 0, 123, 63, 0, 117, 63, 0, 124, 63, 0, 130, 63, 0, 133, 63, 0, 138, 63, 0, 134, 63, 0, 135, 63, 0, 130, 63, 0, 136, 63, 0, 129, 63, 0, 139, 63, 0, 128, 63, 0, 122, 63, 0, 125, 63, 0, 112, 63, 0, 109, 63, 0, 126, 63, 0, 134, 63, 0, 139, 63, 0, 133, 63, 0, 130, 63, 0, 127, 63, 0, 126, 63, 0, 53, 0, 53, 0, 52, 0, 53, 0, 55, 0, 55, 0, 53, 0, 52, 0, 49, 0, 48, 0, 50, 0, 50, 0, 51, 0, 52, 0, 53, 0, 53, 0, 52, 0, 52, 0, 53, 0, 53, 0, 53, 0, 54, 0, 56, 0, 56, 0, 56, 0, 48, 240, 48, 240, 49, 240, 48, 240, 50, 240, 50, 240, 51, 240, 50, 240, 50, 240, 51, 240, 51, 240, 50, 240, 52, 240, 54, 240, 56, 240, 54, 240, 52, 240, 51, 240, 52, 240, 50, 240, 49, 240, 51, 240, 50, 240, 50, 240, 51, 240, 222, 3, 224, 3, 221, 3, 221, 3, 222, 3, 223, 3, 222, 3, 222, 3, 222, 3, 220, 3, 221, 3, 220, 3, 220, 3, 223, 3, 223, 3, 223, 3, 221, 3, 221, 3, 221, 3, 221, 3, 221, 3, 221, 3, 223, 3, 224, 3, 224, 3, 26, 0, 248, 17, 126]
1762250414636;F5:15:8C:96:83:4F;[36, 33, 126, 63, 0, 138, 63, 0, 139, 63, 0, 135, 63, 0, 131, 63, 0, 118, 63, 0, 114, 63, 0, 114, 63, 0, 123, 63, 0, 134, 63, 0, 148, 63, 0, 143, 63, 0, 140, 63, 0, 125, 63, 0, 117, 63, 0, 122, 63, 0, 122, 63, 0, 133, 63, 0, 149, 63, 0, 139, 63, 0, 123, 63, 0, 118, 63, 0, 112, 63, 0, 121, 63, 0, 129, 63, 0, 55, 0, 54, 0, 55, 0, 53, 0, 51, 0, 48, 0, 51, 0, 54, 0, 56, 0, 55, 0, 56, 0, 54, 0, 52, 0, 50, 0, 49, 0, 51, 0, 51, 0, 57, 0, 55, 0, 53, 0, 52, 0, 50, 0, 50, 0, 52, 0, 54, 0, 52, 240, 53, 240, 53, 240, 51, 240, 49, 240, 48, 240, 49, 240, 50, 240, 49, 240, 52, 240, 51, 240, 52, 240, 53, 240, 52, 240, 53, 240, 50, 240, 52, 240, 55, 240, 55, 240, 49, 240, 51, 240, 52, 240, 47, 240, 48, 240, 50, 240, 226, 3, 228, 3, 228, 3, 228, 3, 225, 3, 224, 3, 222, 3, 221, 3, 221, 3, 222, 3, 225, 3, 228, 3, 227, 3, 226, 3, 224, 3, 223, 3, 220, 3, 219, 3, 222, 3, 224, 3, 224, 3, 224, 3, 222, 3, 223, 3, 223, 3, 26, 0, 26, 0, 0, 18, 248, 17, 127]
1762250414931;F5:15:8C:96:83:4F;[32, 33, 150, 63, 0, 153, 63, 0, 144, 63, 0, 139, 63, 0, 123, 63, 0, 122, 63, 0, 121, 63, 0, 129, 63, 0, 141, 63, 0, 142, 63, 0, 140, 63, 0, 131, 63, 0, 121, 63, 0, 119, 63, 0, 127, 63, 0, 127, 63, 0, 139, 63, 0, 152, 63, 0, 151, 63, 0, 136, 63, 0, 134, 63, 0, 124, 63, 0, 112, 63, 0, 125, 63, 0, 135, 63, 0, 53, 0, 56, 0, 54, 0, 53, 0, 53, 0, 53, 0, 54, 0, 54, 0, 54, 0, 52, 0, 54, 0, 54, 0, 57, 0, 55, 0, 51, 0, 50, 0, 49, 0, 49, 0, 51, 0, 55, 0, 58, 0, 59, 0, 55, 0, 53, 0, 52, 0, 51, 240, 49, 240, 51, 240, 52, 240, 50, 240, 50, 240, 53, 240, 54, 240, 48, 240, 50, 240, 53, 240, 49, 240, 49, 240, 50, 240, 49, 240, 49, 240, 47, 240, 46, 240, 50, 240, 50, 240, 50, 240, 50, 240, 50, 240, 52, 240, 49, 240, 226, 3, 229, 3, 228, 3, 227, 3, 227, 3, 224, 3, 221, 3, 222, 3, 225, 3, 225, 3, 224, 3, 225, 3, 223, 3, 221, 3, 222, 3, 221, 3, 221, 3, 224, 3, 225, 3, 227, 3, 226, 3, 224, 3, 221, 3, 221, 3, 222, 3, 27, 0, 0, 18, 128]
1762250415140;F5:15:8C:96:83:4F;[32, 33, 145, 63, 0, 150, 63, 0, 136, 63, 0, 125, 63, 0, 114, 63, 0, 127, 63, 0, 148, 63, 0, 158, 63, 0, 155, 63, 0, 146, 63, 0, 124, 63, 0, 117, 63, 0, 111, 63, 0, 123, 63, 0, 132, 63, 0, 136, 63, 0, 140, 63, 0, 137, 63, 0, 133, 63, 0, 134, 63, 0, 137, 63, 0, 143, 63, 0, 139, 63, 0, 137, 63, 0, 143, 63, 0, 53, 0, 55, 0, 55, 0, 55, 0, 57, 0, 54, 0, 53, 0, 52, 0, 50, 0, 52, 0, 53, 0, 54, 0, 57, 0, 57, 0, 54, 0, 51, 0, 50, 0, 51, 0, 51, 0, 52, 0, 52, 0, 54, 0, 55, 0, 52, 0, 53, 0, 50, 240, 51, 240, 49, 240, 48, 240, 48, 240, 48, 240, 51, 240, 51, 240, 50, 240, 51, 240, 52, 240, 50, 240, 53, 240, 51, 240, 52, 240, 51, 240, 50, 240, 50, 240, 50, 240, 52, 240, 54, 240, 56, 240, 56, 240, 56, 240, 51, 240, 224, 3, 225, 3, 224, 3, 221, 3, 220, 3, 219, 3, 222, 3, 226, 3, 231, 3, 228, 3, 225, 3, 220, 3, 218, 3, 216, 3, 217, 3, 218, 3, 220, 3, 221, 3, 222, 3, 221, 3, 223, 3, 223, 3, 223, 3, 225, 3, 226, 3, 26, 0, 0, 18, 129]
1762250415427;F5:15:8C:96:83:4F;[32, 33, 147, 63, 0, 151, 63, 0, 139, 63, 0, 127, 63, 0, 115, 63, 0, 100, 63, 0, 105, 63, 0, 128, 63, 0, 161, 63, 0, 156, 63, 0, 147, 63, 0, 134, 63, 0, 116, 63, 0, 122, 63, 0, 142, 63, 0, 158, 63, 0, 159, 63, 0, 151, 63, 0, 129, 63, 0, 108, 63, 0, 102, 63, 0, 115, 63, 0, 137, 63, 0, 153, 63, 0, 161, 63, 0, 51, 0, 53, 0, 54, 0, 52, 0, 54, 0, 48, 0, 50, 0, 56, 0, 53, 0, 56, 0, 55, 0, 51, 0, 49, 0, 51, 0, 51, 0, 54, 0, 56, 0, 56, 0, 57, 0, 56, 0, 50, 0, 52, 0, 50, 0, 52, 0, 52, 0, 51, 240, 51, 240, 51, 240, 50, 240, 47, 240, 49, 240, 50, 240, 47, 240, 46, 240, 50, 240, 49, 240, 44, 240, 46, 240, 46, 240, 48, 240, 49, 240, 52, 240, 54, 240, 51, 240, 48, 240, 48, 240, 47, 240, 46, 240, 44, 240, 52, 240, 227, 3, 228, 3, 229, 3, 230, 3, 226, 3, 220, 3, 214, 3, 216, 3, 216, 3, 219, 3, 224, 3, 225, 3, 224, 3, 223, 3, 221, 3, 221, 3, 225, 3, 224, 3, 222, 3, 219, 3, 215, 3, 212, 3, 214, 3, 218, 3, 221, 3, 26, 0, 248, 17, 130]
1762250415656;F5:15:8C:96:83:4F;[36, 33, 152, 63, 0, 148, 63, 0, 129, 63, 0, 126, 63, 0, 137, 63, 0, 135, 63, 0, 138, 63, 0, 145, 63, 0, 135, 63, 0, 128, 63, 0, 120, 63, 0, 120, 63, 0, 131, 63, 0, 143, 63, 0, 155, 63, 0, 154, 63, 0, 157, 63, 0, 146, 63, 0, 137, 63, 0, 130, 63, 0, 130, 63, 0, 142, 63, 0, 146, 63, 0, 146, 63, 0, 136, 63, 0, 55, 0, 53, 0, 56, 0, 56, 0, 53, 0, 52, 0, 50, 0, 51, 0, 52, 0, 54, 0, 54, 0, 53, 0, 52, 0, 52, 0, 53, 0, 51, 0, 50, 0, 52, 0, 55, 0, 54, 0, 52, 0, 51, 0, 50, 0, 49, 0, 50, 0, 52, 240, 52, 240, 54, 240, 55, 240, 52, 240, 51, 240, 52, 240, 50, 240, 50, 240, 50, 240, 50, 240, 50, 240, 51, 240, 52, 240, 53, 240, 53, 240, 50, 240, 49, 240, 50, 240, 50, 240, 51, 240, 49, 240, 49, 240, 48, 240, 51, 240, 224, 3, 225, 3, 226, 3, 223, 3, 225, 3, 224, 3, 223, 3, 226, 3, 226, 3, 222, 3, 218, 3, 216, 3, 217, 3, 218, 3, 221, 3, 222, 3, 226, 3, 228, 3, 225, 3, 220, 3, 220, 3, 219, 3, 220, 3, 222, 3, 220, 3, 26, 0, 26, 0, 248, 17, 248, 17, 131]
1762250415911;F5:15:8C:96:83:4F;[32, 33, 129, 63, 0, 126, 63, 0, 130, 63, 0, 137, 63, 0, 152, 63, 0, 162, 63, 0, 164, 63, 0, 154, 63, 0, 150, 63, 0, 143, 63, 0, 138, 63, 0, 140, 63, 0, 144, 63, 0, 151, 63, 0, 157, 63, 0, 158, 63, 0, 163, 63, 0, 159, 63, 0, 159, 63, 0, 165, 63, 0, 172, 63, 0, 172, 63, 0, 175, 63, 0, 175, 63, 0, 173, 63, 0, 50, 0, 51, 0, 51, 0, 50, 0, 53, 0, 54, 0, 54, 0, 55, 0, 53, 0, 52, 0, 51, 0, 49, 0, 50, 0, 49, 0, 50, 0, 53, 0, 51, 0, 52, 0, 52, 0, 53, 0, 55, 0, 55, 0, 55, 0, 53, 0, 52, 0, 50, 240, 48, 240, 49, 240, 49, 240, 51, 240, 50, 240, 50, 240, 51, 240, 51, 240, 49, 240, 49, 240, 49, 240, 49, 240, 48, 240, 48, 240, 47, 240, 49, 240, 49, 240, 50, 240, 51, 240, 51, 240, 51, 240, 53, 240, 52, 240, 52, 240, 220, 3, 221, 3, 217, 3, 218, 3, 219, 3, 221, 3, 224, 3, 226, 3, 227, 3, 226, 3, 226, 3, 223, 3, 221, 3, 220, 3, 220, 3, 220, 3, 222, 3, 222, 3, 222, 3, 222, 3, 223, 3, 222, 3, 222, 3, 223, 3, 221, 3, 26, 0, 0, 18, 132]
1762250416203;F5:15:8C:96:83:4F;[32, 33, 165, 63, 0, 160, 63, 0, 151, 63, 0, 157, 63, 0, 164, 63, 0, 159, 63, 0, 165, 63, 0, 165, 63, 0, 157, 63, 0, 159, 63, 0, 160, 63, 0, 165, 63, 0, 169, 63, 0, 162, 63, 0, 155, 63, 0, 146, 63, 0, 144, 63, 0, 140, 63, 0, 148, 63, 0, 150, 63, 0, 147, 63, 0, 152, 63, 0, 144, 63, 0, 153, 63, 0, 148, 63, 0, 50, 0, 50, 0, 50, 0, 51, 0, 53, 0, 53, 0, 51, 0, 52, 0, 52, 0, 51, 0, 52, 0, 51, 0, 51, 0, 54, 0, 54, 0, 55, 0, 54, 0, 52, 0, 51, 0, 50, 0, 52, 0, 55, 0, 55, 0, 55, 0, 55, 0, 51, 240, 49, 240, 50, 240, 51, 240, 48, 240, 49, 240, 49, 240, 47, 240, 44, 240, 47, 240, 45, 240, 47, 240, 48, 240, 48, 240, 46, 240, 48, 240, 49, 240, 47, 240, 48, 240, 46, 240, 48, 240, 47, 240, 48, 240, 50, 240, 49, 240, 222, 3, 223, 3, 222, 3, 221, 3, 220, 3, 218, 3, 217, 3, 219, 3, 221, 3, 223, 3, 224, 3, 224, 3, 225, 3, 224, 3, 225, 3, 223, 3, 220, 3, 220, 3, 220, 3, 223, 3, 223, 3, 224, 3, 223, 3, 222, 3, 223, 3, 26, 0, 0, 18, 133]
1762250416435;F5:15:8C:96:83:4F;[32, 33, 155, 63, 0, 154, 63, 0, 151, 63, 0, 152, 63, 0, 146, 63, 0, 147, 63, 0, 142, 63, 0, 147, 63, 0, 135, 63, 0, 139, 63, 0, 142, 63, 0, 138, 63, 0, 144, 63, 0, 145, 63, 0, 153, 63, 0, 148, 63, 0, 154, 63, 0, 145, 63, 0, 142, 63, 0, 147, 63, 0, 142, 63, 0, 138, 63, 0, 135, 63, 0, 134, 63, 0, 135, 63, 0, 56, 0, 53, 0, 53, 0, 51, 0, 49, 0, 51, 0, 53, 0, 55, 0, 54, 0, 53, 0, 51, 0, 47, 0, 47, 0, 48, 0, 51, 0, 54, 0, 55, 0, 53, 0, 53, 0, 52, 0, 51, 0, 52, 0, 54, 0, 54, 0, 52, 0, 50, 240, 49, 240, 52, 240, 52, 240, 49, 240, 51, 240, 52, 240, 52, 240, 51, 240, 53, 240, 51, 240, 49, 240, 48, 240, 49, 240, 51, 240, 52, 240, 53, 240, 54, 240, 53, 240, 52, 240, 47, 240, 47, 240, 47, 240, 48, 240, 49, 240, 224, 3, 224, 3, 225, 3, 225, 3, 226, 3, 225, 3, 221, 3, 221, 3, 221, 3, 221, 3, 220, 3, 221, 3, 222, 3, 224, 3, 225, 3, 226, 3, 225, 3, 223, 3, 223, 3, 222, 3, 224, 3, 223, 3, 223, 3, 223, 3, 220, 3, 26, 0, 0, 18, 134]
1762250416703;F5:15:8C:96:83:4F;[36, 33, 142, 63, 0, 150, 63, 0, 145, 63, 0, 140, 63, 0, 139, 63, 0, 132, 63, 0, 152, 63, 0, 157, 63, 0, 155, 63, 0, 153, 63, 0, 136, 63, 0, 134, 63, 0, 129, 63, 0, 135, 63, 0, 149, 63, 0, 157, 63, 0, 152, 63, 0, 147, 63, 0, 137, 63, 0, 139, 63, 0, 131, 63, 0, 151, 63, 0, 163, 63, 0, 168, 63, 0, 156, 63, 0, 54, 0, 54, 0, 51, 0, 53, 0, 52, 0, 54, 0, 55, 0, 55, 0, 55, 0, 53, 0, 51, 0, 53, 0, 53, 0, 52, 0, 52, 0, 53, 0, 53, 0, 52, 0, 52, 0, 51, 0, 52, 0, 55, 0, 56, 0, 56, 0, 54, 0, 52, 240, 52, 240, 51, 240, 48, 240, 47, 240, 46, 240, 49, 240, 50, 240, 49, 240, 50, 240, 51, 240, 51, 240, 49, 240, 51, 240, 51, 240, 52, 240, 52, 240, 51, 240, 49, 240, 50, 240, 48, 240, 50, 240, 50, 240, 50, 240, 50, 240, 221, 3, 222, 3, 223, 3, 223, 3, 223, 3, 223, 3, 222, 3, 222, 3, 222, 3, 223, 3, 223, 3, 221, 3, 220, 3, 220, 3, 218, 3, 219, 3, 221, 3, 222, 3, 222, 3, 221, 3, 221, 3, 221, 3, 224, 3, 225, 3, 225, 3, 26, 0, 27, 0, 0, 18, 0, 18, 135]
1762250416892;F5:15:8C:96:83:4F;[32, 33, 149, 63, 0, 139, 63, 0, 134, 63, 0, 136, 63, 0, 150, 63, 0, 157, 63, 0, 160, 63, 0, 154, 63, 0, 151, 63, 0, 144, 63, 0, 152, 63, 0, 156, 63, 0, 154, 63, 0, 167, 63, 0, 162, 63, 0, 170, 63, 0, 163, 63, 0, 163, 63, 0, 157, 63, 0, 197, 63, 0, 142, 64, 0, 21, 66, 0, 174, 67, 0, 143, 69, 0, 11, 70, 0, 53, 0, 52, 0, 52, 0, 52, 0, 51, 0, 53, 0, 52, 0, 52, 0, 51, 0, 50, 0, 51, 0, 50, 0, 51, 0, 53, 0, 54, 0, 52, 0, 52, 0, 51, 0, 50, 0, 53, 0, 55, 0, 55, 0, 54, 0, 26, 0, 62, 0, 49, 240, 51, 240, 51, 240, 51, 240, 48, 240, 50, 240, 49, 240, 49, 240, 51, 240, 51, 240, 52, 240, 50, 240, 48, 240, 51, 240, 54, 240, 53, 240, 52, 240, 51, 240, 51, 240, 49, 240, 45, 240, 47, 240, 56, 240, 87, 240, 51, 240, 225, 3, 222, 3, 220, 3, 219, 3, 217, 3, 217, 3, 222, 3, 222, 3, 222, 3, 223, 3, 220, 3, 221, 3, 222, 3, 221, 3, 223, 3, 224, 3, 223, 3, 223, 3, 220, 3, 208, 3, 181, 3, 180, 3, 221, 3, 81, 4, 227, 3, 26, 0, 0, 18, 136]
1762250417200;F5:15:8C:96:83:4F;[32, 33, 216, 71, 0, 107, 73, 0, 225, 74, 0, 22, 76, 0, 223, 76, 0, 164, 78, 0, 236, 78, 0, 154, 81, 0, 28, 83, 0, 219, 85, 0, 34, 91, 0, 125, 94, 0, 250, 95, 0, 250, 96, 0, 177, 98, 0, 125, 99, 0, 216, 100, 0, 200, 102, 0, 145, 105, 0, 0, 108, 0, 185, 110, 0, 19, 112, 0, 229, 111, 0, 196, 110, 0, 154, 109, 0, 64, 0, 9, 0, 10, 0, 23, 0, 26, 0, 62, 0, 48, 0, 96, 0, 51, 0, 86, 0, 61, 0, 14, 0, 199, 255, 236, 255, 34, 0, 59, 0, 90, 0, 99, 0, 102, 0, 73, 0, 46, 0, 56, 0, 83, 0, 76, 0, 73, 0, 54, 240, 55, 240, 59, 240, 64, 240, 75, 240, 100, 240, 103, 240, 131, 240, 93, 240, 127, 240, 115, 240, 125, 240, 112, 240, 132, 240, 186, 240, 199, 240, 233, 240, 254, 240, 252, 240, 243, 240, 229, 240, 238, 240, 242, 240, 13, 241, 41, 241, 226, 3, 228, 3, 6, 4, 42, 4, 57, 4, 144, 4, 173, 4, 241, 4, 162, 4, 185, 4, 195, 4, 246, 4, 220, 4, 37, 5, 156, 5, 218, 5, 26, 6, 58, 6, 69, 6, 43, 6, 25, 6, 55, 6, 90, 6, 155, 6, 206, 6, 26, 0, 0, 18, 137]
1762250417416;F5:15:8C:96:83:4F;[32, 33, 46, 108, 0, 122, 106, 0, 215, 104, 0, 208, 102, 0, 1, 100, 0, 227, 96, 0, 212, 93, 0, 224, 90, 0, 135, 86, 0, 77, 83, 0, 60, 79, 0, 86, 75, 0, 208, 71, 0, 233, 68, 0, 108, 66, 0, 94, 64, 0, 183, 62, 0, 116, 61, 0, 103, 60, 0, 186, 59, 0, 44, 59, 0, 184, 58, 0, 120, 58, 0, 44, 58, 0, 231, 57, 0, 69, 0, 65, 0, 63, 0, 61, 0, 60, 0, 59, 0, 59, 0, 58, 0, 57, 0, 54, 0, 58, 0, 56, 0, 56, 0, 59, 0, 59, 0, 56, 0, 57, 0, 56, 0, 55, 0, 58, 0, 60, 0, 59, 0, 60, 0, 59, 0, 57, 0, 34, 241, 23, 241, 13, 241, 9, 241, 1, 241, 246, 240, 235, 240, 215, 240, 194, 240, 203, 240, 174, 240, 169, 240, 146, 240, 126, 240, 112, 240, 92, 240, 81, 240, 70, 240, 55, 240, 54, 240, 49, 240, 42, 240, 38, 240, 35, 240, 30, 240, 191, 6, 155, 6, 132, 6, 123, 6, 106, 6, 75, 6, 35, 6, 253, 5, 183, 5, 210, 5, 138, 5, 115, 5, 28, 5, 211, 4, 168, 4, 107, 4, 53, 4, 8, 4, 220, 3, 199, 3, 179, 3, 157, 3, 151, 3, 144, 3, 132, 3, 26, 0, 0, 18, 138]
1762250417698;F5:15:8C:96:83:4F;[36, 33, 191, 57, 0, 205, 57, 0, 244, 57, 0, 57, 58, 0, 206, 58, 0, 156, 59, 0, 126, 60, 0, 50, 61, 0, 177, 61, 0, 109, 62, 0, 229, 62, 0, 2, 63, 0, 171, 62, 0, 224, 61, 0, 3, 61, 0, 1, 60, 0, 227, 58, 0, 190, 57, 0, 144, 56, 0, 119, 55, 0, 105, 54, 0, 111, 53, 0, 110, 52, 0, 118, 51, 0, 135, 50, 0, 55, 0, 56, 0, 55, 0, 55, 0, 54, 0, 51, 0, 53, 0, 3, 0, 14, 0, 23, 0, 61, 0, 78, 0, 77, 0, 71, 0, 66, 0, 65, 0, 63, 0, 62, 0, 45, 0, 59, 0, 38, 0, 57, 0, 64, 0, 62, 0, 58, 0, 27, 240, 25, 240, 27, 240, 26, 240, 25, 240, 25, 240, 27, 240, 23, 240, 25, 240, 35, 240, 47, 240, 52, 240, 56, 240, 56, 240, 51, 240, 49, 240, 48, 240, 40, 240, 33, 240, 30, 240, 25, 240, 18, 240, 16, 240, 14, 240, 9, 240, 116, 3, 104, 3, 103, 3, 96, 3, 89, 3, 91, 3, 105, 3, 102, 3, 108, 3, 145, 3, 196, 3, 229, 3, 242, 3, 241, 3, 229, 3, 220, 3, 201, 3, 179, 3, 146, 3, 123, 3, 86, 3, 81, 3, 67, 3, 42, 3, 11, 3, 26, 0, 26, 0, 248, 17, 0, 18, 139]
1762250417891;F5:15:8C:96:83:4F;[32, 33, 52, 50, 0, 196, 50, 0, 147, 49, 0, 125, 47, 0, 64, 45, 0, 141, 43, 0, 43, 42, 0, 226, 40, 0, 38, 40, 0, 106, 40, 0, 85, 41, 0, 231, 39, 0, 223, 39, 0, 219, 39, 0, 120, 37, 0, 240, 36, 0, 244, 37, 0, 98, 39, 0, 119, 40, 0, 242, 40, 0, 17, 41, 0, 151, 40, 0, 242, 39, 0, 69, 39, 0, 198, 38, 0, 62, 0, 63, 0, 61, 0, 25, 0, 230, 255, 241, 255, 35, 0, 68, 0, 27, 0, 130, 0, 62, 0, 211, 255, 56, 0, 217, 255, 153, 254, 68, 254, 158, 254, 33, 255, 101, 255, 169, 255, 247, 255, 122, 0, 197, 0, 35, 1, 57, 1, 252, 239, 255, 239, 14, 240, 12, 240, 253, 239, 249, 239, 243, 239, 237, 239, 232, 239, 206, 239, 225, 239, 229, 239, 202, 239, 233, 239, 215, 239, 234, 239, 232, 239, 214, 239, 173, 239, 200, 239, 205, 239, 204, 239, 198, 239, 215, 239, 205, 239, 206, 2, 210, 2, 34, 3, 19, 3, 205, 2, 158, 2, 115, 2, 78, 2, 33, 2, 145, 1, 241, 1, 8, 2, 140, 1, 2, 2, 13, 2, 84, 2, 53, 2, 134, 1, 98, 1, 19, 1, 255, 0, 31, 1, 101, 1, 115, 1, 98, 1, 26, 0, 0, 18, 140]
1762250418200;F5:15:8C:96:83:4F;[32, 33, 175, 38, 0, 75, 38, 0, 223, 37, 0, 255, 37, 0, 26, 38, 0, 51, 38, 0, 71, 38, 0, 172, 38, 0, 41, 39, 0, 99, 39, 0, 186, 39, 0, 19, 40, 0, 173, 40, 0, 93, 41, 0, 236, 41, 0, 159, 42, 0, 63, 43, 0, 191, 43, 0, 39, 44, 0, 48, 44, 0, 34, 44, 0, 62, 44, 0, 118, 44, 0, 152, 44, 0, 152, 44, 0, 23, 1, 6, 1, 3, 1, 237, 0, 198, 0, 170, 0, 137, 0, 115, 0, 73, 0, 80, 0, 54, 0, 68, 0, 77, 0, 41, 0, 9, 0, 104, 0, 198, 0, 159, 0, 131, 0, 110, 0, 95, 0, 83, 0, 75, 0, 73, 0, 68, 0, 209, 239, 208, 239, 203, 239, 205, 239, 206, 239, 203, 239, 200, 239, 204, 239, 205, 239, 206, 239, 205, 239, 204, 239, 203, 239, 202, 239, 207, 239, 206, 239, 211, 239, 215, 239, 218, 239, 223, 239, 224, 239, 222, 239, 221, 239, 223, 239, 224, 239, 144, 1, 84, 1, 71, 1, 61, 1, 63, 1, 82, 1, 72, 1, 74, 1, 79, 1, 73, 1, 87, 1, 95, 1, 93, 1, 90, 1, 104, 1, 138, 1, 150, 1, 179, 1, 206, 1, 235, 1, 232, 1, 221, 1, 225, 1, 234, 1, 245, 1, 26, 0, 0, 18, 141]
1762250418444;F5:15:8C:96:83:4F;[32, 33, 139, 44, 0, 140, 44, 0, 141, 44, 0, 150, 44, 0, 171, 44, 0, 207, 44, 0, 250, 44, 0, 27, 45, 0, 60, 45, 0, 97, 45, 0, 156, 45, 0, 220, 45, 0, 29, 46, 0, 108, 46, 0, 188, 46, 0, 19, 47, 0, 78, 47, 0, 130, 47, 0, 150, 47, 0, 170, 47, 0, 179, 47, 0, 143, 47, 0, 91, 47, 0, 43, 47, 0, 11, 47, 0, 64, 0, 61, 0, 60, 0, 61, 0, 61, 0, 60, 0, 60, 0, 57, 0, 57, 0, 55, 0, 56, 0, 56, 0, 54, 0, 54, 0, 55, 0, 54, 0, 55, 0, 55, 0, 53, 0, 53, 0, 54, 0, 55, 0, 54, 0, 54, 0, 55, 0, 224, 239, 222, 239, 221, 239, 221, 239, 222, 239, 219, 239, 221, 239, 224, 239, 222, 239, 223, 239, 222, 239, 220, 239, 222, 239, 223, 239, 225, 239, 227, 239, 227, 239, 229, 239, 227, 239, 226, 239, 226, 239, 227, 239, 227, 239, 228, 239, 226, 239, 242, 1, 238, 1, 236, 1, 231, 1, 227, 1, 223, 1, 228, 1, 233, 1, 232, 1, 236, 1, 235, 1, 238, 1, 244, 1, 246, 1, 246, 1, 3, 2, 8, 2, 17, 2, 18, 2, 19, 2, 22, 2, 28, 2, 28, 2, 19, 2, 11, 2, 26, 0, 8, 18, 142]
1762250418640;F5:15:8C:96:83:4F;[36, 33, 2, 47, 0, 243, 46, 0, 227, 46, 0, 197, 46, 0, 166, 46, 0, 155, 46, 0, 117, 46, 0, 91, 46, 0, 48, 46, 0, 233, 45, 0, 153, 45, 0, 51, 45, 0, 24, 45, 0, 253, 44, 0, 254, 44, 0, 250, 44, 0, 218, 44, 0, 221, 44, 0, 185, 44, 0, 165, 44, 0, 130, 44, 0, 113, 44, 0, 111, 44, 0, 119, 44, 0, 119, 44, 0, 56, 0, 56, 0, 56, 0, 57, 0, 57, 0, 60, 0, 57, 0, 55, 0, 55, 0, 55, 0, 55, 0, 56, 0, 56, 0, 55, 0, 57, 0, 56, 0, 55, 0, 56, 0, 58, 0, 60, 0, 60, 0, 59, 0, 59, 0, 63, 0, 66, 0, 226, 239, 224, 239, 224, 239, 223, 239, 220, 239, 218, 239, 220, 239, 219, 239, 219, 239, 218, 239, 220, 239, 218, 239, 213, 239, 210, 239, 210, 239, 210, 239, 212, 239, 213, 239, 212, 239, 211, 239, 211, 239, 209, 239, 209, 239, 210, 239, 212, 239, 7, 2, 7, 2, 2, 2, 253, 1, 240, 1, 236, 1, 237, 1, 226, 1, 224, 1, 222, 1, 221, 1, 200, 1, 172, 1, 154, 1, 145, 1, 148, 1, 152, 1, 159, 1, 138, 1, 127, 1, 119, 1, 111, 1, 99, 1, 94, 1, 96, 1, 26, 0, 27, 0, 248, 17, 8, 18, 143]
1762250418906;F5:15:8C:96:83:4F;[32, 33, 95, 44, 0, 64, 44, 0, 39, 44, 0, 44, 44, 0, 41, 44, 0, 32, 44, 0, 255, 43, 0, 240, 43, 0, 243, 43, 0, 13, 44, 0, 13, 44, 0, 17, 44, 0, 246, 43, 0, 214, 43, 0, 199, 43, 0, 191, 43, 0, 222, 43, 0, 242, 43, 0, 244, 43, 0, 228, 43, 0, 232, 43, 0, 206, 43, 0, 205, 43, 0, 196, 43, 0, 180, 43, 0, 58, 0, 55, 0, 51, 0, 54, 0, 54, 0, 55, 0, 56, 0, 61, 0, 64, 0, 57, 0, 67, 0, 91, 0, 67, 0, 54, 0, 59, 0, 40, 0, 45, 0, 50, 0, 52, 0, 53, 0, 54, 0, 57, 0, 60, 0, 68, 0, 73, 0, 210, 239, 207, 239, 208, 239, 210, 239, 208, 239, 211, 239, 212, 239, 209, 239, 208, 239, 211, 239, 210, 239, 210, 239, 206, 239, 205, 239, 204, 239, 203, 239, 205, 239, 206, 239, 208, 239, 205, 239, 205, 239, 202, 239, 203, 239, 204, 239, 203, 239, 101, 1, 97, 1, 81, 1, 75, 1, 76, 1, 80, 1, 72, 1, 57, 1, 55, 1, 60, 1, 57, 1, 52, 1, 33, 1, 18, 1, 22, 1, 253, 0, 0, 1, 4, 1, 7, 1, 11, 1, 10, 1, 3, 1, 253, 0, 251, 0, 249, 0, 27, 0, 0, 18, 144]
1762250419187;F5:15:8C:96:83:4F;[32, 33, 163, 43, 0, 121, 43, 0, 95, 43, 0, 97, 43, 0, 125, 43, 0, 130, 43, 0, 128, 43, 0, 133, 43, 0, 128, 43, 0, 123, 43, 0, 100, 43, 0, 102, 43, 0, 97, 43, 0, 79, 43, 0, 58, 43, 0, 32, 43, 0, 5, 43, 0, 228, 42, 0, 191, 42, 0, 143, 42, 0, 72, 42, 0, 255, 41, 0, 194, 41, 0, 142, 41, 0, 94, 41, 0, 76, 0, 50, 0, 57, 0, 48, 0, 52, 0, 57, 0, 62, 0, 64, 0, 64, 0, 62, 0, 58, 0, 57, 0, 56, 0, 56, 0, 32, 0, 56, 0, 49, 0, 75, 0, 70, 0, 65, 0, 61, 0, 60, 0, 60, 0, 61, 0, 63, 0, 203, 239, 201, 239, 199, 239, 196, 239, 198, 239, 201, 239, 202, 239, 203, 239, 202, 239, 201, 239, 201, 239, 198, 239, 199, 239, 198, 239, 200, 239, 202, 239, 198, 239, 200, 239, 202, 239, 202, 239, 203, 239, 202, 239, 200, 239, 201, 239, 199, 239, 240, 0, 237, 0, 213, 0, 193, 0, 189, 0, 198, 0, 199, 0, 198, 0, 202, 0, 198, 0, 199, 0, 202, 0, 193, 0, 194, 0, 201, 0, 206, 0, 207, 0, 212, 0, 218, 0, 225, 0, 229, 0, 223, 0, 217, 0, 216, 0, 213, 0, 26, 0, 0, 18, 145]
1762250419419;F5:15:8C:96:83:4F;[32, 33, 73, 41, 0, 77, 41, 0, 75, 41, 0, 60, 41, 0, 54, 41, 0, 59, 41, 0, 56, 41, 0, 41, 41, 0, 4, 41, 0, 210, 40, 0, 172, 40, 0, 135, 40, 0, 109, 40, 0, 45, 40, 0, 217, 39, 0, 150, 39, 0, 118, 39, 0, 66, 39, 0, 21, 39, 0, 220, 38, 0, 168, 38, 0, 106, 38, 0, 54, 38, 0, 5, 38, 0, 250, 37, 0, 63, 0, 51, 0, 254, 255, 35, 0, 24, 0, 69, 0, 88, 0, 81, 0, 75, 0, 70, 0, 65, 0, 61, 0, 58, 0, 58, 0, 60, 0, 60, 0, 59, 0, 58, 0, 58, 0, 56, 0, 55, 0, 57, 0, 59, 0, 60, 0, 61, 0, 198, 239, 198, 239, 198, 239, 199, 239, 202, 239, 207, 239, 205, 239, 207, 239, 209, 239, 210, 239, 207, 239, 206, 239, 208, 239, 209, 239, 207, 239, 206, 239, 205, 239, 206, 239, 207, 239, 206, 239, 207, 239, 204, 239, 204, 239, 204, 239, 203, 239, 211, 0, 212, 0, 220, 0, 222, 0, 237, 0, 249, 0, 1, 1, 10, 1, 17, 1, 27, 1, 23, 1, 23, 1, 29, 1, 39, 1, 35, 1, 23, 1, 20, 1, 23, 1, 20, 1, 21, 1, 17, 1, 15, 1, 11, 1, 6, 1, 255, 0, 26, 0, 0, 18, 146]
1762250419685;F5:15:8C:96:83:4F;[36, 33, 238, 37, 0, 215, 37, 0, 189, 37, 0, 146, 37, 0, 104, 37, 0, 56, 37, 0, 3, 37, 0, 206, 36, 0, 144, 36, 0, 73, 36, 0, 250, 35, 0, 215, 35, 0, 166, 35, 0, 140, 35, 0, 127, 35, 0, 123, 35, 0, 129, 35, 0, 122, 35, 0, 124, 35, 0, 117, 35, 0, 107, 35, 0, 88, 35, 0, 59, 35, 0, 32, 35, 0, 16, 35, 0, 61, 0, 60, 0, 60, 0, 60, 0, 58, 0, 59, 0, 59, 0, 61, 0, 62, 0, 62, 0, 62, 0, 65, 0, 64, 0, 62, 0, 60, 0, 58, 0, 58, 0, 61, 0, 61, 0, 61, 0, 59, 0, 59, 0, 58, 0, 60, 0, 60, 0, 203, 239, 204, 239, 203, 239, 201, 239, 203, 239, 204, 239, 206, 239, 205, 239, 204, 239, 203, 239, 203, 239, 201, 239, 198, 239, 200, 239, 201, 239, 201, 239, 203, 239, 205, 239, 202, 239, 202, 239, 200, 239, 201, 239, 200, 239, 201, 239, 203, 239, 1, 1, 6, 1, 13, 1, 11, 1, 11, 1, 9, 1, 6, 1, 3, 1, 254, 0, 245, 0, 221, 0, 236, 0, 225, 0, 217, 0, 207, 0, 207, 0, 208, 0, 207, 0, 208, 0, 211, 0, 210, 0, 212, 0, 211, 0, 203, 0, 198, 0, 26, 0, 26, 0, 248, 17, 0, 18, 147]
1762250419913;F5:15:8C:96:83:4F;[32, 33, 12, 35, 0, 10, 35, 0, 245, 34, 0, 218, 34, 0, 163, 34, 0, 128, 34, 0, 97, 34, 0, 86, 34, 0, 79, 34, 0, 114, 34, 0, 188, 34, 0, 250, 34, 0, 32, 35, 0, 35, 35, 0, 74, 35, 0, 117, 35, 0, 221, 35, 0, 76, 36, 0, 214, 36, 0, 117, 37, 0, 11, 38, 0, 146, 38, 0, 85, 39, 0, 19, 40, 0, 209, 40, 0, 61, 0, 61, 0, 60, 0, 60, 0, 61, 0, 61, 0, 61, 0, 61, 0, 61, 0, 62, 0, 61, 0, 192, 190, 59, 0, 60, 0, 59, 0, 58, 0, 59, 0, 58, 0, 59, 0, 59, 0, 59, 0, 58, 0, 57, 0, 57, 0, 60, 0, 203, 239, 202, 239, 202, 239, 202, 239, 204, 239, 202, 239, 199, 239, 199, 239, 196, 239, 194, 239, 194, 239, 235, 202, 203, 239, 203, 239, 202, 239, 198, 239, 196, 239, 198, 239, 198, 239, 199, 239, 202, 239, 208, 239, 211, 239, 208, 239, 214, 239, 194, 0, 194, 0, 201, 0, 201, 0, 203, 0, 197, 0, 187, 0, 183, 0, 175, 0, 162, 0, 162, 0, 3, 0, 195, 0, 202, 0, 209, 0, 205, 0, 216, 0, 216, 0, 235, 0, 254, 0, 5, 1, 36, 1, 69, 1, 53, 1, 102, 1, 27, 0, 0, 18, 148]
1762250420123;F5:15:8C:96:83:4F;[32, 33, 172, 41, 0, 56, 42, 0, 179, 42, 0, 54, 43, 0, 59, 42, 0, 110, 40, 0, 215, 38, 0, 153, 37, 0, 59, 37, 0, 136, 37, 0, 8, 38, 0, 150, 38, 0, 0, 39, 0, 238, 38, 0, 134, 38, 0, 16, 38, 0, 181, 37, 0, 175, 37, 0, 202, 37, 0, 17, 38, 0, 87, 38, 0, 107, 38, 0, 61, 38, 0, 237, 37, 0, 166, 37, 0, 62, 0, 63, 0, 63, 0, 60, 0, 59, 0, 60, 0, 60, 0, 62, 0, 62, 0, 62, 0, 60, 0, 58, 0, 56, 0, 56, 0, 57, 0, 58, 0, 59, 0, 60, 0, 60, 0, 59, 0, 58, 0, 56, 0, 58, 0, 57, 0, 58, 0, 210, 239, 218, 239, 214, 239, 217, 239, 234, 239, 225, 239, 223, 239, 216, 239, 205, 239, 200, 239, 202, 239, 205, 239, 210, 239, 217, 239, 216, 239, 212, 239, 209, 239, 207, 239, 208, 239, 208, 239, 210, 239, 212, 239, 213, 239, 214, 239, 212, 239, 96, 1, 154, 1, 165, 1, 192, 1, 36, 2, 242, 1, 205, 1, 163, 1, 82, 1, 55, 1, 61, 1, 66, 1, 106, 1, 142, 1, 139, 1, 124, 1, 97, 1, 76, 1, 73, 1, 72, 1, 87, 1, 111, 1, 123, 1, 122, 1, 108, 1, 26, 0, 0, 18, 149]
1762250420409;F5:15:8C:96:83:4F;[32, 33, 131, 37, 0, 155, 37, 0, 179, 37, 0, 212, 37, 0, 221, 37, 0, 202, 37, 0, 172, 37, 0, 149, 37, 0, 141, 37, 0, 150, 37, 0, 162, 37, 0, 187, 37, 0, 206, 37, 0, 199, 37, 0, 187, 37, 0, 172, 37, 0, 170, 37, 0, 187, 37, 0, 196, 37, 0, 202, 37, 0, 205, 37, 0, 190, 37, 0, 175, 37, 0, 166, 37, 0, 174, 37, 0, 58, 0, 61, 0, 60, 0, 61, 0, 60, 0, 58, 0, 59, 0, 60, 0, 60, 0, 61, 0, 59, 0, 59, 0, 57, 0, 57, 0, 57, 0, 58, 0, 57, 0, 57, 0, 57, 0, 57, 0, 57, 0, 57, 0, 58, 0, 58, 0, 59, 0, 206, 239, 205, 239, 208, 239, 211, 239, 213, 239, 211, 239, 211, 239, 212, 239, 211, 239, 209, 239, 210, 239, 214, 239, 215, 239, 216, 239, 213, 239, 211, 239, 209, 239, 207, 239, 207, 239, 208, 239, 210, 239, 209, 239, 210, 239, 211, 239, 210, 239, 89, 1, 82, 1, 82, 1, 91, 1, 99, 1, 103, 1, 103, 1, 99, 1, 94, 1, 90, 1, 87, 1, 90, 1, 97, 1, 100, 1, 102, 1, 98, 1, 92, 1, 87, 1, 88, 1, 91, 1, 97, 1, 98, 1, 97, 1, 94, 1, 91, 1, 26, 0, 0, 18, 150]
1762250420628;F5:15:8C:96:83:4F;[36, 33, 178, 37, 0, 185, 37, 0, 191, 37, 0, 187, 37, 0, 172, 37, 0, 170, 37, 0, 166, 37, 0, 167, 37, 0, 182, 37, 0, 186, 37, 0, 187, 37, 0, 179, 37, 0, 174, 37, 0, 174, 37, 0, 184, 37, 0, 182, 37, 0, 187, 37, 0, 187, 37, 0, 177, 37, 0, 176, 37, 0, 175, 37, 0, 177, 37, 0, 179, 37, 0, 180, 37, 0, 179, 37, 0, 59, 0, 58, 0, 58, 0, 58, 0, 59, 0, 61, 0, 61, 0, 59, 0, 60, 0, 57, 0, 55, 0, 56, 0, 58, 0, 59, 0, 61, 0, 60, 0, 60, 0, 57, 0, 56, 0, 56, 0, 57, 0, 60, 0, 58, 0, 58, 0, 59, 0, 208, 239, 209, 239, 211, 239, 209, 239, 208, 239, 207, 239, 209, 239, 211, 239, 212, 239, 211, 239, 212, 239, 213, 239, 212, 239, 211, 239, 210, 239, 209, 239, 209, 239, 209, 239, 209, 239, 211, 239, 211, 239, 207, 239, 203, 239, 208, 239, 210, 239, 92, 1, 92, 1, 95, 1, 97, 1, 96, 1, 95, 1, 91, 1, 89, 1, 89, 1, 91, 1, 92, 1, 93, 1, 94, 1, 92, 1, 90, 1, 92, 1, 94, 1, 94, 1, 95, 1, 95, 1, 93, 1, 92, 1, 91, 1, 90, 1, 90, 1, 26, 0, 26, 0, 0, 18, 0, 18, 151]
1762250420932;F5:15:8C:96:83:4F;[32, 33, 178, 37, 0, 176, 37, 0, 178, 37, 0, 179, 37, 0, 183, 37, 0, 188, 37, 0, 191, 37, 0, 183, 37, 0, 175, 37, 0, 174, 37, 0, 170, 37, 0, 176, 37, 0, 184, 37, 0, 186, 37, 0, 186, 37, 0, 194, 37, 0, 180, 37, 0, 171, 37, 0, 169, 37, 0, 183, 37, 0, 191, 37, 0, 189, 37, 0, 183, 37, 0, 177, 37, 0, 172, 37, 0, 58, 0, 57, 0, 57, 0, 58, 0, 62, 0, 63, 0, 60, 0, 59, 0, 55, 0, 53, 0, 52, 0, 56, 0, 58, 0, 60, 0, 62, 0, 61, 0, 60, 0, 58, 0, 56, 0, 57, 0, 58, 0, 60, 0, 60, 0, 60, 0, 59, 0, 210, 239, 214, 239, 213, 239, 211, 239, 210, 239, 209, 239, 211, 239, 213, 239, 212, 239, 211, 239, 211, 239, 210, 239, 208, 239, 209, 239, 211, 239, 210, 239, 209, 239, 209, 239, 211, 239, 211, 239, 212, 239, 214, 239, 215, 239, 212, 239, 209, 239, 91, 1, 92, 1, 91, 1, 92, 1, 93, 1, 94, 1, 95, 1, 95, 1, 94, 1, 93, 1, 91, 1, 90, 1, 91, 1, 93, 1, 96, 1, 97, 1, 98, 1, 94, 1, 93, 1, 93, 1, 94, 1, 95, 1, 98, 1, 98, 1, 96, 1, 26, 0, 0, 18, 152]
1762250421169;F5:15:8C:96:83:4F;[32, 33, 172, 37, 0, 169, 37, 0, 178, 37, 0, 188, 37, 0, 192, 37, 0, 189, 37, 0, 177, 37, 0, 173, 37, 0, 182, 37, 0, 186, 37, 0, 185, 37, 0, 187, 37, 0, 187, 37, 0, 183, 37, 0, 178, 37, 0, 170, 37, 0, 176, 37, 0, 185, 37, 0, 185, 37, 0, 180, 37, 0, 183, 37, 0, 178, 37, 0, 191, 37, 0, 185, 37, 0, 198, 37, 0, 60, 0, 59, 0, 59, 0, 59, 0, 58, 0, 58, 0, 58, 0, 59, 0, 57, 0, 58, 0, 57, 0, 58, 0, 60, 0, 60, 0, 59, 0, 58, 0, 57, 0, 58, 0, 57, 0, 57, 0, 59, 0, 59, 0, 61, 0, 60, 0, 60, 0, 207, 239, 205, 239, 205, 239, 205, 239, 205, 239, 207, 239, 207, 239, 210, 239, 212, 239, 211, 239, 209, 239, 207, 239, 207, 239, 208, 239, 210, 239, 210, 239, 212, 239, 210, 239, 210, 239, 210, 239, 209, 239, 208, 239, 207, 239, 209, 239, 208, 239, 94, 1, 93, 1, 93, 1, 94, 1, 98, 1, 100, 1, 99, 1, 98, 1, 95, 1, 94, 1, 94, 1, 95, 1, 96, 1, 96, 1, 96, 1, 95, 1, 94, 1, 94, 1, 94, 1, 95, 1, 95, 1, 95, 1, 96, 1, 96, 1, 96, 1, 26, 0, 0, 18, 153]
1762250421432;F5:15:8C:96:83:4F;[32, 33, 206, 37, 0, 202, 37, 0, 210, 37, 0, 204, 37, 0, 202, 37, 0, 206, 37, 0, 203, 37, 0, 198, 37, 0, 196, 37, 0, 193, 37, 0, 190, 37, 0, 190, 37, 0, 183, 37, 0, 181, 37, 0, 183, 37, 0, 175, 37, 0, 175, 37, 0, 166, 37, 0, 162, 37, 0, 170, 37, 0, 174, 37, 0, 177, 37, 0, 182, 37, 0, 184, 37, 0, 177, 37, 0, 61, 0, 61, 0, 61, 0, 59, 0, 58, 0, 56, 0, 58, 0, 57, 0, 58, 0, 56, 0, 57, 0, 58, 0, 59, 0, 59, 0, 60, 0, 58, 0, 56, 0, 55, 0, 57, 0, 58, 0, 60, 0, 59, 0, 58, 0, 58, 0, 58, 0, 207, 239, 206, 239, 205, 239, 205, 239, 204, 239, 207, 239, 207, 239, 207, 239, 205, 239, 206, 239, 207, 239, 207, 239, 208, 239, 211, 239, 210, 239, 209, 239, 208, 239, 209, 239, 207, 239, 208, 239, 209, 239, 210, 239, 212, 239, 211, 239, 211, 239, 97, 1, 97, 1, 96, 1, 96, 1, 95, 1, 93, 1, 91, 1, 91, 1, 92, 1, 93, 1, 95, 1, 95, 1, 96, 1, 95, 1, 93, 1, 94, 1, 95, 1, 94, 1, 93, 1, 92, 1, 91, 1, 91, 1, 92, 1, 94, 1, 95, 1, 27, 0, 0, 18, 154]
1762250421656;F5:15:8C:96:83:4F;[36, 33, 178, 37, 0, 170, 37, 0, 177, 37, 0, 182, 37, 0, 181, 37, 0, 180, 37, 0, 177, 37, 0, 177, 37, 0, 173, 37, 0, 174, 37, 0, 178, 37, 0, 179, 37, 0, 183, 37, 0, 211, 37, 0, 235, 37, 0, 235, 37, 0, 226, 37, 0, 226, 37, 0, 216, 37, 0, 225, 37, 0, 215, 37, 0, 210, 37, 0, 215, 37, 0, 215, 37, 0, 206, 37, 0, 57, 0, 57, 0, 59, 0, 60, 0, 59, 0, 59, 0, 58, 0, 56, 0, 56, 0, 55, 0, 56, 0, 60, 0, 59, 0, 58, 0, 58, 0, 57, 0, 56, 0, 56, 0, 56, 0, 59, 0, 61, 0, 60, 0, 60, 0, 58, 0, 57, 0, 209, 239, 210, 239, 206, 239, 204, 239, 206, 239, 209, 239, 210, 239, 209, 239, 211, 239, 209, 239, 207, 239, 207, 239, 206, 239, 205, 239, 207, 239, 207, 239, 208, 239, 210, 239, 208, 239, 209, 239, 208, 239, 210, 239, 210, 239, 208, 239, 207, 239, 92, 1, 91, 1, 92, 1, 92, 1, 93, 1, 95, 1, 94, 1, 91, 1, 89, 1, 88, 1, 90, 1, 92, 1, 94, 1, 95, 1, 94, 1, 93, 1, 92, 1, 91, 1, 91, 1, 92, 1, 93, 1, 93, 1, 92, 1, 92, 1, 89, 1, 26, 0, 26, 0, 0, 18, 0, 18, 155]
1762250421937;F5:15:8C:96:83:4F;[32, 33, 212, 37, 0, 202, 37, 0, 183, 37, 0, 164, 37, 0, 164, 37, 0, 156, 37, 0, 159, 37, 0, 169, 37, 0, 164, 37, 0, 160, 37, 0, 161, 37, 0, 167, 37, 0, 164, 37, 0, 175, 37, 0, 181, 37, 0, 180, 37, 0, 181, 37, 0, 175, 37, 0, 181, 37, 0, 183, 37, 0, 179, 37, 0, 177, 37, 0, 179, 37, 0, 160, 37, 0, 160, 37, 0, 63, 0, 64, 0, 60, 0, 61, 0, 59, 0, 57, 0, 63, 0, 59, 0, 59, 0, 62, 0, 61, 0, 59, 0, 61, 0, 61, 0, 59, 0, 60, 0, 59, 0, 59, 0, 58, 0, 59, 0, 58, 0, 59, 0, 57, 0, 55, 0, 57, 0, 211, 239, 203, 239, 208, 239, 214, 239, 216, 239, 205, 239, 214, 239, 214, 239, 205, 239, 205, 239, 210, 239, 209, 239, 203, 239, 209, 239, 216, 239, 215, 239, 219, 239, 208, 239, 212, 239, 209, 239, 207, 239, 207, 239, 201, 239, 198, 239, 195, 239, 90, 1, 97, 1, 95, 1, 93, 1, 92, 1, 93, 1, 90, 1, 93, 1, 93, 1, 91, 1, 91, 1, 90, 1, 91, 1, 91, 1, 91, 1, 91, 1, 92, 1, 96, 1, 91, 1, 90, 1, 91, 1, 93, 1, 94, 1, 95, 1, 93, 1, 26, 0, 248, 17, 156]
1762250422127;F5:15:8C:96:83:4F;[32, 33, 162, 37, 0, 178, 37, 0, 182, 37, 0, 177, 37, 0, 176, 37, 0, 174, 37, 0, 172, 37, 0, 178, 37, 0, 183, 37, 0, 178, 37, 0, 177, 37, 0, 175, 37, 0, 179, 37, 0, 177, 37, 0, 176, 37, 0, 172, 37, 0, 170, 37, 0, 168, 37, 0, 178, 37, 0, 181, 37, 0, 184, 37, 0, 180, 37, 0, 178, 37, 0, 168, 37, 0, 172, 37, 0, 60, 0, 60, 0, 59, 0, 59, 0, 58, 0, 59, 0, 60, 0, 59, 0, 58, 0, 60, 0, 60, 0, 60, 0, 57, 0, 58, 0, 56, 0, 57, 0, 59, 0, 61, 0, 65, 0, 64, 0, 63, 0, 60, 0, 58, 0, 56, 0, 58, 0, 200, 239, 199, 239, 201, 239, 207, 239, 211, 239, 214, 239, 212, 239, 213, 239, 213, 239, 212, 239, 212, 239, 211, 239, 213, 239, 210, 239, 210, 239, 207, 239, 210, 239, 210, 239, 210, 239, 209, 239, 209, 239, 210, 239, 207, 239, 209, 239, 211, 239, 91, 1, 93, 1, 96, 1, 95, 1, 95, 1, 91, 1, 90, 1, 91, 1, 92, 1, 94, 1, 94, 1, 93, 1, 92, 1, 92, 1, 93, 1, 92, 1, 90, 1, 87, 1, 89, 1, 90, 1, 91, 1, 92, 1, 92, 1, 89, 1, 89, 1, 26, 0, 0, 18, 157]
1762250422416;F5:15:8C:96:83:4F;[32, 33, 178, 37, 0, 178, 37, 0, 184, 37, 0, 180, 37, 0, 168, 37, 0, 162, 37, 0, 167, 37, 0, 179, 37, 0, 191, 37, 0, 195, 37, 0, 184, 37, 0, 175, 37, 0, 161, 37, 0, 167, 37, 0, 173, 37, 0, 179, 37, 0, 185, 37, 0, 182, 37, 0, 173, 37, 0, 175, 37, 0, 176, 37, 0, 175, 37, 0, 180, 37, 0, 185, 37, 0, 176, 37, 0, 60, 0, 60, 0, 62, 0, 59, 0, 58, 0, 57, 0, 57, 0, 59, 0, 59, 0, 60, 0, 58, 0, 58, 0, 59, 0, 59, 0, 61, 0, 61, 0, 60, 0, 62, 0, 62, 0, 61, 0, 61, 0, 60, 0, 60, 0, 60, 0, 59, 0, 208, 239, 213, 239, 212, 239, 212, 239, 210, 239, 211, 239, 207, 239, 206, 239, 207, 239, 208, 239, 208, 239, 208, 239, 209, 239, 207, 239, 208, 239, 210, 239, 211, 239, 211, 239, 209, 239, 208, 239, 210, 239, 210, 239, 208, 239, 211, 239, 215, 239, 89, 1, 91, 1, 94, 1, 95, 1, 94, 1, 90, 1, 86, 1, 89, 1, 90, 1, 91, 1, 93, 1, 93, 1, 89, 1, 88, 1, 89, 1, 88, 1, 89, 1, 92, 1, 92, 1, 91, 1, 88, 1, 89, 1, 89, 1, 90, 1, 88, 1, 26, 0, 248, 17, 158]
1762250422647;F5:15:8C:96:83:4F;[36, 33, 173, 37, 0, 161, 37, 0, 174, 37, 0, 182, 37, 0, 174, 37, 0, 177, 37, 0, 175, 37, 0, 171, 37, 0, 173, 37, 0, 169, 37, 0, 174, 37, 0, 172, 37, 0, 174, 37, 0, 170, 37, 0, 174, 37, 0, 167, 37, 0, 163, 37, 0, 163, 37, 0, 170, 37, 0, 178, 37, 0, 176, 37, 0, 175, 37, 0, 168, 37, 0, 162, 37, 0, 158, 37, 0, 58, 0, 58, 0, 57, 0, 56, 0, 58, 0, 60, 0, 60, 0, 57, 0, 56, 0, 57, 0, 58, 0, 59, 0, 59, 0, 60, 0, 60, 0, 58, 0, 58, 0, 58, 0, 60, 0, 61, 0, 61, 0, 60, 0, 58, 0, 56, 0, 57, 0, 213, 239, 212, 239, 210, 239, 212, 239, 209, 239, 209, 239, 211, 239, 211, 239, 212, 239, 208, 239, 206, 239, 208, 239, 207, 239, 207, 239, 207, 239, 206, 239, 205, 239, 207, 239, 207, 239, 209, 239, 209, 239, 206, 239, 205, 239, 206, 239, 205, 239, 89, 1, 88, 1, 89, 1, 88, 1, 91, 1, 90, 1, 92, 1, 94, 1, 92, 1, 91, 1, 92, 1, 90, 1, 91, 1, 91, 1, 90, 1, 89, 1, 89, 1, 88, 1, 89, 1, 93, 1, 96, 1, 96, 1, 96, 1, 93, 1, 91, 1, 26, 0, 26, 0, 0, 18, 0, 18, 159]
1762250422920;F5:15:8C:96:83:4F;[32, 33, 171, 37, 0, 174, 37, 0, 179, 37, 0, 174, 37, 0, 162, 37, 0, 162, 37, 0, 161, 37, 0, 165, 37, 0, 171, 37, 0, 168, 37, 0, 166, 37, 0, 163, 37, 0, 160, 37, 0, 159, 37, 0, 162, 37, 0, 162, 37, 0, 169, 37, 0, 168, 37, 0, 165, 37, 0, 160, 37, 0, 159, 37, 0, 158, 37, 0, 159, 37, 0, 154, 37, 0, 164, 37, 0, 56, 0, 59, 0, 60, 0, 60, 0, 60, 0, 60, 0, 58, 0, 58, 0, 58, 0, 58, 0, 57, 0, 56, 0, 58, 0, 58, 0, 59, 0, 59, 0, 58, 0, 59, 0, 59, 0, 57, 0, 57, 0, 56, 0, 57, 0, 58, 0, 58, 0, 204, 239, 203, 239, 208, 239, 209, 239, 209, 239, 208, 239, 208, 239, 209, 239, 209, 239, 209, 239, 211, 239, 212, 239, 211, 239, 210, 239, 208, 239, 207, 239, 208, 239, 208, 239, 209, 239, 207, 239, 207, 239, 206, 239, 206, 239, 206, 239, 205, 239, 92, 1, 92, 1, 91, 1, 92, 1, 91, 1, 91, 1, 89, 1, 91, 1, 90, 1, 93, 1, 94, 1, 93, 1, 93, 1, 93, 1, 92, 1, 94, 1, 93, 1, 93, 1, 93, 1, 93, 1, 92, 1, 93, 1, 90, 1, 88, 1, 88, 1, 26, 0, 248, 17, 160]
1762250423156;F5:15:8C:96:83:4F;[32, 33, 163, 37, 0, 163, 37, 0, 160, 37, 0, 158, 37, 0, 158, 37, 0, 156, 37, 0, 158, 37, 0, 153, 37, 0, 161, 37, 0, 158, 37, 0, 155, 37, 0, 152, 37, 0, 149, 37, 0, 144, 37, 0, 159, 37, 0, 154, 37, 0, 156, 37, 0, 149, 37, 0, 152, 37, 0, 153, 37, 0, 150, 37, 0, 153, 37, 0, 150, 37, 0, 152, 37, 0, 147, 37, 0, 60, 0, 59, 0, 56, 0, 56, 0, 57, 0, 56, 0, 57, 0, 59, 0, 63, 0, 62, 0, 60, 0, 59, 0, 57, 0, 57, 0, 57, 0, 59, 0, 61, 0, 61, 0, 62, 0, 60, 0, 57, 0, 56, 0, 56, 0, 57, 0, 58, 0, 207, 239, 207, 239, 210, 239, 211, 239, 208, 239, 209, 239, 209, 239, 210, 239, 209, 239, 208, 239, 208, 239, 208, 239, 205, 239, 204, 239, 205, 239, 206, 239, 205, 239, 204, 239, 206, 239, 210, 239, 210, 239, 211, 239, 212, 239, 211, 239, 208, 239, 90, 1, 92, 1, 92, 1, 92, 1, 91, 1, 90, 1, 87, 1, 89, 1, 92, 1, 93, 1, 93, 1, 91, 1, 90, 1, 89, 1, 88, 1, 93, 1, 94, 1, 92, 1, 93, 1, 90, 1, 90, 1, 89, 1, 92, 1, 93, 1, 91, 1, 26, 0, 0, 18, 161]
1762250423398;F5:15:8C:96:83:4F;[32, 33, 145, 37, 0, 146, 37, 0, 153, 37, 0, 156, 37, 0, 154, 37, 0, 142, 37, 0, 136, 37, 0, 136, 37, 0, 149, 37, 0, 150, 37, 0, 152, 37, 0, 147, 37, 0, 136, 37, 0, 135, 37, 0, 141, 37, 0, 145, 37, 0, 155, 37, 0, 144, 37, 0, 138, 37, 0, 141, 37, 0, 137, 37, 0, 141, 37, 0, 145, 37, 0, 144, 37, 0, 139, 37, 0, 61, 0, 63, 0, 61, 0, 58, 0, 57, 0, 55, 0, 56, 0, 56, 0, 58, 0, 59, 0, 57, 0, 56, 0, 56, 0, 57, 0, 55, 0, 56, 0, 59, 0, 61, 0, 63, 0, 63, 0, 61, 0, 57, 0, 57, 0, 56, 0, 57, 0, 206, 239, 207, 239, 209, 239, 209, 239, 208, 239, 211, 239, 212, 239, 212, 239, 211, 239, 212, 239, 211, 239, 209, 239, 210, 239, 208, 239, 208, 239, 208, 239, 206, 239, 206, 239, 211, 239, 210, 239, 209, 239, 208, 239, 209, 239, 211, 239, 211, 239, 90, 1, 90, 1, 89, 1, 90, 1, 91, 1, 89, 1, 86, 1, 84, 1, 86, 1, 88, 1, 90, 1, 91, 1, 91, 1, 89, 1, 86, 1, 88, 1, 92, 1, 91, 1, 90, 1, 90, 1, 89, 1, 89, 1, 88, 1, 90, 1, 90, 1, 26, 0, 0, 18, 162]
1762250423622;F5:15:8C:96:83:4F;[36, 33, 140, 37, 0, 135, 37, 0, 145, 37, 0, 138, 37, 0, 144, 37, 0, 142, 37, 0, 138, 37, 0, 135, 37, 0, 139, 37, 0, 142, 37, 0, 138, 37, 0, 134, 37, 0, 127, 37, 0, 128, 37, 0, 130, 37, 0, 135, 37, 0, 139, 37, 0, 142, 37, 0, 146, 37, 0, 132, 37, 0, 126, 37, 0, 127, 37, 0, 126, 37, 0, 131, 37, 0, 140, 37, 0, 60, 0, 61, 0, 60, 0, 58, 0, 58, 0, 57, 0, 57, 0, 58, 0, 59, 0, 58, 0, 60, 0, 59, 0, 56, 0, 56, 0, 56, 0, 59, 0, 61, 0, 63, 0, 61, 0, 58, 0, 54, 0, 55, 0, 54, 0, 54, 0, 59, 0, 206, 239, 208, 239, 209, 239, 208, 239, 209, 239, 210, 239, 209, 239, 206, 239, 208, 239, 210, 239, 211, 239, 208, 239, 207, 239, 209, 239, 206, 239, 205, 239, 207, 239, 210, 239, 212, 239, 212, 239, 214, 239, 207, 239, 208, 239, 206, 239, 214, 239, 91, 1, 89, 1, 91, 1, 93, 1, 93, 1, 94, 1, 92, 1, 91, 1, 92, 1, 94, 1, 94, 1, 96, 1, 95, 1, 91, 1, 90, 1, 89, 1, 91, 1, 92, 1, 93, 1, 94, 1, 92, 1, 89, 1, 92, 1, 93, 1, 91, 1, 26, 0, 27, 0, 0, 18, 0, 18, 163]
1762250423860;F5:15:8C:96:83:4F;[32, 33, 135, 37, 0, 134, 37, 0, 124, 37, 0, 129, 37, 0, 126, 37, 0, 129, 37, 0, 123, 37, 0, 133, 37, 0, 130, 37, 0, 130, 37, 0, 126, 37, 0, 131, 37, 0, 131, 37, 0, 119, 37, 0, 128, 37, 0, 119, 37, 0, 126, 37, 0, 128, 37, 0, 135, 37, 0, 131, 37, 0, 121, 37, 0, 122, 37, 0, 127, 37, 0, 127, 37, 0, 125, 37, 0, 60, 0, 57, 0, 58, 0, 59, 0, 55, 0, 55, 0, 56, 0, 56, 0, 57, 0, 60, 0, 60, 0, 59, 0, 58, 0, 59, 0, 58, 0, 59, 0, 62, 0, 60, 0, 60, 0, 58, 0, 59, 0, 59, 0, 60, 0, 60, 0, 60, 0, 210, 239, 212, 239, 210, 239, 208, 239, 208, 239, 207, 239, 208, 239, 209, 239, 206, 239, 206, 239, 210, 239, 209, 239, 204, 239, 204, 239, 207, 239, 206, 239, 205, 239, 208, 239, 212, 239, 210, 239, 209, 239, 211, 239, 211, 239, 208, 239, 205, 239, 92, 1, 92, 1, 92, 1, 89, 1, 89, 1, 89, 1, 88, 1, 86, 1, 88, 1, 88, 1, 86, 1, 87, 1, 89, 1, 91, 1, 91, 1, 90, 1, 90, 1, 91, 1, 91, 1, 93, 1, 91, 1, 90, 1, 88, 1, 91, 1, 93, 1, 26, 0, 248, 17, 164]
1762250424147;F5:15:8C:96:83:4F;[32, 33, 122, 37, 0, 126, 37, 0, 120, 37, 0, 123, 37, 0, 126, 37, 0, 125, 37, 0, 130, 37, 0, 129, 37, 0, 122, 37, 0, 120, 37, 0, 127, 37, 0, 119, 37, 0, 121, 37, 0, 123, 37, 0, 119, 37, 0, 123, 37, 0, 127, 37, 0, 121, 37, 0, 120, 37, 0, 117, 37, 0, 123, 37, 0, 122, 37, 0, 122, 37, 0, 118, 37, 0, 126, 37, 0, 60, 0, 60, 0, 59, 0, 58, 0, 59, 0, 60, 0, 59, 0, 60, 0, 62, 0, 60, 0, 60, 0, 59, 0, 58, 0, 61, 0, 62, 0, 61, 0, 62, 0, 61, 0, 57, 0, 56, 0, 56, 0, 57, 0, 57, 0, 59, 0, 59, 0, 209, 239, 210, 239, 210, 239, 210, 239, 212, 239, 214, 239, 211, 239, 210, 239, 211, 239, 208, 239, 201, 239, 206, 239, 205, 239, 205, 239, 211, 239, 211, 239, 211, 239, 212, 239, 210, 239, 210, 239, 210, 239, 210, 239, 208, 239, 210, 239, 212, 239, 92, 1, 90, 1, 90, 1, 89, 1, 86, 1, 87, 1, 90, 1, 92, 1, 90, 1, 89, 1, 91, 1, 90, 1, 89, 1, 89, 1, 88, 1, 89, 1, 90, 1, 88, 1, 89, 1, 88, 1, 87, 1, 87, 1, 90, 1, 90, 1, 88, 1, 26, 0, 0, 18, 165]
1762250424366;F5:15:8C:96:83:4F;[32, 33, 118, 37, 0, 117, 37, 0, 120, 37, 0, 124, 37, 0, 116, 37, 0, 119, 37, 0, 120, 37, 0, 123, 37, 0, 118, 37, 0, 112, 37, 0, 117, 37, 0, 112, 37, 0, 122, 37, 0, 117, 37, 0, 117, 37, 0, 115, 37, 0, 118, 37, 0, 119, 37, 0, 118, 37, 0, 117, 37, 0, 117, 37, 0, 110, 37, 0, 116, 37, 0, 131, 37, 0, 116, 37, 0, 57, 0, 57, 0, 58, 0, 58, 0, 60, 0, 60, 0, 61, 0, 62, 0, 61, 0, 59, 0, 59, 0, 59, 0, 59, 0, 60, 0, 60, 0, 60, 0, 59, 0, 60, 0, 56, 0, 56, 0, 55, 0, 57, 0, 56, 0, 57, 0, 56, 0, 213, 239, 213, 239, 212, 239, 210, 239, 210, 239, 209, 239, 205, 239, 207, 239, 208, 239, 207, 239, 208, 239, 210, 239, 211, 239, 210, 239, 210, 239, 212, 239, 212, 239, 209, 239, 206, 239, 208, 239, 210, 239, 212, 239, 212, 239, 211, 239, 210, 239, 88, 1, 90, 1, 89, 1, 89, 1, 88, 1, 89, 1, 89, 1, 89, 1, 89, 1, 90, 1, 89, 1, 89, 1, 87, 1, 89, 1, 90, 1, 89, 1, 89, 1, 89, 1, 93, 1, 91, 1, 90, 1, 88, 1, 88, 1, 90, 1, 89, 1, 26, 0, 0, 18, 166]
1762250424648;F5:15:8C:96:83:4F;[36, 33, 117, 37, 0, 113, 37, 0, 120, 37, 0, 120, 37, 0, 126, 37, 0, 117, 37, 0, 112, 37, 0, 114, 37, 0, 114, 37, 0, 119, 37, 0, 118, 37, 0, 111, 37, 0, 113, 37, 0, 120, 37, 0, 120, 37, 0, 116, 37, 0, 117, 37, 0, 117, 37, 0, 122, 37, 0, 123, 37, 0, 120, 37, 0, 118, 37, 0, 116, 37, 0, 119, 37, 0, 119, 37, 0, 59, 0, 61, 0, 59, 0, 59, 0, 59, 0, 61, 0, 60, 0, 58, 0, 59, 0, 58, 0, 56, 0, 58, 0, 58, 0, 58, 0, 61, 0, 61, 0, 61, 0, 61, 0, 60, 0, 59, 0, 59, 0, 58, 0, 60, 0, 59, 0, 59, 0, 209, 239, 210, 239, 209, 239, 209, 239, 207, 239, 207, 239, 208, 239, 209, 239, 210, 239, 211, 239, 209, 239, 208, 239, 209, 239, 208, 239, 206, 239, 209, 239, 210, 239, 209, 239, 212, 239, 210, 239, 211, 239, 211, 239, 210, 239, 210, 239, 210, 239, 89, 1, 88, 1, 89, 1, 90, 1, 92, 1, 93, 1, 94, 1, 92, 1, 92, 1, 89, 1, 90, 1, 89, 1, 89, 1, 87, 1, 88, 1, 88, 1, 89, 1, 88, 1, 90, 1, 92, 1, 93, 1, 93, 1, 92, 1, 91, 1, 90, 1, 26, 0, 26, 0, 0, 18, 248, 17, 167]
1762250424886;F5:15:8C:96:83:4F;[32, 33, 122, 37, 0, 116, 37, 0, 114, 37, 0, 116, 37, 0, 123, 37, 0, 121, 37, 0, 121, 37, 0, 119, 37, 0, 118, 37, 0, 121, 37, 0, 123, 37, 0, 120, 37, 0, 125, 37, 0, 118, 37, 0, 120, 37, 0, 114, 37, 0, 119, 37, 0, 122, 37, 0, 117, 37, 0, 114, 37, 0, 120, 37, 0, 120, 37, 0, 119, 37, 0, 112, 37, 0, 119, 37, 0, 60, 0, 57, 0, 58, 0, 60, 0, 58, 0, 57, 0, 57, 0, 58, 0, 57, 0, 57, 0, 58, 0, 58, 0, 60, 0, 59, 0, 59, 0, 58, 0, 58, 0, 59, 0, 60, 0, 59, 0, 58, 0, 58, 0, 59, 0, 59, 0, 59, 0, 208, 239, 205, 239, 208, 239, 208, 239, 207, 239, 207, 239, 208, 239, 208, 239, 208, 239, 207, 239, 211, 239, 211, 239, 210, 239, 210, 239, 212, 239, 212, 239, 211, 239, 207, 239, 207, 239, 206, 239, 209, 239, 210, 239, 208, 239, 206, 239, 208, 239, 93, 1, 91, 1, 92, 1, 90, 1, 90, 1, 89, 1, 87, 1, 91, 1, 91, 1, 91, 1, 92, 1, 92, 1, 93, 1, 91, 1, 90, 1, 89, 1, 88, 1, 88, 1, 88, 1, 87, 1, 87, 1, 89, 1, 88, 1, 88, 1, 89, 1, 27, 0, 248, 17, 168]
1762250425133;F5:15:8C:96:83:4F;[32, 33, 129, 37, 0, 122, 37, 0, 123, 37, 0, 123, 37, 0, 122, 37, 0, 115, 37, 0, 111, 37, 0, 122, 37, 0, 123, 37, 0, 125, 37, 0, 121, 37, 0, 118, 37, 0, 119, 37, 0, 126, 37, 0, 122, 37, 0, 121, 37, 0, 122, 37, 0, 123, 37, 0, 126, 37, 0, 128, 37, 0, 118, 37, 0, 112, 37, 0, 123, 37, 0, 124, 37, 0, 121, 37, 0, 59, 0, 59, 0, 59, 0, 56, 0, 54, 0, 52, 0, 53, 0, 54, 0, 56, 0, 58, 0, 60, 0, 60, 0, 59, 0, 58, 0, 57, 0, 58, 0, 58, 0, 59, 0, 60, 0, 61, 0, 60, 0, 57, 0, 57, 0, 58, 0, 59, 0, 208, 239, 207, 239, 208, 239, 209, 239, 209, 239, 208, 239, 208, 239, 210, 239, 209, 239, 208, 239, 208, 239, 212, 239, 212, 239, 210, 239, 212, 239, 212, 239, 212, 239, 212, 239, 213, 239, 210, 239, 209, 239, 209, 239, 209, 239, 208, 239, 210, 239, 89, 1, 89, 1, 90, 1, 91, 1, 92, 1, 90, 1, 88, 1, 88, 1, 88, 1, 89, 1, 89, 1, 88, 1, 89, 1, 89, 1, 90, 1, 90, 1, 90, 1, 90, 1, 91, 1, 92, 1, 90, 1, 87, 1, 87, 1, 85, 1, 86, 1, 27, 0, 0, 18, 169]
1762250425427;F5:15:8C:96:83:4F;[32, 33, 120, 37, 0, 126, 37, 0, 119, 37, 0, 122, 37, 0, 125, 37, 0, 123, 37, 0, 124, 37, 0, 129, 37, 0, 120, 37, 0, 123, 37, 0, 129, 37, 0, 120, 37, 0, 121, 37, 0, 118, 37, 0, 127, 37, 0, 122, 37, 0, 128, 37, 0, 131, 37, 0, 125, 37, 0, 130, 37, 0, 134, 37, 0, 132, 37, 0, 133, 37, 0, 127, 37, 0, 117, 37, 0, 59, 0, 60, 0, 58, 0, 58, 0, 58, 0, 59, 0, 60, 0, 59, 0, 57, 0, 57, 0, 57, 0, 57, 0, 57, 0, 58, 0, 59, 0, 61, 0, 58, 0, 58, 0, 57, 0, 58, 0, 59, 0, 59, 0, 58, 0, 58, 0, 57, 0, 210, 239, 209, 239, 206, 239, 205, 239, 205, 239, 208, 239, 209, 239, 208, 239, 209, 239, 209, 239, 210, 239, 209, 239, 210, 239, 209, 239, 210, 239, 210, 239, 208, 239, 209, 239, 209, 239, 210, 239, 209, 239, 206, 239, 206, 239, 205, 239, 205, 239, 89, 1, 90, 1, 89, 1, 89, 1, 91, 1, 91, 1, 93, 1, 92, 1, 91, 1, 89, 1, 89, 1, 90, 1, 92, 1, 90, 1, 89, 1, 90, 1, 90, 1, 89, 1, 88, 1, 89, 1, 91, 1, 92, 1, 90, 1, 89, 1, 86, 1, 26, 0, 248, 17, 170]
1762250425614;F5:15:8C:96:83:4F;[36, 33, 131, 37, 0, 122, 37, 0, 129, 37, 0, 133, 37, 0, 139, 37, 0, 132, 37, 0, 129, 37, 0, 133, 37, 0, 131, 37, 0, 139, 37, 0, 141, 37, 0, 140, 37, 0, 130, 37, 0, 134, 37, 0, 133, 37, 0, 136, 37, 0, 137, 37, 0, 131, 37, 0, 132, 37, 0, 133, 37, 0, 139, 37, 0, 140, 37, 0, 139, 37, 0, 131, 37, 0, 141, 37, 0, 56, 0, 56, 0, 57, 0, 58, 0, 59, 0, 57, 0, 56, 0, 57, 0, 57, 0, 56, 0, 57, 0, 56, 0, 55, 0, 55, 0, 56, 0, 58, 0, 60, 0, 59, 0, 58, 0, 58, 0, 59, 0, 60, 0, 59, 0, 60, 0, 59, 0, 205, 239, 208, 239, 210, 239, 209, 239, 210, 239, 210, 239, 210, 239, 204, 239, 205, 239, 207, 239, 207, 239, 208, 239, 208, 239, 209, 239, 208, 239, 209, 239, 211, 239, 208, 239, 207, 239, 206, 239, 206, 239, 205, 239, 208, 239, 209, 239, 211, 239, 86, 1, 86, 1, 87, 1, 87, 1, 89, 1, 87, 1, 89, 1, 90, 1, 90, 1, 90, 1, 91, 1, 92, 1, 92, 1, 90, 1, 90, 1, 86, 1, 87, 1, 90, 1, 90, 1, 86, 1, 86, 1, 85, 1, 86, 1, 86, 1, 86, 1, 26, 0, 26, 0, 248, 17, 248, 17, 171]
1762250425902;F5:15:8C:96:83:4F;[32, 33, 142, 37, 0, 139, 37, 0, 136, 37, 0, 131, 37, 0, 137, 37, 0, 133, 37, 0, 141, 37, 0, 142, 37, 0, 134, 37, 0, 146, 37, 0, 139, 37, 0, 143, 37, 0, 136, 37, 0, 136, 37, 0, 140, 37, 0, 138, 37, 0, 137, 37, 0, 144, 37, 0, 141, 37, 0, 139, 37, 0, 143, 37, 0, 140, 37, 0, 138, 37, 0, 141, 37, 0, 141, 37, 0, 58, 0, 56, 0, 56, 0, 56, 0, 56, 0, 56, 0, 56, 0, 56, 0, 57, 0, 59, 0, 59, 0, 58, 0, 59, 0, 61, 0, 60, 0, 60, 0, 62, 0, 65, 0, 63, 0, 62, 0, 61, 0, 62, 0, 60, 0, 59, 0, 57, 0, 208, 239, 209, 239, 210, 239, 210, 239, 209, 239, 209, 239, 211, 239, 209, 239, 207, 239, 207, 239, 209, 239, 210, 239, 209, 239, 209, 239, 209, 239, 209, 239, 209, 239, 208, 239, 209, 239, 210, 239, 208, 239, 208, 239, 212, 239, 210, 239, 206, 239, 91, 1, 91, 1, 90, 1, 90, 1, 88, 1, 86, 1, 85, 1, 84, 1, 85, 1, 86, 1, 87, 1, 89, 1, 90, 1, 90, 1, 88, 1, 86, 1, 86, 1, 87, 1, 87, 1, 85, 1, 86, 1, 87, 1, 86, 1, 86, 1, 87, 1, 26, 0, 248, 17, 172]
1762250426113;F5:15:8C:96:83:4F;[32, 33, 142, 37, 0, 145, 37, 0, 148, 37, 0, 143, 37, 0, 138, 37, 0, 142, 37, 0, 143, 37, 0, 137, 37, 0, 143, 37, 0, 142, 37, 0, 143, 37, 0, 140, 37, 0, 138, 37, 0, 142, 37, 0, 141, 37, 0, 142, 37, 0, 142, 37, 0, 142, 37, 0, 138, 37, 0, 146, 37, 0, 143, 37, 0, 135, 37, 0, 140, 37, 0, 139, 37, 0, 144, 37, 0, 59, 0, 60, 0, 61, 0, 60, 0, 61, 0, 59, 0, 61, 0, 63, 0, 63, 0, 60, 0, 60, 0, 59, 0, 58, 0, 59, 0, 60, 0, 58, 0, 57, 0, 55, 0, 56, 0, 58, 0, 59, 0, 59, 0, 59, 0, 60, 0, 56, 0, 208, 239, 209, 239, 206, 239, 206, 239, 205, 239, 205, 239, 206, 239, 206, 239, 207, 239, 208, 239, 207, 239, 207, 239, 207, 239, 208, 239, 207, 239, 209, 239, 209, 239, 209, 239, 209, 239, 209, 239, 207, 239, 207, 239, 208, 239, 208, 239, 208, 239, 87, 1, 89, 1, 91, 1, 90, 1, 89, 1, 89, 1, 90, 1, 90, 1, 88, 1, 88, 1, 89, 1, 88, 1, 88, 1, 88, 1, 87, 1, 86, 1, 87, 1, 86, 1, 88, 1, 87, 1, 87, 1, 86, 1, 86, 1, 88, 1, 89, 1, 27, 0, 0, 18, 173]
1762250426427;F5:15:8C:96:83:4F;[32, 33, 141, 37, 0, 142, 37, 0, 143, 37, 0, 141, 37, 0, 141, 37, 0, 140, 37, 0, 138, 37, 0, 142, 37, 0, 144, 37, 0, 141, 37, 0, 144, 37, 0, 141, 37, 0, 145, 37, 0, 139, 37, 0, 141, 37, 0, 136, 37, 0, 142, 37, 0, 146, 37, 0, 144, 37, 0, 142, 37, 0, 137, 37, 0, 139, 37, 0, 151, 37, 0, 144, 37, 0, 137, 37, 0, 54, 0, 54, 0, 55, 0, 57, 0, 60, 0, 59, 0, 59, 0, 57, 0, 57, 0, 56, 0, 57, 0, 58, 0, 59, 0, 59, 0, 59, 0, 57, 0, 58, 0, 59, 0, 59, 0, 58, 0, 57, 0, 57, 0, 57, 0, 57, 0, 56, 0, 209, 239, 210, 239, 208, 239, 206, 239, 207, 239, 209, 239, 205, 239, 203, 239, 207, 239, 210, 239, 207, 239, 206, 239, 208, 239, 208, 239, 208, 239, 205, 239, 208, 239, 209, 239, 207, 239, 206, 239, 208, 239, 210, 239, 207, 239, 208, 239, 208, 239, 88, 1, 87, 1, 87, 1, 88, 1, 87, 1, 89, 1, 90, 1, 88, 1, 87, 1, 86, 1, 87, 1, 86, 1, 86, 1, 84, 1, 83, 1, 85, 1, 86, 1, 87, 1, 88, 1, 88, 1, 86, 1, 87, 1, 87, 1, 89, 1, 88, 1, 26, 0, 248, 17, 174]
1762250426613;F5:15:8C:96:83:4F;[36, 33, 139, 37, 0, 144, 37, 0, 141, 37, 0, 140, 37, 0, 139, 37, 0, 140, 37, 0, 143, 37, 0, 142, 37, 0, 139, 37, 0, 143, 37, 0, 143, 37, 0, 140, 37, 0, 141, 37, 0, 143, 37, 0, 144, 37, 0, 141, 37, 0, 146, 37, 0, 149, 37, 0, 141, 37, 0, 146, 37, 0, 143, 37, 0, 143, 37, 0, 144, 37, 0, 135, 37, 0, 142, 37, 0, 55, 0, 56, 0, 58, 0, 58, 0, 59, 0, 58, 0, 58, 0, 58, 0, 58, 0, 59, 0, 59, 0, 60, 0, 61, 0, 60, 0, 61, 0, 62, 0, 59, 0, 60, 0, 58, 0, 57, 0, 57, 0, 59, 0, 59, 0, 59, 0, 59, 0, 210, 239, 208, 239, 207, 239, 207, 239, 208, 239, 206, 239, 207, 239, 208, 239, 209, 239, 209, 239, 209, 239, 210, 239, 210, 239, 210, 239, 208, 239, 209, 239, 210, 239, 211, 239, 209, 239, 209, 239, 211, 239, 211, 239, 208, 239, 208, 239, 207, 239, 86, 1, 86, 1, 87, 1, 89, 1, 89, 1, 88, 1, 87, 1, 86, 1, 87, 1, 88, 1, 87, 1, 89, 1, 90, 1, 90, 1, 88, 1, 85, 1, 86, 1, 84, 1, 86, 1, 86, 1, 87, 1, 88, 1, 86, 1, 87, 1, 88, 1, 26, 0, 26, 0, 248, 17, 248, 17, 175]
1762250426924;F5:15:8C:96:83:4F;[32, 33, 144, 37, 0, 143, 37, 0, 144, 37, 0, 144, 37, 0, 142, 37, 0, 140, 37, 0, 141, 37, 0, 144, 37, 0, 146, 37, 0, 141, 37, 0, 145, 37, 0, 146, 37, 0, 143, 37, 0, 144, 37, 0, 145, 37, 0, 144, 37, 0, 151, 37, 0, 139, 37, 0, 146, 37, 0, 138, 37, 0, 138, 37, 0, 137, 37, 0, 143, 37, 0, 141, 37, 0, 139, 37, 0, 60, 0, 59, 0, 60, 0, 60, 0, 60, 0, 60, 0, 62, 0, 60, 0, 59, 0, 58, 0, 56, 0, 56, 0, 57, 0, 57, 0, 59, 0, 59, 0, 58, 0, 58, 0, 55, 0, 54, 0, 53, 0, 54, 0, 56, 0, 57, 0, 58, 0, 206, 239, 209, 239, 209, 239, 210, 239, 208, 239, 205, 239, 204, 239, 208, 239, 209, 239, 209, 239, 208, 239, 208, 239, 207, 239, 206, 239, 208, 239, 210, 239, 210, 239, 208, 239, 208, 239, 209, 239, 210, 239, 208, 239, 209, 239, 210, 239, 210, 239, 90, 1, 90, 1, 88, 1, 89, 1, 88, 1, 87, 1, 87, 1, 84, 1, 83, 1, 84, 1, 84, 1, 84, 1, 85, 1, 85, 1, 86, 1, 85, 1, 87, 1, 88, 1, 87, 1, 88, 1, 88, 1, 88, 1, 86, 1, 86, 1, 85, 1, 26, 0, 248, 17, 176]
1762250427115;F5:15:8C:96:83:4F;[32, 33, 146, 37, 0, 145, 37, 0, 142, 37, 0, 141, 37, 0, 147, 37, 0, 142, 37, 0, 136, 37, 0, 146, 37, 0, 144, 37, 0, 142, 37, 0, 139, 37, 0, 139, 37, 0, 137, 37, 0, 140, 37, 0, 151, 37, 0, 146, 37, 0, 141, 37, 0, 147, 37, 0, 145, 37, 0, 143, 37, 0, 145, 37, 0, 143, 37, 0, 138, 37, 0, 145, 37, 0, 137, 37, 0, 59, 0, 56, 0, 55, 0, 56, 0, 57, 0, 60, 0, 59, 0, 57, 0, 57, 0, 57, 0, 57, 0, 57, 0, 57, 0, 57, 0, 57, 0, 59, 0, 58, 0, 60, 0, 59, 0, 60, 0, 61, 0, 61, 0, 59, 0, 56, 0, 56, 0, 210, 239, 210, 239, 209, 239, 211, 239, 210, 239, 207, 239, 209, 239, 213, 239, 210, 239, 211, 239, 209, 239, 207, 239, 206, 239, 205, 239, 206, 239, 206, 239, 207, 239, 206, 239, 210, 239, 210, 239, 210, 239, 208, 239, 206, 239, 206, 239, 207, 239, 87, 1, 88, 1, 87, 1, 88, 1, 87, 1, 87, 1, 86, 1, 86, 1, 87, 1, 86, 1, 87, 1, 87, 1, 86, 1, 87, 1, 88, 1, 86, 1, 87, 1, 88, 1, 88, 1, 88, 1, 89, 1, 88, 1, 90, 1, 85, 1, 85, 1, 26, 0, 248, 17, 177]
1762250427424;F5:15:8C:96:83:4F;[32, 33, 140, 37, 0, 144, 37, 0, 143, 37, 0, 143, 37, 0, 144, 37, 0, 142, 37, 0, 134, 37, 0, 136, 37, 0, 139, 37, 0, 141, 37, 0, 148, 37, 0, 143, 37, 0, 141, 37, 0, 136, 37, 0, 132, 37, 0, 134, 37, 0, 134, 37, 0, 144, 37, 0, 141, 37, 0, 137, 37, 0, 139, 37, 0, 137, 37, 0, 134, 37, 0, 139, 37, 0, 139, 37, 0, 57, 0, 56, 0, 57, 0, 58, 0, 59, 0, 58, 0, 58, 0, 57, 0, 57, 0, 60, 0, 59, 0, 61, 0, 59, 0, 58, 0, 56, 0, 55, 0, 53, 0, 54, 0, 54, 0, 56, 0, 58, 0, 59, 0, 58, 0, 58, 0, 57, 0, 208, 239, 210, 239, 210, 239, 209, 239, 209, 239, 206, 239, 208, 239, 207, 239, 205, 239, 203, 239, 204, 239, 206, 239, 206, 239, 207, 239, 209, 239, 210, 239, 208, 239, 207, 239, 209, 239, 209, 239, 210, 239, 210, 239, 208, 239, 208, 239, 207, 239, 83, 1, 85, 1, 86, 1, 87, 1, 89, 1, 91, 1, 86, 1, 85, 1, 86, 1, 87, 1, 89, 1, 90, 1, 88, 1, 87, 1, 87, 1, 84, 1, 86, 1, 87, 1, 88, 1, 88, 1, 89, 1, 89, 1, 89, 1, 89, 1, 91, 1, 27, 0, 0, 18, 178]
1762250427614;F5:15:8C:96:83:4F;[36, 33, 132, 37, 0, 132, 37, 0, 133, 37, 0, 136, 37, 0, 140, 37, 0, 130, 37, 0, 137, 37, 0, 130, 37, 0, 135, 37, 0, 130, 37, 0, 138, 37, 0, 132, 37, 0, 126, 37, 0, 131, 37, 0, 132, 37, 0, 126, 37, 0, 134, 37, 0, 134, 37, 0, 131, 37, 0, 128, 37, 0, 132, 37, 0, 127, 37, 0, 125, 37, 0, 127, 37, 0, 133, 37, 0, 56, 0, 58, 0, 60, 0, 60, 0, 59, 0, 58, 0, 58, 0, 57, 0, 55, 0, 57, 0, 59, 0, 60, 0, 59, 0, 58, 0, 57, 0, 57, 0, 56, 0, 55, 0, 55, 0, 59, 0, 62, 0, 62, 0, 60, 0, 60, 0, 57, 0, 209, 239, 207, 239, 208, 239, 207, 239, 204, 239, 205, 239, 206, 239, 207, 239, 206, 239, 206, 239, 206, 239, 206, 239, 207, 239, 206, 239, 208, 239, 208, 239, 207, 239, 207, 239, 207, 239, 207, 239, 205, 239, 204, 239, 205, 239, 206, 239, 206, 239, 90, 1, 89, 1, 88, 1, 88, 1, 89, 1, 89, 1, 90, 1, 90, 1, 86, 1, 88, 1, 91, 1, 92, 1, 92, 1, 91, 1, 88, 1, 86, 1, 85, 1, 88, 1, 88, 1, 89, 1, 88, 1, 87, 1, 84, 1, 85, 1, 86, 1, 26, 0, 26, 0, 248, 17, 248, 17, 179]
1762250427923;F5:15:8C:96:83:4F;[32, 33, 129, 37, 0, 123, 37, 0, 124, 37, 0, 121, 37, 0, 121, 37, 0, 124, 37, 0, 133, 37, 0, 126, 37, 0, 125, 37, 0, 115, 37, 0, 121, 37, 0, 130, 37, 0, 134, 37, 0, 121, 37, 0, 120, 37, 0, 127, 37, 0, 115, 37, 0, 126, 37, 0, 126, 37, 0, 122, 37, 0, 121, 37, 0, 115, 37, 0, 115, 37, 0, 120, 37, 0, 115, 37, 0, 57, 0, 57, 0, 60, 0, 61, 0, 61, 0, 60, 0, 60, 0, 58, 0, 57, 0, 57, 0, 58, 0, 59, 0, 60, 0, 59, 0, 60, 0, 58, 0, 58, 0, 60, 0, 60, 0, 62, 0, 63, 0, 62, 0, 61, 0, 58, 0, 57, 0, 206, 239, 207, 239, 207, 239, 207, 239, 206, 239, 209, 239, 208, 239, 205, 239, 205, 239, 207, 239, 208, 239, 208, 239, 209, 239, 209, 239, 209, 239, 208, 239, 206, 239, 205, 239, 206, 239, 206, 239, 205, 239, 207, 239, 208, 239, 207, 239, 206, 239, 87, 1, 87, 1, 86, 1, 85, 1, 83, 1, 83, 1, 85, 1, 87, 1, 87, 1, 85, 1, 84, 1, 84, 1, 85, 1, 87, 1, 84, 1, 85, 1, 87, 1, 87, 1, 88, 1, 90, 1, 90, 1, 89, 1, 86, 1, 85, 1, 84, 1, 26, 0, 248, 17, 180]
1762250416203;F5:15:8C:96:83:4F;[32, 33, 165, 63, 0, 160, 63, 0, 151, 63, 0, 157, 63, 0, 164, 63, 0, 159, 63, 0, 165, 63, 0, 165, 63, 0, 157, 63, 0, 159, 63, 0, 160, 63, 0, 165, 63, 0, 169, 63, 0, 162, 63, 0, 155, 63, 0, 146, 63, 0, 144, 63, 0, 140, 63, 0, 148, 63, 0, 150, 63, 0, 147, 63, 0, 152, 63, 0, 144, 63, 0, 153, 63, 0, 148, 63, 0, 50, 0, 50, 0, 50, 0, 51, 0, 53, 0, 53, 0, 51, 0, 52, 0, 52, 0, 51, 0, 52, 0, 51, 0, 51, 0, 54, 0, 54, 0, 55, 0, 54, 0, 52, 0, 51, 0, 50, 0, 52, 0, 55, 0, 55, 0, 55, 0, 55, 0, 51, 240, 49, 240, 50, 240, 51, 240, 48, 240, 49, 240, 49, 240, 47, 240, 44, 240, 47, 240, 45, 240, 47, 240, 48, 240, 48, 240, 46, 240, 48, 240, 49, 240, 47, 240, 48, 240, 46, 240, 48, 240, 47, 240, 48, 240, 50, 240, 49, 240, 222, 3, 223, 3, 222, 3, 221, 3, 220, 3, 218, 3, 217, 3, 219, 3, 221, 3, 223, 3, 224, 3, 224, 3, 225, 3, 224, 3, 225, 3, 223, 3, 220, 3, 220, 3, 220, 3, 223, 3, 223, 3, 224, 3, 223, 3, 222, 3, 223, 3, 26, 0, 0, 18, 133]
1762250416435;F5:15:8C:96:83:4F;[32, 33, 155, 63, 0, 154, 63, 0, 151, 63, 0, 152, 63, 0, 146, 63, 0, 147, 63, 0, 142, 63, 0, 147, 63, 0, 135, 63, 0, 139, 63, 0, 142, 63, 0, 138, 63, 0, 144, 63, 0, 145, 63, 0, 153, 63, 0, 148, 63, 0, 154, 63, 0, 145, 63, 0, 142, 63, 0, 147, 63, 0, 142, 63, 0, 138, 63, 0, 135, 63, 0, 134, 63, 0, 135, 63, 0, 56, 0, 53, 0, 53, 0, 51, 0, 49, 0, 51, 0, 53, 0, 55, 0, 54, 0, 53, 0, 51, 0, 47, 0, 47, 0, 48, 0, 51, 0, 54, 0, 55, 0, 53, 0, 53, 0, 52, 0, 51, 0, 52, 0, 54, 0, 54, 0, 52, 0, 50, 240, 49, 240, 52, 240, 52, 240, 49, 240, 51, 240, 52, 240, 52, 240, 51, 240, 53, 240, 51, 240, 49, 240, 48, 240, 49, 240, 51, 240, 52, 240, 53, 240, 54, 240, 53, 240, 52, 240, 47, 240, 47, 240, 47, 240, 48, 240, 49, 240, 224, 3, 224, 3, 225, 3, 225, 3, 226, 3, 225, 3, 221, 3, 221, 3, 221, 3, 221, 3, 220, 3, 221, 3, 222, 3, 224, 3, 225, 3, 226, 3, 225, 3, 223, 3, 223, 3, 222, 3, 224, 3, 223, 3, 223, 3, 223, 3, 220, 3, 26, 0, 0, 18, 134]
1762250416703;F5:15:8C:96:83:4F;[36, 33, 142, 63, 0, 150, 63, 0, 145, 63, 0, 140, 63, 0, 139, 63, 0, 132, 63, 0, 152, 63, 0, 157, 63, 0, 155, 63, 0, 153, 63, 0, 136, 63, 0, 134, 63, 0, 129, 63, 0, 135, 63, 0, 149, 63, 0, 157, 63, 0, 152, 63, 0, 147, 63, 0, 137, 63, 0, 139, 63, 0, 131, 63, 0, 151, 63, 0, 163, 63, 0, 168, 63, 0, 156, 63, 0, 54, 0, 54, 0, 51, 0, 53, 0, 52, 0, 54, 0, 55, 0, 55, 0, 55, 0, 53, 0, 51, 0, 53, 0, 53, 0, 52, 0, 52, 0, 53, 0, 53, 0, 52, 0, 52, 0, 51, 0, 52, 0, 55, 0, 56, 0, 56, 0, 54, 0, 52, 240, 52, 240, 51, 240, 48, 240, 47, 240, 46, 240, 49, 240, 50, 240, 49, 240, 50, 240, 51, 240, 51, 240, 49, 240, 51, 240, 51, 240, 52, 240, 52, 240, 51, 240, 49, 240, 50, 240, 48, 240, 50, 240, 50, 240, 50, 240, 50, 240, 221, 3, 222, 3, 223, 3, 223, 3, 223, 3, 223, 3, 222, 3, 222, 3, 222, 3, 223, 3, 223, 3, 221, 3, 220, 3, 220, 3, 218, 3, 219, 3, 221, 3, 222, 3, 222, 3, 221, 3, 221, 3, 221, 3, 224, 3, 225, 3, 225, 3, 26, 0, 27, 0, 0, 18, 0, 18, 135]
1762250416892;F5:15:8C:96:83:4F;[32, 33, 149, 63, 0, 139, 63, 0, 134, 63, 0, 136, 63, 0, 150, 63, 0, 157, 63, 0, 160, 63, 0, 154, 63, 0, 151, 63, 0, 144, 63, 0, 152, 63, 0, 156, 63, 0, 154, 63, 0, 167, 63, 0, 162, 63, 0, 170, 63, 0, 163, 63, 0, 163, 63, 0, 157, 63, 0, 197, 63, 0, 142, 64, 0, 21, 66, 0, 174, 67, 0, 143, 69, 0, 11, 70, 0, 53, 0, 52, 0, 52, 0, 52, 0, 51, 0, 53, 0, 52, 0, 52, 0, 51, 0, 50, 0, 51, 0, 50, 0, 51, 0, 53, 0, 54, 0, 52, 0, 52, 0, 51, 0, 50, 0, 53, 0, 55, 0, 55, 0, 54, 0, 26, 0, 62, 0, 49, 240, 51, 240, 51, 240, 51, 240, 48, 240, 50, 240, 49, 240, 49, 240, 51, 240, 51, 240, 52, 240, 50, 240, 48, 240, 51, 240, 54, 240, 53, 240, 52, 240, 51, 240, 51, 240, 49, 240, 45, 240, 47, 240, 56, 240, 87, 240, 51, 240, 225, 3, 222, 3, 220, 3, 219, 3, 217, 3, 217, 3, 222, 3, 222, 3, 222, 3, 223, 3, 220, 3, 221, 3, 222, 3, 221, 3, 223, 3, 224, 3, 223, 3, 223, 3, 220, 3, 208, 3, 181, 3, 180, 3, 221, 3, 81, 4, 227, 3, 26, 0, 0, 18, 136]
1762250417200;F5:15:8C:96:83:4F;[32, 33, 216, 71, 0, 107, 73, 0, 225, 74, 0, 22, 76, 0, 223, 76, 0, 164, 78, 0, 236, 78, 0, 154, 81, 0, 28, 83, 0, 219, 85, 0, 34, 91, 0, 125, 94, 0, 250, 95, 0, 250, 96, 0, 177, 98, 0, 125, 99, 0, 216, 100, 0, 200, 102, 0, 145, 105, 0, 0, 108, 0, 185, 110, 0, 19, 112, 0, 229, 111, 0, 196, 110, 0, 154, 109, 0, 64, 0, 9, 0, 10, 0, 23, 0, 26, 0, 62, 0, 48, 0, 96, 0, 51, 0, 86, 0, 61, 0, 14, 0, 199, 255, 236, 255, 34, 0, 59, 0, 90, 0, 99, 0, 102, 0, 73, 0, 46, 0, 56, 0, 83, 0, 76, 0, 73, 0, 54, 240, 55, 240, 59, 240, 64, 240, 75, 240, 100, 240, 103, 240, 131, 240, 93, 240, 127, 240, 115, 240, 125, 240, 112, 240, 132, 240, 186, 240, 199, 240, 233, 240, 254, 240, 252, 240, 243, 240, 229, 240, 238, 240, 242, 240, 13, 241, 41, 241, 226, 3, 228, 3, 6, 4, 42, 4, 57, 4, 144, 4, 173, 4, 241, 4, 162, 4, 185, 4, 195, 4, 246, 4, 220, 4, 37, 5, 156, 5, 218, 5, 26, 6, 58, 6, 69, 6, 43, 6, 25, 6, 55, 6, 90, 6, 155, 6, 206, 6, 26, 0, 0, 18, 137]
1762250417416;F5:15:8C:96:83:4F;[32, 33, 46, 108, 0, 122, 106, 0, 215, 104, 0, 208, 102, 0, 1, 100, 0, 227, 96, 0, 212, 93, 0, 224, 90, 0, 135, 86, 0, 77, 83, 0, 60, 79, 0, 86, 75, 0, 208, 71, 0, 233, 68, 0, 108, 66, 0, 94, 64, 0, 183, 62, 0, 116, 61, 0, 103, 60, 0, 186, 59, 0, 44, 59, 0, 184, 58, 0, 120, 58, 0, 44, 58, 0, 231, 57, 0, 69, 0, 65, 0, 63, 0, 61, 0, 60, 0, 59, 0, 59, 0, 58, 0, 57, 0, 54, 0, 58, 0, 56, 0, 56, 0, 59, 0, 59, 0, 56, 0, 57, 0, 56, 0, 55, 0, 58, 0, 60, 0, 59, 0, 60, 0, 59, 0, 57, 0, 34, 241, 23, 241, 13, 241, 9, 241, 1, 241, 246, 240, 235, 240, 215, 240, 194, 240, 203, 240, 174, 240, 169, 240, 146, 240, 126, 240, 112, 240, 92, 240, 81, 240, 70, 240, 55, 240, 54, 240, 49, 240, 42, 240, 38, 240, 35, 240, 30, 240, 191, 6, 155, 6, 132, 6, 123, 6, 106, 6, 75, 6, 35, 6, 253, 5, 183, 5, 210, 5, 138, 5, 115, 5, 28, 5, 211, 4, 168, 4, 107, 4, 53, 4, 8, 4, 220, 3, 199, 3, 179, 3, 157, 3, 151, 3, 144, 3, 132, 3, 26, 0, 0, 18, 138]
1762250417698;F5:15:8C:96:83:4F;[36, 33, 191, 57, 0, 205, 57, 0, 244, 57, 0, 57, 58, 0, 206, 58, 0, 156, 59, 0, 126, 60, 0, 50, 61, 0, 177, 61, 0, 109, 62, 0, 229, 62, 0, 2, 63, 0, 171, 62, 0, 224, 61, 0, 3, 61, 0, 1, 60, 0, 227, 58, 0, 190, 57, 0, 144, 56, 0, 119, 55, 0, 105, 54, 0, 111, 53, 0, 110, 52, 0, 118, 51, 0, 135, 50, 0, 55, 0, 56, 0, 55, 0, 55, 0, 54, 0, 51, 0, 53, 0, 3, 0, 14, 0, 23, 0, 61, 0, 78, 0, 77, 0, 71, 0, 66, 0, 65, 0, 63, 0, 62, 0, 45, 0, 59, 0, 38, 0, 57, 0, 64, 0, 62, 0, 58, 0, 27, 240, 25, 240, 27, 240, 26, 240, 25, 240, 25, 240, 27, 240, 23, 240, 25, 240, 35, 240, 47, 240, 52, 240, 56, 240, 56, 240, 51, 240, 49, 240, 48, 240, 40, 240, 33, 240, 30, 240, 25, 240, 18, 240, 16, 240, 14, 240, 9, 240, 116, 3, 104, 3, 103, 3, 96, 3, 89, 3, 91, 3, 105, 3, 102, 3, 108, 3, 145, 3, 196, 3, 229, 3, 242, 3, 241, 3, 229, 3, 220, 3, 201, 3, 179, 3, 146, 3, 123, 3, 86, 3, 81, 3, 67, 3, 42, 3, 11, 3, 26, 0, 26, 0, 248, 17, 0, 18, 139]
1762250417891;F5:15:8C:96:83:4F;[32, 33, 52, 50, 0, 196, 50, 0, 147, 49, 0, 125, 47, 0, 64, 45, 0, 141, 43, 0, 43, 42, 0, 226, 40, 0, 38, 40, 0, 106, 40, 0, 85, 41, 0, 231, 39, 0, 223, 39, 0, 219, 39, 0, 120, 37, 0, 240, 36, 0, 244, 37, 0, 98, 39, 0, 119, 40, 0, 242, 40, 0, 17, 41, 0, 151, 40, 0, 242, 39, 0, 69, 39, 0, 198, 38, 0, 62, 0, 63, 0, 61, 0, 25, 0, 230, 255, 241, 255, 35, 0, 68, 0, 27, 0, 130, 0, 62, 0, 211, 255, 56, 0, 217, 255, 153, 254, 68, 254, 158, 254, 33, 255, 101, 255, 169, 255, 247, 255, 122, 0, 197, 0, 35, 1, 57, 1, 252, 239, 255, 239, 14, 240, 12, 240, 253, 239, 249, 239, 243, 239, 237, 239, 232, 239, 206, 239, 225, 239, 229, 239, 202, 239, 233, 239, 215, 239, 234, 239, 232, 239, 214, 239, 173, 239, 200, 239, 205, 239, 204, 239, 198, 239, 215, 239, 205, 239, 206, 2, 210, 2, 34, 3, 19, 3, 205, 2, 158, 2, 115, 2, 78, 2, 33, 2, 145, 1, 241, 1, 8, 2, 140, 1, 2, 2, 13, 2, 84, 2, 53, 2, 134, 1, 98, 1, 19, 1, 255, 0, 31, 1, 101, 1, 115, 1, 98, 1, 26, 0, 0, 18, 140]
1762250418200;F5:15:8C:96:83:4F;[32, 33, 175, 38, 0, 75, 38, 0, 223, 37, 0, 255, 37, 0, 26, 38, 0, 51, 38, 0, 71, 38, 0, 172, 38, 0, 41, 39, 0, 99, 39, 0, 186, 39, 0, 19, 40, 0, 173, 40, 0, 93, 41, 0, 236, 41, 0, 159, 42, 0, 63, 43, 0, 191, 43, 0, 39, 44, 0, 48, 44, 0, 34, 44, 0, 62, 44, 0, 118, 44, 0, 152, 44, 0, 152, 44, 0, 23, 1, 6, 1, 3, 1, 237, 0, 198, 0, 170, 0, 137, 0, 115, 0, 73, 0, 80, 0, 54, 0, 68, 0, 77, 0, 41, 0, 9, 0, 104, 0, 198, 0, 159, 0, 131, 0, 110, 0, 95, 0, 83, 0, 75, 0, 73, 0, 68, 0, 209, 239, 208, 239, 203, 239, 205, 239, 206, 239, 203, 239, 200, 239, 204, 239, 205, 239, 206, 239, 205, 239, 204, 239, 203, 239, 202, 239, 207, 239, 206, 239, 211, 239, 215, 239, 218, 239, 223, 239, 224, 239, 222, 239, 221, 239, 223, 239, 224, 239, 144, 1, 84, 1, 71, 1, 61, 1, 63, 1, 82, 1, 72, 1, 74, 1, 79, 1, 73, 1, 87, 1, 95, 1, 93, 1, 90, 1, 104, 1, 138, 1, 150, 1, 179, 1, 206, 1, 235, 1, 232, 1, 221, 1, 225, 1, 234, 1, 245, 1, 26, 0, 0, 18, 141]
1762250418444;F5:15:8C:96:83:4F;[32, 33, 139, 44, 0, 140, 44, 0, 141, 44, 0, 150, 44, 0, 171, 44, 0, 207, 44, 0, 250, 44, 0, 27, 45, 0, 60, 45, 0, 97, 45, 0, 156, 45, 0, 220, 45, 0, 29, 46, 0, 108, 46, 0, 188, 46, 0, 19, 47, 0, 78, 47, 0, 130, 47, 0, 150, 47, 0, 170, 47, 0, 179, 47, 0, 143, 47, 0, 91, 47, 0, 43, 47, 0, 11, 47, 0, 64, 0, 61, 0, 60, 0, 61, 0, 61, 0, 60, 0, 60, 0, 57, 0, 57, 0, 55, 0, 56, 0, 56, 0, 54, 0, 54, 0, 55, 0, 54, 0, 55, 0, 55, 0, 53, 0, 53, 0, 54, 0, 55, 0, 54, 0, 54, 0, 55, 0, 224, 239, 222, 239, 221, 239, 221, 239, 222, 239, 219, 239, 221, 239, 224, 239, 222, 239, 223, 239, 222, 239, 220, 239, 222, 239, 223, 239, 225, 239, 227, 239, 227, 239, 229, 239, 227, 239, 226, 239, 226, 239, 227, 239, 227, 239, 228, 239, 226, 239, 242, 1, 238, 1, 236, 1, 231, 1, 227, 1, 223, 1, 228, 1, 233, 1, 232, 1, 236, 1, 235, 1, 238, 1, 244, 1, 246, 1, 246, 1, 3, 2, 8, 2, 17, 2, 18, 2, 19, 2, 22, 2, 28, 2, 28, 2, 19, 2, 11, 2, 26, 0, 8, 18, 142]
1762250418640;F5:15:8C:96:83:4F;[36, 33, 2, 47, 0, 243, 46, 0, 227, 46, 0, 197, 46, 0, 166, 46, 0, 155, 46, 0, 117, 46, 0, 91, 46, 0, 48, 46, 0, 233, 45, 0, 153, 45, 0, 51, 45, 0, 24, 45, 0, 253, 44, 0, 254, 44, 0, 250, 44, 0, 218, 44, 0, 221, 44, 0, 185, 44, 0, 165, 44, 0, 130, 44, 0, 113, 44, 0, 111, 44, 0, 119, 44, 0, 119, 44, 0, 56, 0, 56, 0, 56, 0, 57, 0, 57, 0, 60, 0, 57, 0, 55, 0, 55, 0, 55, 0, 55, 0, 56, 0, 56, 0, 55, 0, 57, 0, 56, 0, 55, 0, 56, 0, 58, 0, 60, 0, 60, 0, 59, 0, 59, 0, 63, 0, 66, 0, 226, 239, 224, 239, 224, 239, 223, 239, 220, 239, 218, 239, 220, 239, 219, 239, 219, 239, 218, 239, 220, 239, 218, 239, 213, 239, 210, 239, 210, 239, 210, 239, 212, 239, 213, 239, 212, 239, 211, 239, 211, 239, 209, 239, 209, 239, 210, 239, 212, 239, 7, 2, 7, 2, 2, 2, 253, 1, 240, 1, 236, 1, 237, 1, 226, 1, 224, 1, 222, 1, 221, 1, 200, 1, 172, 1, 154, 1, 145, 1, 148, 1, 152, 1, 159, 1, 138, 1, 127, 1, 119, 1, 111, 1, 99, 1, 94, 1, 96, 1, 26, 0, 27, 0, 248, 17, 8, 18, 143]
1762250418906;F5:15:8C:96:83:4F;[32, 33, 95, 44, 0, 64, 44, 0, 39, 44, 0, 44, 44, 0, 41, 44, 0, 32, 44, 0, 255, 43, 0, 240, 43, 0, 243, 43, 0, 13, 44, 0, 13, 44, 0, 17, 44, 0, 246, 43, 0, 214, 43, 0, 199, 43, 0, 191, 43, 0, 222, 43, 0, 242, 43, 0, 244, 43, 0, 228, 43, 0, 232, 43, 0, 206, 43, 0, 205, 43, 0, 196, 43, 0, 180, 43, 0, 58, 0, 55, 0, 51, 0, 54, 0, 54, 0, 55, 0, 56, 0, 61, 0, 64, 0, 57, 0, 67, 0, 91, 0, 67, 0, 54, 0, 59, 0, 40, 0, 45, 0, 50, 0, 52, 0, 53, 0, 54, 0, 57, 0, 60, 0, 68, 0, 73, 0, 210, 239, 207, 239, 208, 239, 210, 239, 208, 239, 211, 239, 212, 239, 209, 239, 208, 239, 211, 239, 210, 239, 210, 239, 206, 239, 205, 239, 204, 239, 203, 239, 205, 239, 206, 239, 208, 239, 205, 239, 205, 239, 202, 239, 203, 239, 204, 239, 203, 239, 101, 1, 97, 1, 81, 1, 75, 1, 76, 1, 80, 1, 72, 1, 57, 1, 55, 1, 60, 1, 57, 1, 52, 1, 33, 1, 18, 1, 22, 1, 253, 0, 0, 1, 4, 1, 7, 1, 11, 1, 10, 1, 3, 1, 253, 0, 251, 0, 249, 0, 27, 0, 0, 18, 144]
1762250419187;F5:15:8C:96:83:4F;[32, 33, 163, 43, 0, 121, 43, 0, 95, 43, 0, 97, 43, 0, 125, 43, 0, 130, 43, 0, 128, 43, 0, 133, 43, 0, 128, 43, 0, 123, 43, 0, 100, 43, 0, 102, 43, 0, 97, 43, 0, 79, 43, 0, 58, 43, 0, 32, 43, 0, 5, 43, 0, 228, 42, 0, 191, 42, 0, 143, 42, 0, 72, 42, 0, 255, 41, 0, 194, 41, 0, 142, 41, 0, 94, 41, 0, 76, 0, 50, 0, 57, 0, 48, 0, 52, 0, 57, 0, 62, 0, 64, 0, 64, 0, 62, 0, 58, 0, 57, 0, 56, 0, 56, 0, 32, 0, 56, 0, 49, 0, 75, 0, 70, 0, 65, 0, 61, 0, 60, 0, 60, 0, 61, 0, 63, 0, 203, 239, 201, 239, 199, 239, 196, 239, 198, 239, 201, 239, 202, 239, 203, 239, 202, 239, 201, 239, 201, 239, 198, 239, 199, 239, 198, 239, 200, 239, 202, 239, 198, 239, 200, 239, 202, 239, 202, 239, 203, 239, 202, 239, 200, 239, 201, 239, 199, 239, 240, 0, 237, 0, 213, 0, 193, 0, 189, 0, 198, 0, 199, 0, 198, 0, 202, 0, 198, 0, 199, 0, 202, 0, 193, 0, 194, 0, 201, 0, 206, 0, 207, 0, 212, 0, 218, 0, 225, 0, 229, 0, 223, 0, 217, 0, 216, 0, 213, 0, 26, 0, 0, 18, 145]
1762250419419;F5:15:8C:96:83:4F;[32, 33, 73, 41, 0, 77, 41, 0, 75, 41, 0, 60, 41, 0, 54, 41, 0, 59, 41, 0, 56, 41, 0, 41, 41, 0, 4, 41, 0, 210, 40, 0, 172, 40, 0, 135, 40, 0, 109, 40, 0, 45, 40, 0, 217, 39, 0, 150, 39, 0, 118, 39, 0, 66, 39, 0, 21, 39, 0, 220, 38, 0, 168, 38, 0, 106, 38, 0, 54, 38, 0, 5, 38, 0, 250, 37, 0, 63, 0, 51, 0, 254, 255, 35, 0, 24, 0, 69, 0, 88, 0, 81, 0, 75, 0, 70, 0, 65, 0, 61, 0, 58, 0, 58, 0, 60, 0, 60, 0, 59, 0, 58, 0, 58, 0, 56, 0, 55, 0, 57, 0, 59, 0, 60, 0, 61, 0, 198, 239, 198, 239, 198, 239, 199, 239, 202, 239, 207, 239, 205, 239, 207, 239, 209, 239, 210, 239, 207, 239, 206, 239, 208, 239, 209, 239, 207, 239, 206, 239, 205, 239, 206, 239, 207, 239, 206, 239, 207, 239, 204, 239, 204, 239, 204, 239, 203, 239, 211, 0, 212, 0, 220, 0, 222, 0, 237, 0, 249, 0, 1, 1, 10, 1, 17, 1, 27, 1, 23, 1, 23, 1, 29, 1, 39, 1, 35, 1, 23, 1, 20, 1, 23, 1, 20, 1, 21, 1, 17, 1, 15, 1, 11, 1, 6, 1, 255, 0, 26, 0, 0, 18, 146]
1762250419685;F5:15:8C:96:83:4F;[36, 33, 238, 37, 0, 215, 37, 0, 189, 37, 0, 146, 37, 0, 104, 37, 0, 56, 37, 0, 3, 37, 0, 206, 36, 0, 144, 36, 0, 73, 36, 0, 250, 35, 0, 215, 35, 0, 166, 35, 0, 140, 35, 0, 127, 35, 0, 123, 35, 0, 129, 35, 0, 122, 35, 0, 124, 35, 0, 117, 35, 0, 107, 35, 0, 88, 35, 0, 59, 35, 0, 32, 35, 0, 16, 35, 0, 61, 0, 60, 0, 60, 0, 60, 0, 58, 0, 59, 0, 59, 0, 61, 0, 62, 0, 62, 0, 62, 0, 65, 0, 64, 0, 62, 0, 60, 0, 58, 0, 58, 0, 61, 0, 61, 0, 61, 0, 59, 0, 59, 0, 58, 0, 60, 0, 60, 0, 203, 239, 204, 239, 203, 239, 201, 239, 203, 239, 204, 239, 206, 239, 205, 239, 204, 239, 203, 239, 203, 239, 201, 239, 198, 239, 200, 239, 201, 239, 201, 239, 203, 239, 205, 239, 202, 239, 202, 239, 200, 239, 201, 239, 200, 239, 201, 239, 203, 239, 1, 1, 6, 1, 13, 1, 11, 1, 11, 1, 9, 1, 6, 1, 3, 1, 254, 0, 245, 0, 221, 0, 236, 0, 225, 0, 217, 0, 207, 0, 207, 0, 208, 0, 207, 0, 208, 0, 211, 0, 210, 0, 212, 0, 211, 0, 203, 0, 198, 0, 26, 0, 26, 0, 248, 17, 0, 18, 147]
1762250419913;F5:15:8C:96:83:4F;[32, 33, 12, 35, 0, 10, 35, 0, 245, 34, 0, 218, 34, 0, 163, 34, 0, 128, 34, 0, 97, 34, 0, 86, 34, 0, 79, 34, 0, 114, 34, 0, 188, 34, 0, 250, 34, 0, 32, 35, 0, 35, 35, 0, 74, 35, 0, 117, 35, 0, 221, 35, 0, 76, 36, 0, 214, 36, 0, 117, 37, 0, 11, 38, 0, 146, 38, 0, 85, 39, 0, 19, 40, 0, 209, 40, 0, 61, 0, 61, 0, 60, 0, 60, 0, 61, 0, 61, 0, 61, 0, 61, 0, 61, 0, 62, 0, 61, 0, 192, 190, 59, 0, 60, 0, 59, 0, 58, 0, 59, 0, 58, 0, 59, 0, 59, 0, 59, 0, 58, 0, 57, 0, 57, 0, 60, 0, 203, 239, 202, 239, 202, 239, 202, 239, 204, 239, 202, 239, 199, 239, 199, 239, 196, 239, 194, 239, 194, 239, 235, 202, 203, 239, 203, 239, 202, 239, 198, 239, 196, 239, 198, 239, 198, 239, 199, 239, 202, 239, 208, 239, 211, 239, 208, 239, 214, 239, 194, 0, 194, 0, 201, 0, 201, 0, 203, 0, 197, 0, 187, 0, 183, 0, 175, 0, 162, 0, 162, 0, 3, 0, 195, 0, 202, 0, 209, 0, 205, 0, 216, 0, 216, 0, 235, 0, 254, 0, 5, 1, 36, 1, 69, 1, 53, 1, 102, 1, 27, 0, 0, 18, 148]
1762250420123;F5:15:8C:96:83:4F;[32, 33, 172, 41, 0, 56, 42, 0, 179, 42, 0, 54, 43, 0, 59, 42, 0, 110, 40, 0, 215, 38, 0, 153, 37, 0, 59, 37, 0, 136, 37, 0, 8, 38, 0, 150, 38, 0, 0, 39, 0, 238, 38, 0, 134, 38, 0, 16, 38, 0, 181, 37, 0, 175, 37, 0, 202, 37, 0, 17, 38, 0, 87, 38, 0, 107, 38, 0, 61, 38, 0, 237, 37, 0, 166, 37, 0, 62, 0, 63, 0, 63, 0, 60, 0, 59, 0, 60, 0, 60, 0, 62, 0, 62, 0, 62, 0, 60, 0, 58, 0, 56, 0, 56, 0, 57, 0, 58, 0, 59, 0, 60, 0, 60, 0, 59, 0, 58, 0, 56, 0, 58, 0, 57, 0, 58, 0, 210, 239, 218, 239, 214, 239, 217, 239, 234, 239, 225, 239, 223, 239, 216, 239, 205, 239, 200, 239, 202, 239, 205, 239, 210, 239, 217, 239, 216, 239, 212, 239, 209, 239, 207, 239, 208, 239, 208, 239, 210, 239, 212, 239, 213, 239, 214, 239, 212, 239, 96, 1, 154, 1, 165, 1, 192, 1, 36, 2, 242, 1, 205, 1, 163, 1, 82, 1, 55, 1, 61, 1, 66, 1, 106, 1, 142, 1, 139, 1, 124, 1, 97, 1, 76, 1, 73, 1, 72, 1, 87, 1, 111, 1, 123, 1, 122, 1, 108, 1, 26, 0, 0, 18, 149]
1762250420409;F5:15:8C:96:83:4F;[32, 33, 131, 37, 0, 155, 37, 0, 179, 37, 0, 212, 37, 0, 221, 37, 0, 202, 37, 0, 172, 37, 0, 149, 37, 0, 141, 37, 0, 150, 37, 0, 162, 37, 0, 187, 37, 0, 206, 37, 0, 199, 37, 0, 187, 37, 0, 172, 37, 0, 170, 37, 0, 187, 37, 0, 196, 37, 0, 202, 37, 0, 205, 37, 0, 190, 37, 0, 175, 37, 0, 166, 37, 0, 174, 37, 0, 58, 0, 61, 0, 60, 0, 61, 0, 60, 0, 58, 0, 59, 0, 60, 0, 60, 0, 61, 0, 59, 0, 59, 0, 57, 0, 57, 0, 57, 0, 58, 0, 57, 0, 57, 0, 57, 0, 57, 0, 57, 0, 57, 0, 58, 0, 58, 0, 59, 0, 206, 239, 205, 239, 208, 239, 211, 239, 213, 239, 211, 239, 211, 239, 212, 239, 211, 239, 209, 239, 210, 239, 214, 239, 215, 239, 216, 239, 213, 239, 211, 239, 209, 239, 207, 239, 207, 239, 208, 239, 210, 239, 209, 239, 210, 239, 211, 239, 210, 239, 89, 1, 82, 1, 82, 1, 91, 1, 99, 1, 103, 1, 103, 1, 99, 1, 94, 1, 90, 1, 87, 1, 90, 1, 97, 1, 100, 1, 102, 1, 98, 1, 92, 1, 87, 1, 88, 1, 91, 1, 97, 1, 98, 1, 97, 1, 94, 1, 91, 1, 26, 0, 0, 18, 150]
1762250420628;F5:15:8C:96:83:4F;[36, 33, 178, 37, 0, 185, 37, 0, 191, 37, 0, 187, 37, 0, 172, 37, 0, 170, 37, 0, 166, 37, 0, 167, 37, 0, 182, 37, 0, 186, 37, 0, 187, 37, 0, 179, 37, 0, 174, 37, 0, 174, 37, 0, 184, 37, 0, 182, 37, 0, 187, 37, 0, 187, 37, 0, 177, 37, 0, 176, 37, 0, 175, 37, 0, 177, 37, 0, 179, 37, 0, 180, 37, 0, 179, 37, 0, 59, 0, 58, 0, 58, 0, 58, 0, 59, 0, 61, 0, 61, 0, 59, 0, 60, 0, 57, 0, 55, 0, 56, 0, 58, 0, 59, 0, 61, 0, 60, 0, 60, 0, 57, 0, 56, 0, 56, 0, 57, 0, 60, 0, 58, 0, 58, 0, 59, 0, 208, 239, 209, 239, 211, 239, 209, 239, 208, 239, 207, 239, 209, 239, 211, 239, 212, 239, 211, 239, 212, 239, 213, 239, 212, 239, 211, 239, 210, 239, 209, 239, 209, 239, 209, 239, 209, 239, 211, 239, 211, 239, 207, 239, 203, 239, 208, 239, 210, 239, 92, 1, 92, 1, 95, 1, 97, 1, 96, 1, 95, 1, 91, 1, 89, 1, 89, 1, 91, 1, 92, 1, 93, 1, 94, 1, 92, 1, 90, 1, 92, 1, 94, 1, 94, 1, 95, 1, 95, 1, 93, 1, 92, 1, 91, 1, 90, 1, 90, 1, 26, 0, 26, 0, 0, 18, 0, 18, 151]
1762250420932;F5:15:8C:96:83:4F;[32, 33, 178, 37, 0, 176, 37, 0, 178, 37, 0, 179, 37, 0, 183, 37, 0, 188, 37, 0, 191, 37, 0, 183, 37, 0, 175, 37, 0, 174, 37, 0, 170, 37, 0, 176, 37, 0, 184, 37, 0, 186, 37, 0, 186, 37, 0, 194, 37, 0, 180, 37, 0, 171, 37, 0, 169, 37, 0, 183, 37, 0, 191, 37, 0, 189, 37, 0, 183, 37, 0, 177, 37, 0, 172, 37, 0, 58, 0, 57, 0, 57, 0, 58, 0, 62, 0, 63, 0, 60, 0, 59, 0, 55, 0, 53, 0, 52, 0, 56, 0, 58, 0, 60, 0, 62, 0, 61, 0, 60, 0, 58, 0, 56, 0, 57, 0, 58, 0, 60, 0, 60, 0, 60, 0, 59, 0, 210, 239, 214, 239, 213, 239, 211, 239, 210, 239, 209, 239, 211, 239, 213, 239, 212, 239, 211, 239, 211, 239, 210, 239, 208, 239, 209, 239, 211, 239, 210, 239, 209, 239, 209, 239, 211, 239, 211, 239, 212, 239, 214, 239, 215, 239, 212, 239, 209, 239, 91, 1, 92, 1, 91, 1, 92, 1, 93, 1, 94, 1, 95, 1, 95, 1, 94, 1, 93, 1, 91, 1, 90, 1, 91, 1, 93, 1, 96, 1, 97, 1, 98, 1, 94, 1, 93, 1, 93, 1, 94, 1, 95, 1, 98, 1, 98, 1, 96, 1, 26, 0, 0, 18, 152]
1762250421169;F5:15:8C:96:83:4F;[32, 33, 172, 37, 0, 169, 37, 0, 178, 37, 0, 188, 37, 0, 192, 37, 0, 189, 37, 0, 177, 37, 0, 173, 37, 0, 182, 37, 0, 186, 37, 0, 185, 37, 0, 187, 37, 0, 187, 37, 0, 183, 37, 0, 178, 37, 0, 170, 37, 0, 176, 37, 0, 185, 37, 0, 185, 37, 0, 180, 37, 0, 183, 37, 0, 178, 37, 0, 191, 37, 0, 185, 37, 0, 198, 37, 0, 60, 0, 59, 0, 59, 0, 59, 0, 58, 0, 58, 0, 58, 0, 59, 0, 57, 0, 58, 0, 57, 0, 58, 0, 60, 0, 60, 0, 59, 0, 58, 0, 57, 0, 58, 0, 57, 0, 57, 0, 59, 0, 59, 0, 61, 0, 60, 0, 60, 0, 207, 239, 205, 239, 205, 239, 205, 239, 205, 239, 207, 239, 207, 239, 210, 239, 212, 239, 211, 239, 209, 239, 207, 239, 207, 239, 208, 239, 210, 239, 210, 239, 212, 239, 210, 239, 210, 239, 210, 239, 209, 239, 208, 239, 207, 239, 209, 239, 208, 239, 94, 1, 93, 1, 93, 1, 94, 1, 98, 1, 100, 1, 99, 1, 98, 1, 95, 1, 94, 1, 94, 1, 95, 1, 96, 1, 96, 1, 96, 1, 95, 1, 94, 1, 94, 1, 94, 1, 95, 1, 95, 1, 95, 1, 96, 1, 96, 1, 96, 1, 26, 0, 0, 18, 153]
1762250421432;F5:15:8C:96:83:4F;[32, 33, 206, 37, 0, 202, 37, 0, 210, 37, 0, 204, 37, 0, 202, 37, 0, 206, 37, 0, 203, 37, 0, 198, 37, 0, 196, 37, 0, 193, 37, 0, 190, 37, 0, 190, 37, 0, 183, 37, 0, 181, 37, 0, 183, 37, 0, 175, 37, 0, 175, 37, 0, 166, 37, 0, 162, 37, 0, 170, 37, 0, 174, 37, 0, 177, 37, 0, 182, 37, 0, 184, 37, 0, 177, 37, 0, 61, 0, 61, 0, 61, 0, 59, 0, 58, 0, 56, 0, 58, 0, 57, 0, 58, 0, 56, 0, 57, 0, 58, 0, 59, 0, 59, 0, 60, 0, 58, 0, 56, 0, 55, 0, 57, 0, 58, 0, 60, 0, 59, 0, 58, 0, 58, 0, 58, 0, 207, 239, 206, 239, 205, 239, 205, 239, 204, 239, 207, 239, 207, 239, 207, 239, 205, 239, 206, 239, 207, 239, 207, 239, 208, 239, 211, 239, 210, 239, 209, 239, 208, 239, 209, 239, 207, 239, 208, 239, 209, 239, 210, 239, 212, 239, 211, 239, 211, 239, 97, 1, 97, 1, 96, 1, 96, 1, 95, 1, 93, 1, 91, 1, 91, 1, 92, 1, 93, 1, 95, 1, 95, 1, 96, 1, 95, 1, 93, 1, 94, 1, 95, 1, 94, 1, 93, 1, 92, 1, 91, 1, 91, 1, 92, 1, 94, 1, 95, 1, 27, 0, 0, 18, 154]
1762250421656;F5:15:8C:96:83:4F;[36, 33, 178, 37, 0, 170, 37, 0, 177, 37, 0, 182, 37, 0, 181, 37, 0, 180, 37, 0, 177, 37, 0, 177, 37, 0, 173, 37, 0, 174, 37, 0, 178, 37, 0, 179, 37, 0, 183, 37, 0, 211, 37, 0, 235, 37, 0, 235, 37, 0, 226, 37, 0, 226, 37, 0, 216, 37, 0, 225, 37, 0, 215, 37, 0, 210, 37, 0, 215, 37, 0, 215, 37, 0, 206, 37, 0, 57, 0, 57, 0, 59, 0, 60, 0, 59, 0, 59, 0, 58, 0, 56, 0, 56, 0, 55, 0, 56, 0, 60, 0, 59, 0, 58, 0, 58, 0, 57, 0, 56, 0, 56, 0, 56, 0, 59, 0, 61, 0, 60, 0, 60, 0, 58, 0, 57, 0, 209, 239, 210, 239, 206, 239, 204, 239, 206, 239, 209, 239, 210, 239, 209, 239, 211, 239, 209, 239, 207, 239, 207, 239, 206, 239, 205, 239, 207, 239, 207, 239, 208, 239, 210, 239, 208, 239, 209, 239, 208, 239, 210, 239, 210, 239, 208, 239, 207, 239, 92, 1, 91, 1, 92, 1, 92, 1, 93, 1, 95, 1, 94, 1, 91, 1, 89, 1, 88, 1, 90, 1, 92, 1, 94, 1, 95, 1, 94, 1, 93, 1, 92, 1, 91, 1, 91, 1, 92, 1, 93, 1, 93, 1, 92, 1, 92, 1, 89, 1, 26, 0, 26, 0, 0, 18, 0, 18, 155]
1762250421937;F5:15:8C:96:83:4F;[32, 33, 212, 37, 0, 202, 37, 0, 183, 37, 0, 164, 37, 0, 164, 37, 0, 156, 37, 0, 159, 37, 0, 169, 37, 0, 164, 37, 0, 160, 37, 0, 161, 37, 0, 167, 37, 0, 164, 37, 0, 175, 37, 0, 181, 37, 0, 180, 37, 0, 181, 37, 0, 175, 37, 0, 181, 37, 0, 183, 37, 0, 179, 37, 0, 177, 37, 0, 179, 37, 0, 160, 37, 0, 160, 37, 0, 63, 0, 64, 0, 60, 0, 61, 0, 59, 0, 57, 0, 63, 0, 59, 0, 59, 0, 62, 0, 61, 0, 59, 0, 61, 0, 61, 0, 59, 0, 60, 0, 59, 0, 59, 0, 58, 0, 59, 0, 58, 0, 59, 0, 57, 0, 55, 0, 57, 0, 211, 239, 203, 239, 208, 239, 214, 239, 216, 239, 205, 239, 214, 239, 214, 239, 205, 239, 205, 239, 210, 239, 209, 239, 203, 239, 209, 239, 216, 239, 215, 239, 219, 239, 208, 239, 212, 239, 209, 239, 207, 239, 207, 239, 201, 239, 198, 239, 195, 239, 90, 1, 97, 1, 95, 1, 93, 1, 92, 1, 93, 1, 90, 1, 93, 1, 93, 1, 91, 1, 91, 1, 90, 1, 91, 1, 91, 1, 91, 1, 91, 1, 92, 1, 96, 1, 91, 1, 90, 1, 91, 1, 93, 1, 94, 1, 95, 1, 93, 1, 26, 0, 248, 17, 156]
1762250422127;F5:15:8C:96:83:4F;[32, 33, 162, 37, 0, 178, 37, 0, 182, 37, 0, 177, 37, 0, 176, 37, 0, 174, 37, 0, 172, 37, 0, 178, 37, 0, 183, 37, 0, 178, 37, 0, 177, 37, 0, 175, 37, 0, 179, 37, 0, 177, 37, 0, 176, 37, 0, 172, 37, 0, 170, 37, 0, 168, 37, 0, 178, 37, 0, 181, 37, 0, 184, 37, 0, 180, 37, 0, 178, 37, 0, 168, 37, 0, 172, 37, 0, 60, 0, 60, 0, 59, 0, 59, 0, 58, 0, 59, 0, 60, 0, 59, 0, 58, 0, 60, 0, 60, 0, 60, 0, 57, 0, 58, 0, 56, 0, 57, 0, 59, 0, 61, 0, 65, 0, 64, 0, 63, 0, 60, 0, 58, 0, 56, 0, 58, 0, 200, 239, 199, 239, 201, 239, 207, 239, 211, 239, 214, 239, 212, 239, 213, 239, 213, 239, 212, 239, 212, 239, 211, 239, 213, 239, 210, 239, 210, 239, 207, 239, 210, 239, 210, 239, 210, 239, 209, 239, 209, 239, 210, 239, 207, 239, 209, 239, 211, 239, 91, 1, 93, 1, 96, 1, 95, 1, 95, 1, 91, 1, 90, 1, 91, 1, 92, 1, 94, 1, 94, 1, 93, 1, 92, 1, 92, 1, 93, 1, 92, 1, 90, 1, 87, 1, 89, 1, 90, 1, 91, 1, 92, 1, 92, 1, 89, 1, 89, 1, 26, 0, 0, 18, 157]
1762250422416;F5:15:8C:96:83:4F;[32, 33, 178, 37, 0, 178, 37, 0, 184, 37, 0, 180, 37, 0, 168, 37, 0, 162, 37, 0, 167, 37, 0, 179, 37, 0, 191, 37, 0, 195, 37, 0, 184, 37, 0, 175, 37, 0, 161, 37, 0, 167, 37, 0, 173, 37, 0, 179, 37, 0, 185, 37, 0, 182, 37, 0, 173, 37, 0, 175, 37, 0, 176, 37, 0, 175, 37, 0, 180, 37, 0, 185, 37, 0, 176, 37, 0, 60, 0, 60, 0, 62, 0, 59, 0, 58, 0, 57, 0, 57, 0, 59, 0, 59, 0, 60, 0, 58, 0, 58, 0, 59, 0, 59, 0, 61, 0, 61, 0, 60, 0, 62, 0, 62, 0, 61, 0, 61, 0, 60, 0, 60, 0, 60, 0, 59, 0, 208, 239, 213, 239, 212, 239, 212, 239, 210, 239, 211, 239, 207, 239, 206, 239, 207, 239, 208, 239, 208, 239, 208, 239, 209, 239, 207, 239, 208, 239, 210, 239, 211, 239, 211, 239, 209, 239, 208, 239, 210, 239, 210, 239, 208, 239, 211, 239, 215, 239, 89, 1, 91, 1, 94, 1, 95, 1, 94, 1, 90, 1, 86, 1, 89, 1, 90, 1, 91, 1, 93, 1, 93, 1, 89, 1, 88, 1, 89, 1, 88, 1, 89, 1, 92, 1, 92, 1, 91, 1, 88, 1, 89, 1, 89, 1, 90, 1, 88, 1, 26, 0, 248, 17, 158]
1762250422647;F5:15:8C:96:83:4F;[36, 33, 173, 37, 0, 161, 37, 0, 174, 37, 0, 182, 37, 0, 174, 37, 0, 177, 37, 0, 175, 37, 0, 171, 37, 0, 173, 37, 0, 169, 37, 0, 174, 37, 0, 172, 37, 0, 174, 37, 0, 170, 37, 0, 174, 37, 0, 167, 37, 0, 163, 37, 0, 163, 37, 0, 170, 37, 0, 178, 37, 0, 176, 37, 0, 175, 37, 0, 168, 37, 0, 162, 37, 0, 158, 37, 0, 58, 0, 58, 0, 57, 0, 56, 0, 58, 0, 60, 0, 60, 0, 57, 0, 56, 0, 57, 0, 58, 0, 59, 0, 59, 0, 60, 0, 60, 0, 58, 0, 58, 0, 58, 0, 60, 0, 61, 0, 61, 0, 60, 0, 58, 0, 56, 0, 57, 0, 213, 239, 212, 239, 210, 239, 212, 239, 209, 239, 209, 239, 211, 239, 211, 239, 212, 239, 208, 239, 206, 239, 208, 239, 207, 239, 207, 239, 207, 239, 206, 239, 205, 239, 207, 239, 207, 239, 209, 239, 209, 239, 206, 239, 205, 239, 206, 239, 205, 239, 89, 1, 88, 1, 89, 1, 88, 1, 91, 1, 90, 1, 92, 1, 94, 1, 92, 1, 91, 1, 92, 1, 90, 1, 91, 1, 91, 1, 90, 1, 89, 1, 89, 1, 88, 1, 89, 1, 93, 1, 96, 1, 96, 1, 96, 1, 93, 1, 91, 1, 26, 0, 26, 0, 0, 18, 0, 18, 159]
1762250422920;F5:15:8C:96:83:4F;[32, 33, 171, 37, 0, 174, 37, 0, 179, 37, 0, 174, 37, 0, 162, 37, 0, 162, 37, 0, 161, 37, 0, 165, 37, 0, 171, 37, 0, 168, 37, 0, 166, 37, 0, 163, 37, 0, 160, 37, 0, 159, 37, 0, 162, 37, 0, 162, 37, 0, 169, 37, 0, 168, 37, 0, 165, 37, 0, 160, 37, 0, 159, 37, 0, 158, 37, 0, 159, 37, 0, 154, 37, 0, 164, 37, 0, 56, 0, 59, 0, 60, 0, 60, 0, 60, 0, 60, 0, 58, 0, 58, 0, 58, 0, 58, 0, 57, 0, 56, 0, 58, 0, 58, 0, 59, 0, 59, 0, 58, 0, 59, 0, 59, 0, 57, 0, 57, 0, 56, 0, 57, 0, 58, 0, 58, 0, 204, 239, 203, 239, 208, 239, 209, 239, 209, 239, 208, 239, 208, 239, 209, 239, 209, 239, 209, 239, 211, 239, 212, 239, 211, 239, 210, 239, 208, 239, 207, 239, 208, 239, 208, 239, 209, 239, 207, 239, 207, 239, 206, 239, 206, 239, 206, 239, 205, 239, 92, 1, 92, 1, 91, 1, 92, 1, 91, 1, 91, 1, 89, 1, 91, 1, 90, 1, 93, 1, 94, 1, 93, 1, 93, 1, 93, 1, 92, 1, 94, 1, 93, 1, 93, 1, 93, 1, 93, 1, 92, 1, 93, 1, 90, 1, 88, 1, 88, 1, 26, 0, 248, 17, 160]
1762250423156;F5:15:8C:96:83:4F;[32, 33, 163, 37, 0, 163, 37, 0, 160, 37, 0, 158, 37, 0, 158, 37, 0, 156, 37, 0, 158, 37, 0, 153, 37, 0, 161, 37, 0, 158, 37, 0, 155, 37, 0, 152, 37, 0, 149, 37, 0, 144, 37, 0, 159, 37, 0, 154, 37, 0, 156, 37, 0, 149, 37, 0, 152, 37, 0, 153, 37, 0, 150, 37, 0, 153, 37, 0, 150, 37, 0, 152, 37, 0, 147, 37, 0, 60, 0, 59, 0, 56, 0, 56, 0, 57, 0, 56, 0, 57, 0, 59, 0, 63, 0, 62, 0, 60, 0, 59, 0, 57, 0, 57, 0, 57, 0, 59, 0, 61, 0, 61, 0, 62, 0, 60, 0, 57, 0, 56, 0, 56, 0, 57, 0, 58, 0, 207, 239, 207, 239, 210, 239, 211, 239, 208, 239, 209, 239, 209, 239, 210, 239, 209, 239, 208, 239, 208, 239, 208, 239, 205, 239, 204, 239, 205, 239, 206, 239, 205, 239, 204, 239, 206, 239, 210, 239, 210, 239, 211, 239, 212, 239, 211, 239, 208, 239, 90, 1, 92, 1, 92, 1, 92, 1, 91, 1, 90, 1, 87, 1, 89, 1, 92, 1, 93, 1, 93, 1, 91, 1, 90, 1, 89, 1, 88, 1, 93, 1, 94, 1, 92, 1, 93, 1, 90, 1, 90, 1, 89, 1, 92, 1, 93, 1, 91, 1, 26, 0, 0, 18, 161]
1762250423398;F5:15:8C:96:83:4F;[32, 33, 145, 37, 0, 146, 37, 0, 153, 37, 0, 156, 37, 0, 154, 37, 0, 142, 37, 0, 136, 37, 0, 136, 37, 0, 149, 37, 0, 150, 37, 0, 152, 37, 0, 147, 37, 0, 136, 37, 0, 135, 37, 0, 141, 37, 0, 145, 37, 0, 155, 37, 0, 144, 37, 0, 138, 37, 0, 141, 37, 0, 137, 37, 0, 141, 37, 0, 145, 37, 0, 144, 37, 0, 139, 37, 0, 61, 0, 63, 0, 61, 0, 58, 0, 57, 0, 55, 0, 56, 0, 56, 0, 58, 0, 59, 0, 57, 0, 56, 0, 56, 0, 57, 0, 55, 0, 56, 0, 59, 0, 61, 0, 63, 0, 63, 0, 61, 0, 57, 0, 57, 0, 56, 0, 57, 0, 206, 239, 207, 239, 209, 239, 209, 239, 208, 239, 211, 239, 212, 239, 212, 239, 211, 239, 212, 239, 211, 239, 209, 239, 210, 239, 208, 239, 208, 239, 208, 239, 206, 239, 206, 239, 211, 239, 210, 239, 209, 239, 208, 239, 209, 239, 211, 239, 211, 239, 90, 1, 90, 1, 89, 1, 90, 1, 91, 1, 89, 1, 86, 1, 84, 1, 86, 1, 88, 1, 90, 1, 91, 1, 91, 1, 89, 1, 86, 1, 88, 1, 92, 1, 91, 1, 90, 1, 90, 1, 89, 1, 89, 1, 88, 1, 90, 1, 90, 1, 26, 0, 0, 18, 162]
1762250423622;F5:15:8C:96:83:4F;[36, 33, 140, 37, 0, 135, 37, 0, 145, 37, 0, 138, 37, 0, 144, 37, 0, 142, 37, 0, 138, 37, 0, 135, 37, 0, 139, 37, 0, 142, 37, 0, 138, 37, 0, 134, 37, 0, 127, 37, 0, 128, 37, 0, 130, 37, 0, 135, 37, 0, 139, 37, 0, 142, 37, 0, 146, 37, 0, 132, 37, 0, 126, 37, 0, 127, 37, 0, 126, 37, 0, 131, 37, 0, 140, 37, 0, 60, 0, 61, 0, 60, 0, 58, 0, 58, 0, 57, 0, 57, 0, 58, 0, 59, 0, 58, 0, 60, 0, 59, 0, 56, 0, 56, 0, 56, 0, 59, 0, 61, 0, 63, 0, 61, 0, 58, 0, 54, 0, 55, 0, 54, 0, 54, 0, 59, 0, 206, 239, 208, 239, 209, 239, 208, 239, 209, 239, 210, 239, 209, 239, 206, 239, 208, 239, 210, 239, 211, 239, 208, 239, 207, 239, 209, 239, 206, 239, 205, 239, 207, 239, 210, 239, 212, 239, 212, 239, 214, 239, 207, 239, 208, 239, 206, 239, 214, 239, 91, 1, 89, 1, 91, 1, 93, 1, 93, 1, 94, 1, 92, 1, 91, 1, 92, 1, 94, 1, 94, 1, 96, 1, 95, 1, 91, 1, 90, 1, 89, 1, 91, 1, 92, 1, 93, 1, 94, 1, 92, 1, 89, 1, 92, 1, 93, 1, 91, 1, 26, 0, 27, 0, 0, 18, 0, 18, 163]
1762250423860;F5:15:8C:96:83:4F;[32, 33, 135, 37, 0, 134, 37, 0, 124, 37, 0, 129, 37, 0, 126, 37, 0, 129, 37, 0, 123, 37, 0, 133, 37, 0, 130, 37, 0, 130, 37, 0, 126, 37, 0, 131, 37, 0, 131, 37, 0, 119, 37, 0, 128, 37, 0, 119, 37, 0, 126, 37, 0, 128, 37, 0, 135, 37, 0, 131, 37, 0, 121, 37, 0, 122, 37, 0, 127, 37, 0, 127, 37, 0, 125, 37, 0, 60, 0, 57, 0, 58, 0, 59, 0, 55, 0, 55, 0, 56, 0, 56, 0, 57, 0, 60, 0, 60, 0, 59, 0, 58, 0, 59, 0, 58, 0, 59, 0, 62, 0, 60, 0, 60, 0, 58, 0, 59, 0, 59, 0, 60, 0, 60, 0, 60, 0, 210, 239, 212, 239, 210, 239, 208, 239, 208, 239, 207, 239, 208, 239, 209, 239, 206, 239, 206, 239, 210, 239, 209, 239, 204, 239, 204, 239, 207, 239, 206, 239, 205, 239, 208, 239, 212, 239, 210, 239, 209, 239, 211, 239, 211, 239, 208, 239, 205, 239, 92, 1, 92, 1, 92, 1, 89, 1, 89, 1, 89, 1, 88, 1, 86, 1, 88, 1, 88, 1, 86, 1, 87, 1, 89, 1, 91, 1, 91, 1, 90, 1, 90, 1, 91, 1, 91, 1, 93, 1, 91, 1, 90, 1, 88, 1, 91, 1, 93, 1, 26, 0, 248, 17, 164]
1762250424147;F5:15:8C:96:83:4F;[32, 33, 122, 37, 0, 126, 37, 0, 120, 37, 0, 123, 37, 0, 126, 37, 0, 125, 37, 0, 130, 37, 0, 129, 37, 0, 122, 37, 0, 120, 37, 0, 127, 37, 0, 119, 37, 0, 121, 37, 0, 123, 37, 0, 119, 37, 0, 123, 37, 0, 127, 37, 0, 121, 37, 0, 120, 37, 0, 117, 37, 0, 123, 37, 0, 122, 37, 0, 122, 37, 0, 118, 37, 0, 126, 37, 0, 60, 0, 60, 0, 59, 0, 58, 0, 59, 0, 60, 0, 59, 0, 60, 0, 62, 0, 60, 0, 60, 0, 59, 0, 58, 0, 61, 0, 62, 0, 61, 0, 62, 0, 61, 0, 57, 0, 56, 0, 56, 0, 57, 0, 57, 0, 59, 0, 59, 0, 209, 239, 210, 239, 210, 239, 210, 239, 212, 239, 214, 239, 211, 239, 210, 239, 211, 239, 208, 239, 201, 239, 206, 239, 205, 239, 205, 239, 211, 239, 211, 239, 211, 239, 212, 239, 210, 239, 210, 239, 210, 239, 210, 239, 208, 239, 210, 239, 212, 239, 92, 1, 90, 1, 90, 1, 89, 1, 86, 1, 87, 1, 90, 1, 92, 1, 90, 1, 89, 1, 91, 1, 90, 1, 89, 1, 89, 1, 88, 1, 89, 1, 90, 1, 88, 1, 89, 1, 88, 1, 87, 1, 87, 1, 90, 1, 90, 1, 88, 1, 26, 0, 0, 18, 165]
1762250424366;F5:15:8C:96:83:4F;[32, 33, 118, 37, 0, 117, 37, 0, 120, 37, 0, 124, 37, 0, 116, 37, 0, 119, 37, 0, 120, 37, 0, 123, 37, 0, 118, 37, 0, 112, 37, 0, 117, 37, 0, 112, 37, 0, 122, 37, 0, 117, 37, 0, 117, 37, 0, 115, 37, 0, 118, 37, 0, 119, 37, 0, 118, 37, 0, 117, 37, 0, 117, 37, 0, 110, 37, 0, 116, 37, 0, 131, 37, 0, 116, 37, 0, 57, 0, 57, 0, 58, 0, 58, 0, 60, 0, 60, 0, 61, 0, 62, 0, 61, 0, 59, 0, 59, 0, 59, 0, 59, 0, 60, 0, 60, 0, 60, 0, 59, 0, 60, 0, 56, 0, 56, 0, 55, 0, 57, 0, 56, 0, 57, 0, 56, 0, 213, 239, 213, 239, 212, 239, 210, 239, 210, 239, 209, 239, 205, 239, 207, 239, 208, 239, 207, 239, 208, 239, 210, 239, 211, 239, 210, 239, 210, 239, 212, 239, 212, 239, 209, 239, 206, 239, 208, 239, 210, 239, 212, 239, 212, 239, 211, 239, 210, 239, 88, 1, 90, 1, 89, 1, 89, 1, 88, 1, 89, 1, 89, 1, 89, 1, 89, 1, 90, 1, 89, 1, 89, 1, 87, 1, 89, 1, 90, 1, 89, 1, 89, 1, 89, 1, 93, 1, 91, 1, 90, 1, 88, 1, 88, 1, 90, 1, 89, 1, 26, 0, 0, 18, 166]
1762250424648;F5:15:8C:96:83:4F;[36, 33, 117, 37, 0, 113, 37, 0, 120, 37, 0, 120, 37, 0, 126, 37, 0, 117, 37, 0, 112, 37, 0, 114, 37, 0, 114, 37, 0, 119, 37, 0, 118, 37, 0, 111, 37, 0, 113, 37, 0, 120, 37, 0, 120, 37, 0, 116, 37, 0, 117, 37, 0, 117, 37, 0, 122, 37, 0, 123, 37, 0, 120, 37, 0, 118, 37, 0, 116, 37, 0, 119, 37, 0, 119, 37, 0, 59, 0, 61, 0, 59, 0, 59, 0, 59, 0, 61, 0, 60, 0, 58, 0, 59, 0, 58, 0, 56, 0, 58, 0, 58, 0, 58, 0, 61, 0, 61, 0, 61, 0, 61, 0, 60, 0, 59, 0, 59, 0, 58, 0, 60, 0, 59, 0, 59, 0, 209, 239, 210, 239, 209, 239, 209, 239, 207, 239, 207, 239, 208, 239, 209, 239, 210, 239, 211, 239, 209, 239, 208, 239, 209, 239, 208, 239, 206, 239, 209, 239, 210, 239, 209, 239, 212, 239, 210, 239, 211, 239, 211, 239, 210, 239, 210, 239, 210, 239, 89, 1, 88, 1, 89, 1, 90, 1, 92, 1, 93, 1, 94, 1, 92, 1, 92, 1, 89, 1, 90, 1, 89, 1, 89, 1, 87, 1, 88, 1, 88, 1, 89, 1, 88, 1, 90, 1, 92, 1, 93, 1, 93, 1, 92, 1, 91, 1, 90, 1, 26, 0, 26, 0, 0, 18, 248, 17, 167]
1762250424886;F5:15:8C:96:83:4F;[32, 33, 122, 37, 0, 116, 37, 0, 114, 37, 0, 116, 37, 0, 123, 37, 0, 121, 37, 0, 121, 37, 0, 119, 37, 0, 118, 37, 0, 121, 37, 0, 123, 37, 0, 120, 37, 0, 125, 37, 0, 118, 37, 0, 120, 37, 0, 114, 37, 0, 119, 37, 0, 122, 37, 0, 117, 37, 0, 114, 37, 0, 120, 37, 0, 120, 37, 0, 119, 37, 0, 112, 37, 0, 119, 37, 0, 60, 0, 57, 0, 58, 0, 60, 0, 58, 0, 57, 0, 57, 0, 58, 0, 57, 0, 57, 0, 58, 0, 58, 0, 60, 0, 59, 0, 59, 0, 58, 0, 58, 0, 59, 0, 60, 0, 59, 0, 58, 0, 58, 0, 59, 0, 59, 0, 59, 0, 208, 239, 205, 239, 208, 239, 208, 239, 207, 239, 207, 239, 208, 239, 208, 239, 208, 239, 207, 239, 211, 239, 211, 239, 210, 239, 210, 239, 212, 239, 212, 239, 211, 239, 207, 239, 207, 239, 206, 239, 209, 239, 210, 239, 208, 239, 206, 239, 208, 239, 93, 1, 91, 1, 92, 1, 90, 1, 90, 1, 89, 1, 87, 1, 91, 1, 91, 1, 91, 1, 92, 1, 92, 1, 93, 1, 91, 1, 90, 1, 89, 1, 88, 1, 88, 1, 88, 1, 87, 1, 87, 1, 89, 1, 88, 1, 88, 1, 89, 1, 27, 0, 248, 17, 168]
1762250425133;F5:15:8C:96:83:4F;[32, 33, 129, 37, 0, 122, 37, 0, 123, 37, 0, 123, 37, 0, 122, 37, 0, 115, 37, 0, 111, 37, 0, 122, 37, 0, 123, 37, 0, 125, 37, 0, 121, 37, 0, 118, 37, 0, 119, 37, 0, 126, 37, 0, 122, 37, 0, 121, 37, 0, 122, 37, 0, 123, 37, 0, 126, 37, 0, 128, 37, 0, 118, 37, 0, 112, 37, 0, 123, 37, 0, 124, 37, 0, 121, 37, 0, 59, 0, 59, 0, 59, 0, 56, 0, 54, 0, 52, 0, 53, 0, 54, 0, 56, 0, 58, 0, 60, 0, 60, 0, 59, 0, 58, 0, 57, 0, 58, 0, 58, 0, 59, 0, 60, 0, 61, 0, 60, 0, 57, 0, 57, 0, 58, 0, 59, 0, 208, 239, 207, 239, 208, 239, 209, 239, 209, 239, 208, 239, 208, 239, 210, 239, 209, 239, 208, 239, 208, 239, 212, 239, 212, 239, 210, 239, 212, 239, 212, 239, 212, 239, 212, 239, 213, 239, 210, 239, 209, 239, 209, 239, 209, 239, 208, 239, 210, 239, 89, 1, 89, 1, 90, 1, 91, 1, 92, 1, 90, 1, 88, 1, 88, 1, 88, 1, 89, 1, 89, 1, 88, 1, 89, 1, 89, 1, 90, 1, 90, 1, 90, 1, 90, 1, 91, 1, 92, 1, 90, 1, 87, 1, 87, 1, 85, 1, 86, 1, 27, 0, 0, 18, 169]
1762250425427;F5:15:8C:96:83:4F;[32, 33, 120, 37, 0, 126, 37, 0, 119, 37, 0, 122, 37, 0, 125, 37, 0, 123, 37, 0, 124, 37, 0, 129, 37, 0, 120, 37, 0, 123, 37, 0, 129, 37, 0, 120, 37, 0, 121, 37, 0, 118, 37, 0, 127, 37, 0, 122, 37, 0, 128, 37, 0, 131, 37, 0, 125, 37, 0, 130, 37, 0, 134, 37, 0, 132, 37, 0, 133, 37, 0, 127, 37, 0, 117, 37, 0, 59, 0, 60, 0, 58, 0, 58, 0, 58, 0, 59, 0, 60, 0, 59, 0, 57, 0, 57, 0, 57, 0, 57, 0, 57, 0, 58, 0, 59, 0, 61, 0, 58, 0, 58, 0, 57, 0, 58, 0, 59, 0, 59, 0, 58, 0, 58, 0, 57, 0, 210, 239, 209, 239, 206, 239, 205, 239, 205, 239, 208, 239, 209, 239, 208, 239, 209, 239, 209, 239, 210, 239, 209, 239, 210, 239, 209, 239, 210, 239, 210, 239, 208, 239, 209, 239, 209, 239, 210, 239, 209, 239, 206, 239, 206, 239, 205, 239, 205, 239, 89, 1, 90, 1, 89, 1, 89, 1, 91, 1, 91, 1, 93, 1, 92, 1, 91, 1, 89, 1, 89, 1, 90, 1, 92, 1, 90, 1, 89, 1, 90, 1, 90, 1, 89, 1, 88, 1, 89, 1, 91, 1, 92, 1, 90, 1, 89, 1, 86, 1, 26, 0, 248, 17, 170]
1762250425614;F5:15:8C:96:83:4F;[36, 33, 131, 37, 0, 122, 37, 0, 129, 37, 0, 133, 37, 0, 139, 37, 0, 132, 37, 0, 129, 37, 0, 133, 37, 0, 131, 37, 0, 139, 37, 0, 141, 37, 0, 140, 37, 0, 130, 37, 0, 134, 37, 0, 133, 37, 0, 136, 37, 0, 137, 37, 0, 131, 37, 0, 132, 37, 0, 133, 37, 0, 139, 37, 0, 140, 37, 0, 139, 37, 0, 131, 37, 0, 141, 37, 0, 56, 0, 56, 0, 57, 0, 58, 0, 59, 0, 57, 0, 56, 0, 57, 0, 57, 0, 56, 0, 57, 0, 56, 0, 55, 0, 55, 0, 56, 0, 58, 0, 60, 0, 59, 0, 58, 0, 58, 0, 59, 0, 60, 0, 59, 0, 60, 0, 59, 0, 205, 239, 208, 239, 210, 239, 209, 239, 210, 239, 210, 239, 210, 239, 204, 239, 205, 239, 207, 239, 207, 239, 208, 239, 208, 239, 209, 239, 208, 239, 209, 239, 211, 239, 208, 239, 207, 239, 206, 239, 206, 239, 205, 239, 208, 239, 209, 239, 211, 239, 86, 1, 86, 1, 87, 1, 87, 1, 89, 1, 87, 1, 89, 1, 90, 1, 90, 1, 90, 1, 91, 1, 92, 1, 92, 1, 90, 1, 90, 1, 86, 1, 87, 1, 90, 1, 90, 1, 86, 1, 86, 1, 85, 1, 86, 1, 86, 1, 86, 1, 26, 0, 26, 0, 248, 17, 248, 17, 171]
1762250425902;F5:15:8C:96:83:4F;[32, 33, 142, 37, 0, 139, 37, 0, 136, 37, 0, 131, 37, 0, 137, 37, 0, 133, 37, 0, 141, 37, 0, 142, 37, 0, 134, 37, 0, 146, 37, 0, 139, 37, 0, 143, 37, 0, 136, 37, 0, 136, 37, 0, 140, 37, 0, 138, 37, 0, 137, 37, 0, 144, 37, 0, 141, 37, 0, 139, 37, 0, 143, 37, 0, 140, 37, 0, 138, 37, 0, 141, 37, 0, 141, 37, 0, 58, 0, 56, 0, 56, 0, 56, 0, 56, 0, 56, 0, 56, 0, 56, 0, 57, 0, 59, 0, 59, 0, 58, 0, 59, 0, 61, 0, 60, 0, 60, 0, 62, 0, 65, 0, 63, 0, 62, 0, 61, 0, 62, 0, 60, 0, 59, 0, 57, 0, 208, 239, 209, 239, 210, 239, 210, 239, 209, 239, 209, 239, 211, 239, 209, 239, 207, 239, 207, 239, 209, 239, 210, 239, 209, 239, 209, 239, 209, 239, 209, 239, 209, 239, 208, 239, 209, 239, 210, 239, 208, 239, 208, 239, 212, 239, 210, 239, 206, 239, 91, 1, 91, 1, 90, 1, 90, 1, 88, 1, 86, 1, 85, 1, 84, 1, 85, 1, 86, 1, 87, 1, 89, 1, 90, 1, 90, 1, 88, 1, 86, 1, 86, 1, 87, 1, 87, 1, 85, 1, 86, 1, 87, 1, 86, 1, 86, 1, 87, 1, 26, 0, 248, 17, 172]
1762250426113;F5:15:8C:96:83:4F;[32, 33, 142, 37, 0, 145, 37, 0, 148, 37, 0, 143, 37, 0, 138, 37, 0, 142, 37, 0, 143, 37, 0, 137, 37, 0, 143, 37, 0, 142, 37, 0, 143, 37, 0, 140, 37, 0, 138, 37, 0, 142, 37, 0, 141, 37, 0, 142, 37, 0, 142, 37, 0, 142, 37, 0, 138, 37, 0, 146, 37, 0, 143, 37, 0, 135, 37, 0, 140, 37, 0, 139, 37, 0, 144, 37, 0, 59, 0, 60, 0, 61, 0, 60, 0, 61, 0, 59, 0, 61, 0, 63, 0, 63, 0, 60, 0, 60, 0, 59, 0, 58, 0, 59, 0, 60, 0, 58, 0, 57, 0, 55, 0, 56, 0, 58, 0, 59, 0, 59, 0, 59, 0, 60, 0, 56, 0, 208, 239, 209, 239, 206, 239, 206, 239, 205, 239, 205, 239, 206, 239, 206, 239, 207, 239, 208, 239, 207, 239, 207, 239, 207, 239, 208, 239, 207, 239, 209, 239, 209, 239, 209, 239, 209, 239, 209, 239, 207, 239, 207, 239, 208, 239, 208, 239, 208, 239, 87, 1, 89, 1, 91, 1, 90, 1, 89, 1, 89, 1, 90, 1, 90, 1, 88, 1, 88, 1, 89, 1, 88, 1, 88, 1, 88, 1, 87, 1, 86, 1, 87, 1, 86, 1, 88, 1, 87, 1, 87, 1, 86, 1, 86, 1, 88, 1, 89, 1, 27, 0, 0, 18, 173]
1762250426427;F5:15:8C:96:83:4F;[32, 33, 141, 37, 0, 142, 37, 0, 143, 37, 0, 141, 37, 0, 141, 37, 0, 140, 37, 0, 138, 37, 0, 142, 37, 0, 144, 37, 0, 141, 37, 0, 144, 37, 0, 141, 37, 0, 145, 37, 0, 139, 37, 0, 141, 37, 0, 136, 37, 0, 142, 37, 0, 146, 37, 0, 144, 37, 0, 142, 37, 0, 137, 37, 0, 139, 37, 0, 151, 37, 0, 144, 37, 0, 137, 37, 0, 54, 0, 54, 0, 55, 0, 57, 0, 60, 0, 59, 0, 59, 0, 57, 0, 57, 0, 56, 0, 57, 0, 58, 0, 59, 0, 59, 0, 59, 0, 57, 0, 58, 0, 59, 0, 59, 0, 58, 0, 57, 0, 57, 0, 57, 0, 57, 0, 56, 0, 209, 239, 210, 239, 208, 239, 206, 239, 207, 239, 209, 239, 205, 239, 203, 239, 207, 239, 210, 239, 207, 239, 206, 239, 208, 239, 208, 239, 208, 239, 205, 239, 208, 239, 209, 239, 207, 239, 206, 239, 208, 239, 210, 239, 207, 239, 208, 239, 208, 239, 88, 1, 87, 1, 87, 1, 88, 1, 87, 1, 89, 1, 90, 1, 88, 1, 87, 1, 86, 1, 87, 1, 86, 1, 86, 1, 84, 1, 83, 1, 85, 1, 86, 1, 87, 1, 88, 1, 88, 1, 86, 1, 87, 1, 87, 1, 89, 1, 88, 1, 26, 0, 248, 17, 174]
1762250426613;F5:15:8C:96:83:4F;[36, 33, 139, 37, 0, 144, 37, 0, 141, 37, 0, 140, 37, 0, 139, 37, 0, 140, 37, 0, 143, 37, 0, 142, 37, 0, 139, 37, 0, 143, 37, 0, 143, 37, 0, 140, 37, 0, 141, 37, 0, 143, 37, 0, 144, 37, 0, 141, 37, 0, 146, 37, 0, 149, 37, 0, 141, 37, 0, 146, 37, 0, 143, 37, 0, 143, 37, 0, 144, 37, 0, 135, 37, 0, 142, 37, 0, 55, 0, 56, 0, 58, 0, 58, 0, 59, 0, 58, 0, 58, 0, 58, 0, 58, 0, 59, 0, 59, 0, 60, 0, 61, 0, 60, 0, 61, 0, 62, 0, 59, 0, 60, 0, 58, 0, 57, 0, 57, 0, 59, 0, 59, 0, 59, 0, 59, 0, 210, 239, 208, 239, 207, 239, 207, 239, 208, 239, 206, 239, 207, 239, 208, 239, 209, 239, 209, 239, 209, 239, 210, 239, 210, 239, 210, 239, 208, 239, 209, 239, 210, 239, 211, 239, 209, 239, 209, 239, 211, 239, 211, 239, 208, 239, 208, 239, 207, 239, 86, 1, 86, 1, 87, 1, 89, 1, 89, 1, 88, 1, 87, 1, 86, 1, 87, 1, 88, 1, 87, 1, 89, 1, 90, 1, 90, 1, 88, 1, 85, 1, 86, 1, 84, 1, 86, 1, 86, 1, 87, 1, 88, 1, 86, 1, 87, 1, 88, 1, 26, 0, 26, 0, 248, 17, 248, 17, 175]
1762250426924;F5:15:8C:96:83:4F;[32, 33, 144, 37, 0, 143, 37, 0, 144, 37, 0, 144, 37, 0, 142, 37, 0, 140, 37, 0, 141, 37, 0, 144, 37, 0, 146, 37, 0, 141, 37, 0, 145, 37, 0, 146, 37, 0, 143, 37, 0, 144, 37, 0, 145, 37, 0, 144, 37, 0, 151, 37, 0, 139, 37, 0, 146, 37, 0, 138, 37, 0, 138, 37, 0, 137, 37, 0, 143, 37, 0, 141, 37, 0, 139, 37, 0, 60, 0, 59, 0, 60, 0, 60, 0, 60, 0, 60, 0, 62, 0, 60, 0, 59, 0, 58, 0, 56, 0, 56, 0, 57, 0, 57, 0, 59, 0, 59, 0, 58, 0, 58, 0, 55, 0, 54, 0, 53, 0, 54, 0, 56, 0, 57, 0, 58, 0, 206, 239, 209, 239, 209, 239, 210, 239, 208, 239, 205, 239, 204, 239, 208, 239, 209, 239, 209, 239, 208, 239, 208, 239, 207, 239, 206, 239, 208, 239, 210, 239, 210, 239, 208, 239, 208, 239, 209, 239, 210, 239, 208, 239, 209, 239, 210, 239, 210, 239, 90, 1, 90, 1, 88, 1, 89, 1, 88, 1, 87, 1, 87, 1, 84, 1, 83, 1, 84, 1, 84, 1, 84, 1, 85, 1, 85, 1, 86, 1, 85, 1, 87, 1, 88, 1, 87, 1, 88, 1, 88, 1, 88, 1, 86, 1, 86, 1, 85, 1, 26, 0, 248, 17, 176]
1762250427115;F5:15:8C:96:83:4F;[32, 33, 146, 37, 0, 145, 37, 0, 142, 37, 0, 141, 37, 0, 147, 37, 0, 142, 37, 0, 136, 37, 0, 146, 37, 0, 144, 37, 0, 142, 37, 0, 139, 37, 0, 139, 37, 0, 137, 37, 0, 140, 37, 0, 151, 37, 0, 146, 37, 0, 141, 37, 0, 147, 37, 0, 145, 37, 0, 143, 37, 0, 145, 37, 0, 143, 37, 0, 138, 37, 0, 145, 37, 0, 137, 37, 0, 59, 0, 56, 0, 55, 0, 56, 0, 57, 0, 60, 0, 59, 0, 57, 0, 57, 0, 57, 0, 57, 0, 57, 0, 57, 0, 57, 0, 57, 0, 59, 0, 58, 0, 60, 0, 59, 0, 60, 0, 61, 0, 61, 0, 59, 0, 56, 0, 56, 0, 210, 239, 210, 239, 209, 239, 211, 239, 210, 239, 207, 239, 209, 239, 213, 239, 210, 239, 211, 239, 209, 239, 207, 239, 206, 239, 205, 239, 206, 239, 206, 239, 207, 239, 206, 239, 210, 239, 210, 239, 210, 239, 208, 239, 206, 239, 206, 239, 207, 239, 87, 1, 88, 1, 87, 1, 88, 1, 87, 1, 87, 1, 86, 1, 86, 1, 87, 1, 86, 1, 87, 1, 87, 1, 86, 1, 87, 1, 88, 1, 86, 1, 87, 1, 88, 1, 88, 1, 88, 1, 89, 1, 88, 1, 90, 1, 85, 1, 85, 1, 26, 0, 248, 17, 177]
1762250427424;F5:15:8C:96:83:4F;[32, 33, 140, 37, 0, 144, 37, 0, 143, 37, 0, 143, 37, 0, 144, 37, 0, 142, 37, 0, 134, 37, 0, 136, 37, 0, 139, 37, 0, 141, 37, 0, 148, 37, 0, 143, 37, 0, 141, 37, 0, 136, 37, 0, 132, 37, 0, 134, 37, 0, 134, 37, 0, 144, 37, 0, 141, 37, 0, 137, 37, 0, 139, 37, 0, 137, 37, 0, 134, 37, 0, 139, 37, 0, 139, 37, 0, 57, 0, 56, 0, 57, 0, 58, 0, 59, 0, 58, 0, 58, 0, 57, 0, 57, 0, 60, 0, 59, 0, 61, 0, 59, 0, 58, 0, 56, 0, 55, 0, 53, 0, 54, 0, 54, 0, 56, 0, 58, 0, 59, 0, 58, 0, 58, 0, 57, 0, 208, 239, 210, 239, 210, 239, 209, 239, 209, 239, 206, 239, 208, 239, 207, 239, 205, 239, 203, 239, 204, 239, 206, 239, 206, 239, 207, 239, 209, 239, 210, 239, 208, 239, 207, 239, 209, 239, 209, 239, 210, 239, 210, 239, 208, 239, 208, 239, 207, 239, 83, 1, 85, 1, 86, 1, 87, 1, 89, 1, 91, 1, 86, 1, 85, 1, 86, 1, 87, 1, 89, 1, 90, 1, 88, 1, 87, 1, 87, 1, 84, 1, 86, 1, 87, 1, 88, 1, 88, 1, 89, 1, 89, 1, 89, 1, 89, 1, 91, 1, 27, 0, 0, 18, 178]
1762250427614;F5:15:8C:96:83:4F;[36, 33, 132, 37, 0, 132, 37, 0, 133, 37, 0, 136, 37, 0, 140, 37, 0, 130, 37, 0, 137, 37, 0, 130, 37, 0, 135, 37, 0, 130, 37, 0, 138, 37, 0, 132, 37, 0, 126, 37, 0, 131, 37, 0, 132, 37, 0, 126, 37, 0, 134, 37, 0, 134, 37, 0, 131, 37, 0, 128, 37, 0, 132, 37, 0, 127, 37, 0, 125, 37, 0, 127, 37, 0, 133, 37, 0, 56, 0, 58, 0, 60, 0, 60, 0, 59, 0, 58, 0, 58, 0, 57, 0, 55, 0, 57, 0, 59, 0, 60, 0, 59, 0, 58, 0, 57, 0, 57, 0, 56, 0, 55, 0, 55, 0, 59, 0, 62, 0, 62, 0, 60, 0, 60, 0, 57, 0, 209, 239, 207, 239, 208, 239, 207, 239, 204, 239, 205, 239, 206, 239, 207, 239, 206, 239, 206, 239, 206, 239, 206, 239, 207, 239, 206, 239, 208, 239, 208, 239, 207, 239, 207, 239, 207, 239, 207, 239, 205, 239, 204, 239, 205, 239, 206, 239, 206, 239, 90, 1, 89, 1, 88, 1, 88, 1, 89, 1, 89, 1, 90, 1, 90, 1, 86, 1, 88, 1, 91, 1, 92, 1, 92, 1, 91, 1, 88, 1, 86, 1, 85, 1, 88, 1, 88, 1, 89, 1, 88, 1, 87, 1, 84, 1, 85, 1, 86, 1, 26, 0, 26, 0, 248, 17, 248, 17, 179]
1762250427923;F5:15:8C:96:83:4F;[32, 33, 129, 37, 0, 123, 37, 0, 124, 37, 0, 121, 37, 0, 121, 37, 0, 124, 37, 0, 133, 37, 0, 126, 37, 0, 125, 37, 0, 115, 37, 0, 121, 37, 0, 130, 37, 0, 134, 37, 0, 121, 37, 0, 120, 37, 0, 127, 37, 0, 115, 37, 0, 126, 37, 0, 126, 37, 0, 122, 37, 0, 121, 37, 0, 115, 37, 0, 115, 37, 0, 120, 37, 0, 115, 37, 0, 57, 0, 57, 0, 60, 0, 61, 0, 61, 0, 60, 0, 60, 0, 58, 0, 57, 0, 57, 0, 58, 0, 59, 0, 60, 0, 59, 0, 60, 0, 58, 0, 58, 0, 60, 0, 60, 0, 62, 0, 63, 0, 62, 0, 61, 0, 58, 0, 57, 0, 206, 239, 207, 239, 207, 239, 207, 239, 206, 239, 209, 239, 208, 239, 205, 239, 205, 239, 207, 239, 208, 239, 208, 239, 209, 239, 209, 239, 209, 239, 208, 239, 206, 239, 205, 239, 206, 239, 206, 239, 205, 239, 207, 239, 208, 239, 207, 239, 206, 239, 87, 1, 87, 1, 86, 1, 85, 1, 83, 1, 83, 1, 85, 1, 87, 1, 87, 1, 85, 1, 84, 1, 84, 1, 85, 1, 87, 1, 84, 1, 85, 1, 87, 1, 87, 1, 88, 1, 90, 1, 90, 1, 89, 1, 86, 1, 85, 1, 84, 1, 26, 0, 248, 17, 180]
1762250428101;F5:15:8C:96:83:4F;[32, 33, 123, 37, 0, 123, 37, 0, 122, 37, 0, 114, 37, 0, 118, 37, 0, 112, 37, 0, 119, 37, 0, 118, 37, 0, 115, 37, 0, 116, 37, 0, 114, 37, 0, 113, 37, 0, 112, 37, 0, 110, 37, 0, 110, 37, 0, 113, 37, 0, 109, 37, 0, 116, 37, 0, 117, 37, 0, 121, 37, 0, 106, 37, 0, 113, 37, 0, 105, 37, 0, 111, 37, 0, 112, 37, 0, 57, 0, 55, 0, 56, 0, 55, 0, 57, 0, 58, 0, 59, 0, 59, 0, 58, 0, 57, 0, 58, 0, 57, 0, 57, 0, 55, 0, 56, 0, 57, 0, 57, 0, 59, 0, 56, 0, 56, 0, 58, 0, 57, 0, 58, 0, 58, 0, 58, 0, 205, 239, 206, 239, 205, 239, 205, 239, 205, 239, 208, 239, 208, 239, 206, 239, 207, 239, 207, 239, 206, 239, 207, 239, 206, 239, 208, 239, 207, 239, 206, 239, 205, 239, 205, 239, 205, 239, 206, 239, 208, 239, 208, 239, 208, 239, 207, 239, 205, 239, 85, 1, 87, 1, 87, 1, 86, 1, 86, 1, 86, 1, 86, 1, 87, 1, 87, 1, 87, 1, 88, 1, 86, 1, 87, 1, 85, 1, 84, 1, 86, 1, 86, 1, 88, 1, 88, 1, 88, 1, 88, 1, 86, 1, 84, 1, 87, 1, 88, 1, 27, 0, 248, 17, 181]
1762250428387;F5:15:8C:96:83:4F;[32, 33, 118, 37, 0, 110, 37, 0, 110, 37, 0, 98, 37, 0, 101, 37, 0, 110, 37, 0, 110, 37, 0, 112, 37, 0, 109, 37, 0, 107, 37, 0, 97, 37, 0, 108, 37, 0, 109, 37, 0, 104, 37, 0, 112, 37, 0, 102, 37, 0, 101, 37, 0, 96, 37, 0, 107, 37, 0, 106, 37, 0, 105, 37, 0, 104, 37, 0, 98, 37, 0, 102, 37, 0, 99, 37, 0, 60, 0, 59, 0, 59, 0, 58, 0, 59, 0, 59, 0, 60, 0, 60, 0, 60, 0, 59, 0, 59, 0, 60, 0, 62, 0, 60, 0, 58, 0, 58, 0, 57, 0, 58, 0, 58, 0, 58, 0, 57, 0, 57, 0, 59, 0, 58, 0, 58, 0, 205, 239, 206, 239, 204, 239, 203, 239, 204, 239, 207, 239, 206, 239, 206, 239, 206, 239, 209, 239, 209, 239, 207, 239, 206, 239, 208, 239, 207, 239, 207, 239, 207, 239, 209, 239, 208, 239, 207, 239, 208, 239, 206, 239, 206, 239, 205, 239, 205, 239, 88, 1, 88, 1, 88, 1, 87, 1, 85, 1, 84, 1, 84, 1, 87, 1, 90, 1, 89, 1, 87, 1, 86, 1, 86, 1, 87, 1, 88, 1, 88, 1, 86, 1, 86, 1, 86, 1, 86, 1, 86, 1, 84, 1, 85, 1, 84, 1, 85, 1, 26, 0, 248, 17, 182]
1762250428634;F5:15:8C:96:83:4F;[36, 33, 106, 37, 0, 107, 37, 0, 106, 37, 0, 94, 37, 0, 89, 37, 0, 95, 37, 0, 102, 37, 0, 106, 37, 0, 107, 37, 0, 99, 37, 0, 98, 37, 0, 101, 37, 0, 95, 37, 0, 103, 37, 0, 105, 37, 0, 96, 37, 0, 98, 37, 0, 91, 37, 0, 103, 37, 0, 96, 37, 0, 98, 37, 0, 98, 37, 0, 97, 37, 0, 95, 37, 0, 90, 37, 0, 58, 0, 56, 0, 56, 0, 57, 0, 57, 0, 57, 0, 57, 0, 57, 0, 56, 0, 57, 0, 58, 0, 58, 0, 58, 0, 59, 0, 58, 0, 58, 0, 58, 0, 58, 0, 59, 0, 58, 0, 58, 0, 58, 0, 60, 0, 61, 0, 61, 0, 206, 239, 206, 239, 206, 239, 208, 239, 209, 239, 210, 239, 209, 239, 210, 239, 210, 239, 211, 239, 208, 239, 206, 239, 209, 239, 210, 239, 209, 239, 210, 239, 209, 239, 210, 239, 207, 239, 205, 239, 205, 239, 206, 239, 207, 239, 205, 239, 207, 239, 85, 1, 87, 1, 87, 1, 87, 1, 85, 1, 84, 1, 86, 1, 87, 1, 89, 1, 90, 1, 88, 1, 84, 1, 84, 1, 85, 1, 87, 1, 87, 1, 85, 1, 83, 1, 83, 1, 86, 1, 86, 1, 84, 1, 85, 1, 85, 1, 83, 1, 26, 0, 26, 0, 0, 18, 248, 17, 183]
1762250428851;F5:15:8C:96:83:4F;[32, 33, 99, 37, 0, 99, 37, 0, 97, 37, 0, 101, 37, 0, 93, 37, 0, 95, 37, 0, 91, 37, 0, 94, 37, 0, 98, 37, 0, 97, 37, 0, 96, 37, 0, 88, 37, 0, 87, 37, 0, 93, 37, 0, 101, 37, 0, 95, 37, 0, 86, 37, 0, 94, 37, 0, 91, 37, 0, 94, 37, 0, 97, 37, 0, 100, 37, 0, 87, 37, 0, 87, 37, 0, 92, 37, 0, 60, 0, 60, 0, 60, 0, 59, 0, 58, 0, 59, 0, 60, 0, 61, 0, 60, 0, 59, 0, 59, 0, 59, 0, 58, 0, 60, 0, 58, 0, 59, 0, 58, 0, 58, 0, 58, 0, 57, 0, 56, 0, 54, 0, 55, 0, 57, 0, 59, 0, 208, 239, 207, 239, 206, 239, 209, 239, 210, 239, 208, 239, 207, 239, 210, 239, 210, 239, 209, 239, 208, 239, 209, 239, 210, 239, 209, 239, 208, 239, 209, 239, 210, 239, 210, 239, 209, 239, 209, 239, 211, 239, 213, 239, 211, 239, 210, 239, 208, 239, 84, 1, 84, 1, 89, 1, 88, 1, 87, 1, 85, 1, 85, 1, 85, 1, 87, 1, 88, 1, 87, 1, 88, 1, 85, 1, 88, 1, 87, 1, 89, 1, 89, 1, 88, 1, 90, 1, 91, 1, 89, 1, 89, 1, 87, 1, 84, 1, 83, 1, 26, 0, 248, 17, 184]
1762250429163;F5:15:8C:96:83:4F;[32, 33, 94, 37, 0, 99, 37, 0, 96, 37, 0, 96, 37, 0, 84, 37, 0, 87, 37, 0, 95, 37, 0, 92, 37, 0, 103, 37, 0, 92, 37, 0, 91, 37, 0, 82, 37, 0, 83, 37, 0, 88, 37, 0, 101, 37, 0, 102, 37, 0, 103, 37, 0, 94, 37, 0, 89, 37, 0, 80, 37, 0, 84, 37, 0, 100, 37, 0, 105, 37, 0, 93, 37, 0, 94, 37, 0, 61, 0, 61, 0, 59, 0, 59, 0, 57, 0, 58, 0, 59, 0, 58, 0, 58, 0, 57, 0, 55, 0, 55, 0, 55, 0, 57, 0, 57, 0, 58, 0, 60, 0, 56, 0, 54, 0, 54, 0, 54, 0, 57, 0, 58, 0, 58, 0, 60, 0, 208, 239, 206, 239, 206, 239, 207, 239, 207, 239, 206, 239, 205, 239, 206, 239, 206, 239, 206, 239, 204, 239, 203, 239, 204, 239, 204, 239, 204, 239, 206, 239, 209, 239, 208, 239, 207, 239, 207, 239, 208, 239, 207, 239, 208, 239, 210, 239, 211, 239, 83, 1, 86, 1, 86, 1, 87, 1, 86, 1, 87, 1, 84, 1, 84, 1, 87, 1, 88, 1, 87, 1, 85, 1, 83, 1, 83, 1, 84, 1, 88, 1, 90, 1, 91, 1, 88, 1, 84, 1, 80, 1, 82, 1, 86, 1, 87, 1, 88, 1, 26, 0, 0, 18, 185]
1762250429353;F5:15:8C:96:83:4F;[32, 33, 89, 37, 0, 91, 37, 0, 93, 37, 0, 104, 37, 0, 99, 37, 0, 93, 37, 0, 93, 37, 0, 94, 37, 0, 96, 37, 0, 98, 37, 0, 100, 37, 0, 93, 37, 0, 96, 37, 0, 92, 37, 0, 91, 37, 0, 95, 37, 0, 98, 37, 0, 99, 37, 0, 97, 37, 0, 93, 37, 0, 87, 37, 0, 98, 37, 0, 95, 37, 0, 99, 37, 0, 94, 37, 0, 60, 0, 59, 0, 61, 0, 61, 0, 62, 0, 61, 0, 61, 0, 60, 0, 63, 0, 62, 0, 63, 0, 63, 0, 62, 0, 61, 0, 58, 0, 58, 0, 57, 0, 57, 0, 60, 0, 61, 0, 61, 0, 62, 0, 61, 0, 59, 0, 58, 0, 208, 239, 207, 239, 208, 239, 209, 239, 209, 239, 209, 239, 211, 239, 209, 239, 206, 239, 205, 239, 206, 239, 208, 239, 207, 239, 207, 239, 206, 239, 205, 239, 207, 239, 208, 239, 208, 239, 209, 239, 209, 239, 207, 239, 205, 239, 204, 239, 207, 239, 85, 1, 84, 1, 85, 1, 85, 1, 88, 1, 89, 1, 87, 1, 86, 1, 86, 1, 88, 1, 89, 1, 89, 1, 88, 1, 87, 1, 86, 1, 85, 1, 87, 1, 87, 1, 89, 1, 87, 1, 86, 1, 85, 1, 85, 1, 85, 1, 85, 1, 26, 0, 0, 18, 186]
1762250429670;F5:15:8C:96:83:4F;[36, 33, 93, 37, 0, 95, 37, 0, 97, 37, 0, 97, 37, 0, 95, 37, 0, 94, 37, 0, 96, 37, 0, 95, 37, 0, 107, 37, 0, 101, 37, 0, 103, 37, 0, 101, 37, 0, 99, 37, 0, 88, 37, 0, 91, 37, 0, 103, 37, 0, 109, 37, 0, 104, 37, 0, 99, 37, 0, 92, 37, 0, 94, 37, 0, 93, 37, 0, 104, 37, 0, 107, 37, 0, 101, 37, 0, 56, 0, 60, 0, 59, 0, 61, 0, 61, 0, 59, 0, 59, 0, 60, 0, 61, 0, 61, 0, 63, 0, 61, 0, 59, 0, 59, 0, 57, 0, 56, 0, 58, 0, 61, 0, 60, 0, 62, 0, 60, 0, 57, 0, 58, 0, 60, 0, 62, 0, 210, 239, 210, 239, 209, 239, 209, 239, 209, 239, 209, 239, 207, 239, 207, 239, 206, 239, 205, 239, 207, 239, 208, 239, 208, 239, 205, 239, 208, 239, 209, 239, 209, 239, 208, 239, 208, 239, 210, 239, 209, 239, 206, 239, 206, 239, 209, 239, 208, 239, 84, 1, 84, 1, 84, 1, 85, 1, 85, 1, 85, 1, 86, 1, 86, 1, 85, 1, 89, 1, 89, 1, 88, 1, 87, 1, 83, 1, 83, 1, 83, 1, 86, 1, 87, 1, 89, 1, 86, 1, 84, 1, 83, 1, 86, 1, 87, 1, 88, 1, 26, 0, 26, 0, 248, 17, 248, 17, 187]
1762250429855;F5:15:8C:96:83:4F;[32, 33, 107, 37, 0, 90, 37, 0, 92, 37, 0, 98, 37, 0, 101, 37, 0, 97, 37, 0, 108, 37, 0, 100, 37, 0, 94, 37, 0, 98, 37, 0, 105, 37, 0, 110, 37, 0, 109, 37, 0, 97, 37, 0, 100, 37, 0, 111, 37, 0, 111, 37, 0, 109, 37, 0, 105, 37, 0, 99, 37, 0, 105, 37, 0, 104, 37, 0, 112, 37, 0, 105, 37, 0, 114, 37, 0, 62, 0, 63, 0, 61, 0, 61, 0, 58, 0, 57, 0, 57, 0, 59, 0, 58, 0, 56, 0, 56, 0, 57, 0, 57, 0, 57, 0, 58, 0, 60, 0, 60, 0, 61, 0, 62, 0, 59, 0, 58, 0, 57, 0, 58, 0, 58, 0, 60, 0, 208, 239, 207, 239, 207, 239, 206, 239, 207, 239, 206, 239, 205, 239, 205, 239, 206, 239, 206, 239, 206, 239, 206, 239, 206, 239, 207, 239, 208, 239, 209, 239, 208, 239, 208, 239, 208, 239, 205, 239, 205, 239, 206, 239, 208, 239, 208, 239, 208, 239, 88, 1, 87, 1, 86, 1, 86, 1, 87, 1, 86, 1, 86, 1, 86, 1, 87, 1, 86, 1, 85, 1, 84, 1, 85, 1, 86, 1, 86, 1, 86, 1, 84, 1, 87, 1, 87, 1, 85, 1, 82, 1, 79, 1, 81, 1, 81, 1, 84, 1, 26, 0, 248, 17, 188]
1762250430095;F5:15:8C:96:83:4F;[32, 33, 105, 37, 0, 114, 37, 0, 111, 37, 0, 104, 37, 0, 110, 37, 0, 112, 37, 0, 108, 37, 0, 114, 37, 0, 111, 37, 0, 115, 37, 0, 114, 37, 0, 115, 37, 0, 110, 37, 0, 115, 37, 0, 109, 37, 0, 115, 37, 0, 115, 37, 0, 119, 37, 0, 115, 37, 0, 114, 37, 0, 105, 37, 0, 112, 37, 0, 114, 37, 0, 118, 37, 0, 120, 37, 0, 62, 0, 61, 0, 60, 0, 60, 0, 58, 0, 59, 0, 192, 190, 60, 0, 61, 0, 62, 0, 59, 0, 57, 0, 57, 0, 58, 0, 58, 0, 58, 0, 58, 0, 59, 0, 58, 0, 59, 0, 57, 0, 58, 0, 59, 0, 60, 0, 61, 0, 208, 239, 209, 239, 207, 239, 207, 239, 206, 239, 205, 239, 235, 202, 203, 239, 205, 239, 207, 239, 210, 239, 210, 239, 209, 239, 209, 239, 208, 239, 207, 239, 207, 239, 207, 239, 206, 239, 206, 239, 207, 239, 207, 239, 209, 239, 208, 239, 206, 239, 84, 1, 86, 1, 86, 1, 84, 1, 84, 1, 85, 1, 3, 0, 89, 1, 88, 1, 86, 1, 85, 1, 84, 1, 83, 1, 82, 1, 84, 1, 83, 1, 85, 1, 87, 1, 87, 1, 87, 1, 85, 1, 83, 1, 81, 1, 82, 1, 86, 1, 26, 0, 0, 18, 189]
1762250430385;F5:15:8C:96:83:4F;[32, 33, 117, 37, 0, 112, 37, 0, 110, 37, 0, 108, 37, 0, 115, 37, 0, 123, 37, 0, 122, 37, 0, 121, 37, 0, 119, 37, 0, 126, 37, 0, 125, 37, 0, 113, 37, 0, 117, 37, 0, 115, 37, 0, 122, 37, 0, 120, 37, 0, 128, 37, 0, 124, 37, 0, 121, 37, 0, 114, 37, 0, 118, 37, 0, 121, 37, 0, 124, 37, 0, 131, 37, 0, 125, 37, 0, 61, 0, 57, 0, 56, 0, 58, 0, 59, 0, 59, 0, 59, 0, 60, 0, 62, 0, 60, 0, 55, 0, 55, 0, 53, 0, 53, 0, 57, 0, 58, 0, 57, 0, 56, 0, 56, 0, 55, 0, 54, 0, 57, 0, 56, 0, 59, 0, 60, 0, 207, 239, 205, 239, 207, 239, 209, 239, 210, 239, 209, 239, 209, 239, 209, 239, 208, 239, 210, 239, 208, 239, 208, 239, 207, 239, 208, 239, 207, 239, 207, 239, 207, 239, 206, 239, 207, 239, 206, 239, 207, 239, 208, 239, 209, 239, 207, 239, 206, 239, 85, 1, 84, 1, 83, 1, 84, 1, 82, 1, 83, 1, 84, 1, 85, 1, 87, 1, 87, 1, 85, 1, 85, 1, 83, 1, 81, 1, 83, 1, 82, 1, 84, 1, 84, 1, 85, 1, 85, 1, 85, 1, 83, 1, 86, 1, 88, 1, 87, 1, 26, 0, 248, 17, 190]
1762250430603;F5:15:8C:96:83:4F;[36, 33, 115, 37, 0, 117, 37, 0, 119, 37, 0, 122, 37, 0, 122, 37, 0, 121, 37, 0, 121, 37, 0, 123, 37, 0, 122, 37, 0, 123, 37, 0, 125, 37, 0, 123, 37, 0, 119, 37, 0, 122, 37, 0, 121, 37, 0, 122, 37, 0, 120, 37, 0, 122, 37, 0, 114, 37, 0, 122, 37, 0, 110, 37, 0, 117, 37, 0, 120, 37, 0, 129, 37, 0, 128, 37, 0, 59, 0, 58, 0, 57, 0, 57, 0, 59, 0, 61, 0, 61, 0, 61, 0, 60, 0, 58, 0, 58, 0, 56, 0, 55, 0, 55, 0, 58, 0, 60, 0, 61, 0, 60, 0, 59, 0, 57, 0, 56, 0, 57, 0, 58, 0, 58, 0, 60, 0, 207, 239, 207, 239, 206, 239, 202, 239, 203, 239, 205, 239, 205, 239, 204, 239, 208, 239, 206, 239, 206, 239, 207, 239, 208, 239, 208, 239, 206, 239, 205, 239, 206, 239, 207, 239, 207, 239, 205, 239, 207, 239, 208, 239, 211, 239, 209, 239, 207, 239, 88, 1, 86, 1, 85, 1, 84, 1, 85, 1, 84, 1, 83, 1, 83, 1, 84, 1, 85, 1, 86, 1, 87, 1, 87, 1, 88, 1, 87, 1, 86, 1, 84, 1, 85, 1, 85, 1, 85, 1, 84, 1, 82, 1, 84, 1, 85, 1, 87, 1, 26, 0, 26, 0, 248, 17, 0, 18, 191]
1762250430906;F5:15:8C:96:83:4F;[32, 33, 124, 37, 0, 119, 37, 0, 125, 37, 0, 120, 37, 0, 124, 37, 0, 126, 37, 0, 130, 37, 0, 121, 37, 0, 132, 37, 0, 123, 37, 0, 114, 37, 0, 119, 37, 0, 122, 37, 0, 125, 37, 0, 123, 37, 0, 131, 37, 0, 128, 37, 0, 124, 37, 0, 126, 37, 0, 126, 37, 0, 124, 37, 0, 125, 37, 0, 115, 37, 0, 117, 37, 0, 123, 37, 0, 62, 0, 60, 0, 59, 0, 59, 0, 57, 0, 56, 0, 56, 0, 57, 0, 55, 0, 56, 0, 57, 0, 56, 0, 56, 0, 56, 0, 56, 0, 55, 0, 56, 0, 54, 0, 55, 0, 57, 0, 54, 0, 55, 0, 58, 0, 58, 0, 57, 0, 209, 239, 210, 239, 208, 239, 209, 239, 211, 239, 212, 239, 210, 239, 209, 239, 210, 239, 208, 239, 206, 239, 207, 239, 207, 239, 207, 239, 207, 239, 206, 239, 209, 239, 208, 239, 208, 239, 208, 239, 208, 239, 207, 239, 207, 239, 205, 239, 206, 239, 87, 1, 89, 1, 88, 1, 89, 1, 87, 1, 87, 1, 88, 1, 87, 1, 86, 1, 86, 1, 84, 1, 83, 1, 85, 1, 85, 1, 85, 1, 86, 1, 85, 1, 84, 1, 84, 1, 85, 1, 85, 1, 86, 1, 85, 1, 85, 1, 86, 1, 26, 0, 248, 17, 192]
1762250431120;F5:15:8C:96:83:4F;[32, 33, 124, 37, 0, 119, 37, 0, 127, 37, 0, 123, 37, 0, 122, 37, 0, 128, 37, 0, 127, 37, 0, 129, 37, 0, 122, 37, 0, 122, 37, 0, 121, 37, 0, 126, 37, 0, 125, 37, 0, 130, 37, 0, 123, 37, 0, 118, 37, 0, 116, 37, 0, 122, 37, 0, 132, 37, 0, 133, 37, 0, 123, 37, 0, 122, 37, 0, 119, 37, 0, 124, 37, 0, 136, 37, 0, 58, 0, 60, 0, 60, 0, 59, 0, 60, 0, 58, 0, 56, 0, 56, 0, 57, 0, 59, 0, 59, 0, 59, 0, 61, 0, 60, 0, 60, 0, 57, 0, 56, 0, 56, 0, 54, 0, 56, 0, 56, 0, 57, 0, 58, 0, 57, 0, 57, 0, 204, 239, 205, 239, 207, 239, 208, 239, 208, 239, 209, 239, 208, 239, 211, 239, 210, 239, 208, 239, 207, 239, 208, 239, 207, 239, 207, 239, 207, 239, 207, 239, 208, 239, 208, 239, 210, 239, 207, 239, 206, 239, 208, 239, 210, 239, 212, 239, 210, 239, 86, 1, 88, 1, 88, 1, 88, 1, 88, 1, 88, 1, 87, 1, 86, 1, 86, 1, 85, 1, 84, 1, 85, 1, 84, 1, 84, 1, 85, 1, 84, 1, 82, 1, 83, 1, 87, 1, 88, 1, 87, 1, 86, 1, 84, 1, 85, 1, 86, 1, 26, 0, 248, 17, 193]
1762250431406;F5:15:8C:96:83:4F;[32, 33, 124, 37, 0, 127, 37, 0, 119, 37, 0, 118, 37, 0, 120, 37, 0, 123, 37, 0, 137, 37, 0, 125, 37, 0, 120, 37, 0, 119, 37, 0, 120, 37, 0, 124, 37, 0, 120, 37, 0, 124, 37, 0, 124, 37, 0, 121, 37, 0, 123, 37, 0, 130, 37, 0, 124, 37, 0, 130, 37, 0, 127, 37, 0, 118, 37, 0, 115, 37, 0, 122, 37, 0, 122, 37, 0, 59, 0, 60, 0, 59, 0, 59, 0, 57, 0, 56, 0, 55, 0, 54, 0, 56, 0, 56, 0, 58, 0, 58, 0, 56, 0, 56, 0, 55, 0, 56, 0, 57, 0, 59, 0, 59, 0, 61, 0, 58, 0, 56, 0, 56, 0, 55, 0, 58, 0, 208, 239, 205, 239, 208, 239, 209, 239, 210, 239, 210, 239, 209, 239, 209, 239, 209, 239, 206, 239, 208, 239, 207, 239, 209, 239, 210, 239, 210, 239, 212, 239, 211, 239, 211, 239, 210, 239, 210, 239, 208, 239, 205, 239, 203, 239, 203, 239, 205, 239, 87, 1, 87, 1, 86, 1, 85, 1, 82, 1, 83, 1, 87, 1, 87, 1, 86, 1, 87, 1, 85, 1, 85, 1, 85, 1, 86, 1, 85, 1, 84, 1, 84, 1, 85, 1, 87, 1, 88, 1, 88, 1, 87, 1, 87, 1, 87, 1, 84, 1, 27, 0, 248, 17, 194]
1762250431607;F5:15:8C:96:83:4F;[36, 33, 142, 37, 0, 131, 37, 0, 121, 37, 0, 124, 37, 0, 118, 37, 0, 123, 37, 0, 126, 37, 0, 126, 37, 0, 132, 37, 0, 130, 37, 0, 122, 37, 0, 126, 37, 0, 119, 37, 0, 127, 37, 0, 137, 37, 0, 131, 37, 0, 129, 37, 0, 119, 37, 0, 120, 37, 0, 119, 37, 0, 125, 37, 0, 124, 37, 0, 120, 37, 0, 128, 37, 0, 119, 37, 0, 61, 0, 61, 0, 59, 0, 58, 0, 57, 0, 58, 0, 59, 0, 59, 0, 62, 0, 62, 0, 61, 0, 58, 0, 58, 0, 58, 0, 60, 0, 61, 0, 62, 0, 62, 0, 59, 0, 55, 0, 55, 0, 54, 0, 57, 0, 60, 0, 60, 0, 206, 239, 206, 239, 208, 239, 208, 239, 207, 239, 207, 239, 206, 239, 207, 239, 206, 239, 206, 239, 207, 239, 209, 239, 208, 239, 209, 239, 210, 239, 210, 239, 211, 239, 208, 239, 207, 239, 205, 239, 204, 239, 203, 239, 206, 239, 208, 239, 206, 239, 85, 1, 90, 1, 89, 1, 88, 1, 86, 1, 85, 1, 85, 1, 88, 1, 89, 1, 90, 1, 90, 1, 85, 1, 84, 1, 85, 1, 85, 1, 88, 1, 90, 1, 88, 1, 87, 1, 86, 1, 86, 1, 86, 1, 85, 1, 85, 1, 84, 1, 26, 0, 26, 0, 248, 17, 248, 17, 195]
1762250431909;F5:15:8C:96:83:4F;[32, 33, 118, 37, 0, 119, 37, 0, 122, 37, 0, 123, 37, 0, 130, 37, 0, 121, 37, 0, 125, 37, 0, 127, 37, 0, 119, 37, 0, 123, 37, 0, 115, 37, 0, 121, 37, 0, 122, 37, 0, 124, 37, 0, 119, 37, 0, 122, 37, 0, 118, 37, 0, 112, 37, 0, 116, 37, 0, 121, 37, 0, 120, 37, 0, 122, 37, 0, 121, 37, 0, 117, 37, 0, 120, 37, 0, 60, 0, 59, 0, 56, 0, 56, 0, 56, 0, 57, 0, 57, 0, 59, 0, 60, 0, 56, 0, 56, 0, 55, 0, 57, 0, 60, 0, 62, 0, 62, 0, 62, 0, 58, 0, 58, 0, 58, 0, 59, 0, 62, 0, 64, 0, 64, 0, 63, 0, 204, 239, 205, 239, 205, 239, 205, 239, 206, 239, 207, 239, 209, 239, 206, 239, 207, 239, 207, 239, 208, 239, 208, 239, 208, 239, 207, 239, 206, 239, 206, 239, 204, 239, 204, 239, 204, 239, 203, 239, 203, 239, 203, 239, 203, 239, 204, 239, 205, 239, 86, 1, 85, 1, 84, 1, 83, 1, 83, 1, 84, 1, 83, 1, 83, 1, 84, 1, 85, 1, 84, 1, 85, 1, 84, 1, 84, 1, 83, 1, 86, 1, 87, 1, 85, 1, 85, 1, 86, 1, 85, 1, 85, 1, 86, 1, 87, 1, 87, 1, 26, 0, 0, 18, 196]
1762250432119;F5:15:8C:96:83:4F;[32, 33, 116, 37, 0, 121, 37, 0, 116, 37, 0, 117, 37, 0, 112, 37, 0, 110, 37, 0, 112, 37, 0, 117, 37, 0, 121, 37, 0, 118, 37, 0, 112, 37, 0, 112, 37, 0, 106, 37, 0, 105, 37, 0, 109, 37, 0, 113, 37, 0, 107, 37, 0, 110, 37, 0, 105, 37, 0, 104, 37, 0, 102, 37, 0, 106, 37, 0, 113, 37, 0, 114, 37, 0, 114, 37, 0, 62, 0, 60, 0, 59, 0, 58, 0, 57, 0, 58, 0, 58, 0, 58, 0, 59, 0, 58, 0, 59, 0, 59, 0, 57, 0, 57, 0, 59, 0, 62, 0, 61, 0, 60, 0, 58, 0, 57, 0, 58, 0, 56, 0, 57, 0, 58, 0, 56, 0, 206, 239, 208, 239, 211, 239, 211, 239, 210, 239, 209, 239, 210, 239, 208, 239, 207, 239, 208, 239, 208, 239, 208, 239, 206, 239, 205, 239, 205, 239, 206, 239, 209, 239, 210, 239, 209, 239, 211, 239, 206, 239, 207, 239, 208, 239, 207, 239, 207, 239, 86, 1, 83, 1, 84, 1, 85, 1, 87, 1, 87, 1, 86, 1, 88, 1, 87, 1, 87, 1, 87, 1, 87, 1, 86, 1, 85, 1, 83, 1, 83, 1, 85, 1, 87, 1, 85, 1, 85, 1, 85, 1, 85, 1, 86, 1, 86, 1, 87, 1, 26, 0, 248, 17, 197]
1762250432362;F5:15:8C:96:83:4F;[32, 33, 102, 37, 0, 108, 37, 0, 107, 37, 0, 108, 37, 0, 105, 37, 0, 106, 37, 0, 112, 37, 0, 108, 37, 0, 100, 37, 0, 102, 37, 0, 99, 37, 0, 102, 37, 0, 99, 37, 0, 104, 37, 0, 98, 37, 0, 107, 37, 0, 108, 37, 0, 103, 37, 0, 101, 37, 0, 97, 37, 0, 92, 37, 0, 102, 37, 0, 108, 37, 0, 100, 37, 0, 96, 37, 0, 58, 0, 58, 0, 56, 0, 55, 0, 57, 0, 57, 0, 59, 0, 59, 0, 58, 0, 56, 0, 57, 0, 58, 0, 57, 0, 61, 0, 61, 0, 59, 0, 58, 0, 59, 0, 60, 0, 60, 0, 60, 0, 61, 0, 62, 0, 60, 0, 59, 0, 209, 239, 209, 239, 207, 239, 206, 239, 207, 239, 207, 239, 209, 239, 209, 239, 209, 239, 211, 239, 212, 239, 211, 239, 210, 239, 209, 239, 207, 239, 207, 239, 206, 239, 208, 239, 208, 239, 208, 239, 208, 239, 209, 239, 207, 239, 205, 239, 207, 239, 86, 1, 85, 1, 86, 1, 85, 1, 86, 1, 86, 1, 86, 1, 89, 1, 90, 1, 87, 1, 88, 1, 87, 1, 87, 1, 86, 1, 85, 1, 86, 1, 85, 1, 87, 1, 88, 1, 89, 1, 88, 1, 86, 1, 88, 1, 89, 1, 86, 1, 26, 0, 248, 17, 198]
1762250432660;F5:15:8C:96:83:4F;[36, 33, 102, 37, 0, 104, 37, 0, 105, 37, 0, 97, 37, 0, 90, 37, 0, 91, 37, 0, 102, 37, 0, 99, 37, 0, 98, 37, 0, 95, 37, 0, 94, 37, 0, 91, 37, 0, 90, 37, 0, 94, 37, 0, 97, 37, 0, 95, 37, 0, 93, 37, 0, 92, 37, 0, 90, 37, 0, 92, 37, 0, 91, 37, 0, 99, 37, 0, 93, 37, 0, 85, 37, 0, 87, 37, 0, 60, 0, 59, 0, 59, 0, 58, 0, 58, 0, 62, 0, 63, 0, 62, 0, 61, 0, 59, 0, 57, 0, 58, 0, 58, 0, 59, 0, 59, 0, 59, 0, 59, 0, 57, 0, 58, 0, 58, 0, 57, 0, 57, 0, 59, 0, 58, 0, 59, 0, 208, 239, 210, 239, 207, 239, 209, 239, 208, 239, 207, 239, 205, 239, 201, 239, 205, 239, 209, 239, 208, 239, 207, 239, 211, 239, 210, 239, 208, 239, 207, 239, 205, 239, 206, 239, 204, 239, 203, 239, 205, 239, 207, 239, 206, 239, 208, 239, 208, 239, 84, 1, 84, 1, 86, 1, 84, 1, 84, 1, 83, 1, 86, 1, 86, 1, 87, 1, 87, 1, 87, 1, 86, 1, 82, 1, 82, 1, 83, 1, 85, 1, 86, 1, 86, 1, 84, 1, 85, 1, 84, 1, 85, 1, 86, 1, 87, 1, 88, 1, 26, 0, 26, 0, 0, 18, 248, 17, 199]
1762250432874;F5:15:8C:96:83:4F;[32, 33, 89, 37, 0, 89, 37, 0, 96, 37, 0, 94, 37, 0, 80, 37, 0, 79, 37, 0, 76, 37, 0, 90, 37, 0, 91, 37, 0, 94, 37, 0, 93, 37, 0, 76, 37, 0, 80, 37, 0, 81, 37, 0, 88, 37, 0, 89, 37, 0, 97, 37, 0, 88, 37, 0, 89, 37, 0, 82, 37, 0, 78, 37, 0, 78, 37, 0, 81, 37, 0, 89, 37, 0, 82, 37, 0, 58, 0, 58, 0, 60, 0, 59, 0, 58, 0, 57, 0, 57, 0, 57, 0, 60, 0, 60, 0, 60, 0, 60, 0, 60, 0, 59, 0, 59, 0, 60, 0, 61, 0, 62, 0, 63, 0, 63, 0, 62, 0, 60, 0, 58, 0, 57, 0, 56, 0, 208, 239, 209, 239, 208, 239, 207, 239, 206, 239, 208, 239, 208, 239, 208, 239, 209, 239, 210, 239, 210, 239, 210, 239, 209, 239, 206, 239, 205, 239, 206, 239, 207, 239, 209, 239, 210, 239, 208, 239, 209, 239, 210, 239, 209, 239, 209, 239, 211, 239, 86, 1, 83, 1, 86, 1, 87, 1, 88, 1, 85, 1, 83, 1, 81, 1, 82, 1, 84, 1, 86, 1, 86, 1, 85, 1, 84, 1, 84, 1, 84, 1, 89, 1, 90, 1, 88, 1, 86, 1, 84, 1, 83, 1, 83, 1, 84, 1, 84, 1, 26, 0, 248, 17, 200]
1762250433152;F5:15:8C:96:83:4F;[32, 33, 84, 37, 0, 84, 37, 0, 80, 37, 0, 86, 37, 0, 85, 37, 0, 76, 37, 0, 78, 37, 0, 87, 37, 0, 81, 37, 0, 86, 37, 0, 83, 37, 0, 82, 37, 0, 74, 37, 0, 80, 37, 0, 79, 37, 0, 87, 37, 0, 88, 37, 0, 81, 37, 0, 82, 37, 0, 73, 37, 0, 76, 37, 0, 83, 37, 0, 93, 37, 0, 92, 37, 0, 80, 37, 0, 59, 0, 61, 0, 60, 0, 60, 0, 58, 0, 57, 0, 57, 0, 56, 0, 56, 0, 58, 0, 59, 0, 57, 0, 57, 0, 58, 0, 58, 0, 59, 0, 59, 0, 60, 0, 59, 0, 58, 0, 58, 0, 58, 0, 58, 0, 58, 0, 59, 0, 210, 239, 212, 239, 211, 239, 209, 239, 210, 239, 212, 239, 211, 239, 211, 239, 213, 239, 212, 239, 211, 239, 209, 239, 208, 239, 207, 239, 205, 239, 205, 239, 208, 239, 209, 239, 210, 239, 209, 239, 208, 239, 208, 239, 209, 239, 209, 239, 207, 239, 85, 1, 86, 1, 87, 1, 87, 1, 89, 1, 88, 1, 87, 1, 87, 1, 86, 1, 84, 1, 85, 1, 81, 1, 80, 1, 81, 1, 84, 1, 85, 1, 86, 1, 88, 1, 89, 1, 88, 1, 85, 1, 86, 1, 86, 1, 88, 1, 89, 1, 26, 0, 248, 17, 201]
1762250433400;F5:15:8C:96:83:4F;[32, 33, 78, 37, 0, 75, 37, 0, 78, 37, 0, 86, 37, 0, 88, 37, 0, 85, 37, 0, 61, 37, 0, 61, 37, 0, 88, 37, 0, 94, 37, 0, 78, 37, 0, 74, 37, 0, 68, 37, 0, 72, 37, 0, 94, 37, 0, 93, 37, 0, 87, 37, 0, 83, 37, 0, 77, 37, 0, 76, 37, 0, 82, 37, 0, 68, 37, 0, 75, 37, 0, 85, 37, 0, 81, 37, 0, 59, 0, 58, 0, 59, 0, 59, 0, 67, 0, 58, 0, 52, 0, 60, 0, 57, 0, 60, 0, 64, 0, 59, 0, 55, 0, 57, 0, 54, 0, 52, 0, 57, 0, 59, 0, 57, 0, 56, 0, 53, 0, 53, 0, 55, 0, 59, 0, 62, 0, 206, 239, 207, 239, 205, 239, 215, 239, 198, 239, 198, 239, 216, 239, 213, 239, 201, 239, 205, 239, 217, 239, 213, 239, 204, 239, 203, 239, 210, 239, 211, 239, 204, 239, 211, 239, 210, 239, 204, 239, 202, 239, 205, 239, 210, 239, 205, 239, 206, 239, 89, 1, 84, 1, 84, 1, 81, 1, 92, 1, 91, 1, 82, 1, 84, 1, 84, 1, 84, 1, 86, 1, 87, 1, 82, 1, 80, 1, 84, 1, 86, 1, 87, 1, 87, 1, 87, 1, 87, 1, 86, 1, 83, 1, 80, 1, 82, 1, 84, 1, 26, 0, 248, 17, 202]
1762250433598;F5:15:8C:96:83:4F;[36, 33, 82, 37, 0, 78, 37, 0, 73, 37, 0, 66, 37, 0, 77, 37, 0, 87, 37, 0, 82, 37, 0, 83, 37, 0, 67, 37, 0, 73, 37, 0, 63, 37, 0, 72, 37, 0, 79, 37, 0, 79, 37, 0, 80, 37, 0, 73, 37, 0, 76, 37, 0, 82, 37, 0, 69, 37, 0, 75, 37, 0, 74, 37, 0, 84, 37, 0, 84, 37, 0, 83, 37, 0, 75, 37, 0, 60, 0, 58, 0, 55, 0, 55, 0, 58, 0, 60, 0, 60, 0, 59, 0, 58, 0, 58, 0, 57, 0, 59, 0, 58, 0, 59, 0, 57, 0, 58, 0, 56, 0, 55, 0, 55, 0, 57, 0, 61, 0, 62, 0, 62, 0, 61, 0, 58, 0, 210, 239, 209, 239, 203, 239, 206, 239, 210, 239, 210, 239, 207, 239, 210, 239, 211, 239, 205, 239, 202, 239, 204, 239, 208, 239, 207, 239, 207, 239, 210, 239, 209, 239, 205, 239, 206, 239, 207, 239, 209, 239, 207, 239, 209, 239, 210, 239, 212, 239, 84, 1, 85, 1, 85, 1, 83, 1, 80, 1, 83, 1, 86, 1, 88, 1, 86, 1, 85, 1, 82, 1, 81, 1, 82, 1, 81, 1, 84, 1, 83, 1, 84, 1, 84, 1, 84, 1, 83, 1, 84, 1, 86, 1, 86, 1, 87, 1, 85, 1, 26, 0, 26, 0, 248, 17, 248, 17, 203]
1762250433848;F5:15:8C:96:83:4F;[32, 33, 75, 37, 0, 78, 37, 0, 76, 37, 0, 79, 37, 0, 83, 37, 0, 82, 37, 0, 82, 37, 0, 75, 37, 0, 72, 37, 0, 69, 37, 0, 74, 37, 0, 85, 37, 0, 86, 37, 0, 90, 37, 0, 84, 37, 0, 80, 37, 0, 75, 37, 0, 82, 37, 0, 87, 37, 0, 83, 37, 0, 78, 37, 0, 78, 37, 0, 79, 37, 0, 86, 37, 0, 92, 37, 0, 56, 0, 56, 0, 55, 0, 58, 0, 63, 0, 62, 0, 61, 0, 56, 0, 54, 0, 56, 0, 56, 0, 57, 0, 59, 0, 61, 0, 62, 0, 60, 0, 56, 0, 54, 0, 55, 0, 56, 0, 60, 0, 63, 0, 65, 0, 62, 0, 59, 0, 209, 239, 206, 239, 207, 239, 208, 239, 206, 239, 208, 239, 209, 239, 208, 239, 206, 239, 206, 239, 203, 239, 205, 239, 207, 239, 207, 239, 208, 239, 209, 239, 209, 239, 207, 239, 206, 239, 206, 239, 208, 239, 204, 239, 202, 239, 207, 239, 208, 239, 85, 1, 87, 1, 85, 1, 84, 1, 84, 1, 84, 1, 84, 1, 83, 1, 83, 1, 82, 1, 83, 1, 84, 1, 86, 1, 87, 1, 86, 1, 83, 1, 84, 1, 84, 1, 85, 1, 86, 1, 86, 1, 86, 1, 86, 1, 85, 1, 85, 1, 26, 0, 248, 17, 204]
1762250434087;F5:15:8C:96:83:4F;[32, 33, 84, 37, 0, 78, 37, 0, 69, 37, 0, 81, 37, 0, 87, 37, 0, 90, 37, 0, 90, 37, 0, 90, 37, 0, 81, 37, 0, 81, 37, 0, 76, 37, 0, 90, 37, 0, 92, 37, 0, 88, 37, 0, 81, 37, 0, 78, 37, 0, 81, 37, 0, 82, 37, 0, 80, 37, 0, 88, 37, 0, 88, 37, 0, 93, 37, 0, 84, 37, 0, 92, 37, 0, 85, 37, 0, 56, 0, 53, 0, 55, 0, 58, 0, 62, 0, 64, 0, 63, 0, 60, 0, 60, 0, 56, 0, 55, 0, 58, 0, 60, 0, 61, 0, 60, 0, 60, 0, 57, 0, 56, 0, 56, 0, 56, 0, 59, 0, 62, 0, 62, 0, 61, 0, 59, 0, 206, 239, 202, 239, 204, 239, 207, 239, 208, 239, 209, 239, 212, 239, 209, 239, 206, 239, 203, 239, 203, 239, 205, 239, 208, 239, 206, 239, 210, 239, 210, 239, 208, 239, 205, 239, 206, 239, 207, 239, 207, 239, 210, 239, 211, 239, 211, 239, 212, 239, 86, 1, 86, 1, 83, 1, 81, 1, 82, 1, 86, 1, 86, 1, 87, 1, 86, 1, 86, 1, 84, 1, 84, 1, 84, 1, 86, 1, 85, 1, 85, 1, 83, 1, 81, 1, 82, 1, 84, 1, 86, 1, 87, 1, 89, 1, 87, 1, 86, 1, 26, 0, 248, 17, 205]
1762250434373;F5:15:8C:96:83:4F;[32, 33, 88, 37, 0, 82, 37, 0, 91, 37, 0, 87, 37, 0, 85, 37, 0, 89, 37, 0, 90, 37, 0, 91, 37, 0, 89, 37, 0, 89, 37, 0, 91, 37, 0, 93, 37, 0, 83, 37, 0, 97, 37, 0, 98, 37, 0, 104, 37, 0, 92, 37, 0, 93, 37, 0, 92, 37, 0, 91, 37, 0, 99, 37, 0, 98, 37, 0, 98, 37, 0, 92, 37, 0, 96, 37, 0, 59, 0, 59, 0, 60, 0, 60, 0, 60, 0, 61, 0, 60, 0, 60, 0, 59, 0, 59, 0, 59, 0, 60, 0, 60, 0, 62, 0, 62, 0, 61, 0, 61, 0, 60, 0, 59, 0, 58, 0, 58, 0, 59, 0, 58, 0, 58, 0, 59, 0, 211, 239, 213, 239, 209, 239, 210, 239, 208, 239, 209, 239, 210, 239, 210, 239, 209, 239, 208, 239, 209, 239, 211, 239, 211, 239, 209, 239, 211, 239, 210, 239, 206, 239, 205, 239, 206, 239, 208, 239, 208, 239, 207, 239, 208, 239, 211, 239, 209, 239, 88, 1, 87, 1, 85, 1, 86, 1, 85, 1, 84, 1, 84, 1, 84, 1, 84, 1, 83, 1, 83, 1, 83, 1, 85, 1, 86, 1, 86, 1, 86, 1, 85, 1, 85, 1, 85, 1, 85, 1, 86, 1, 84, 1, 83, 1, 82, 1, 82, 1, 26, 0, 248, 17, 206]
1762250434586;F5:15:8C:96:83:4F;[36, 33, 92, 37, 0, 96, 37, 0, 96, 37, 0, 90, 37, 0, 95, 37, 0, 96, 37, 0, 101, 37, 0, 101, 37, 0, 101, 37, 0, 94, 37, 0, 94, 37, 0, 92, 37, 0, 98, 37, 0, 100, 37, 0, 105, 37, 0, 110, 37, 0, 100, 37, 0, 96, 37, 0, 86, 37, 0, 93, 37, 0, 104, 37, 0, 110, 37, 0, 107, 37, 0, 104, 37, 0, 99, 37, 0, 59, 0, 59, 0, 57, 0, 57, 0, 58, 0, 59, 0, 59, 0, 62, 0, 61, 0, 59, 0, 57, 0, 58, 0, 58, 0, 59, 0, 60, 0, 61, 0, 61, 0, 60, 0, 58, 0, 55, 0, 54, 0, 56, 0, 60, 0, 61, 0, 63, 0, 208, 239, 206, 239, 207, 239, 207, 239, 206, 239, 211, 239, 215, 239, 212, 239, 207, 239, 207, 239, 206, 239, 204, 239, 203, 239, 205, 239, 209, 239, 210, 239, 209, 239, 208, 239, 209, 239, 207, 239, 206, 239, 207, 239, 210, 239, 210, 239, 210, 239, 85, 1, 85, 1, 86, 1, 84, 1, 83, 1, 81, 1, 80, 1, 84, 1, 87, 1, 86, 1, 85, 1, 84, 1, 85, 1, 85, 1, 85, 1, 88, 1, 88, 1, 86, 1, 85, 1, 85, 1, 85, 1, 86, 1, 87, 1, 86, 1, 84, 1, 26, 0, 26, 0, 0, 18, 248, 17, 207]
1762250434899;F5:15:8C:96:83:4F;[32, 33, 103, 37, 0, 119, 37, 0, 107, 37, 0, 105, 37, 0, 96, 37, 0, 94, 37, 0, 101, 37, 0, 106, 37, 0, 113, 37, 0, 107, 37, 0, 102, 37, 0, 94, 37, 0, 99, 37, 0, 114, 37, 0, 113, 37, 0, 109, 37, 0, 108, 37, 0, 101, 37, 0, 99, 37, 0, 104, 37, 0, 107, 37, 0, 110, 37, 0, 110, 37, 0, 104, 37, 0, 106, 37, 0, 61, 0, 61, 0, 58, 0, 56, 0, 55, 0, 59, 0, 58, 0, 60, 0, 61, 0, 60, 0, 57, 0, 57, 0, 56, 0, 56, 0, 57, 0, 60, 0, 60, 0, 60, 0, 58, 0, 54, 0, 56, 0, 54, 0, 56, 0, 59, 0, 59, 0, 211, 239, 211, 239, 211, 239, 209, 239, 205, 239, 206, 239, 206, 239, 206, 239, 206, 239, 205, 239, 206, 239, 205, 239, 206, 239, 206, 239, 208, 239, 208, 239, 209, 239, 211, 239, 211, 239, 211, 239, 211, 239, 210, 239, 211, 239, 211, 239, 211, 239, 82, 1, 82, 1, 83, 1, 85, 1, 85, 1, 83, 1, 82, 1, 84, 1, 86, 1, 88, 1, 86, 1, 85, 1, 82, 1, 82, 1, 84, 1, 87, 1, 89, 1, 86, 1, 85, 1, 85, 1, 85, 1, 86, 1, 86, 1, 86, 1, 84, 1, 26, 0, 248, 17, 208]
1762250435111;F5:15:8C:96:83:4F;[32, 33, 107, 37, 0, 109, 37, 0, 105, 37, 0, 107, 37, 0, 105, 37, 0, 106, 37, 0, 107, 37, 0, 110, 37, 0, 111, 37, 0, 108, 37, 0, 108, 37, 0, 107, 37, 0, 109, 37, 0, 107, 37, 0, 109, 37, 0, 124, 37, 0, 113, 37, 0, 111, 37, 0, 106, 37, 0, 100, 37, 0, 105, 37, 0, 108, 37, 0, 117, 37, 0, 110, 37, 0, 109, 37, 0, 58, 0, 57, 0, 57, 0, 55, 0, 57, 0, 58, 0, 59, 0, 62, 0, 63, 0, 62, 0, 61, 0, 58, 0, 55, 0, 56, 0, 59, 0, 60, 0, 61, 0, 62, 0, 61, 0, 61, 0, 58, 0, 56, 0, 57, 0, 57, 0, 57, 0, 209, 239, 207, 239, 206, 239, 205, 239, 205, 239, 207, 239, 209, 239, 207, 239, 209, 239, 211, 239, 210, 239, 207, 239, 208, 239, 208, 239, 208, 239, 208, 239, 212, 239, 212, 239, 212, 239, 209, 239, 207, 239, 204, 239, 206, 239, 205, 239, 206, 239, 84, 1, 84, 1, 85, 1, 86, 1, 86, 1, 86, 1, 85, 1, 87, 1, 89, 1, 89, 1, 90, 1, 86, 1, 82, 1, 81, 1, 83, 1, 85, 1, 88, 1, 86, 1, 87, 1, 85, 1, 86, 1, 85, 1, 87, 1, 87, 1, 88, 1, 26, 0, 248, 17, 209]
1762250435400;F5:15:8C:96:83:4F;[32, 33, 106, 37, 0, 106, 37, 0, 115, 37, 0, 111, 37, 0, 109, 37, 0, 107, 37, 0, 104, 37, 0, 106, 37, 0, 112, 37, 0, 112, 37, 0, 115, 37, 0, 111, 37, 0, 103, 37, 0, 103, 37, 0, 109, 37, 0, 115, 37, 0, 115, 37, 0, 115, 37, 0, 119, 37, 0, 106, 37, 0, 112, 37, 0, 111, 37, 0, 108, 37, 0, 106, 37, 0, 113, 37, 0, 57, 0, 58, 0, 59, 0, 57, 0, 55, 0, 55, 0, 57, 0, 59, 0, 59, 0, 61, 0, 61, 0, 61, 0, 58, 0, 57, 0, 55, 0, 56, 0, 57, 0, 60, 0, 61, 0, 62, 0, 62, 0, 61, 0, 57, 0, 56, 0, 57, 0, 209, 239, 208, 239, 205, 239, 205, 239, 205, 239, 205, 239, 202, 239, 204, 239, 206, 239, 208, 239, 208, 239, 208, 239, 208, 239, 207, 239, 207, 239, 204, 239, 205, 239, 208, 239, 211, 239, 213, 239, 213, 239, 212, 239, 210, 239, 207, 239, 207, 239, 87, 1, 86, 1, 85, 1, 85, 1, 85, 1, 84, 1, 83, 1, 84, 1, 84, 1, 85, 1, 86, 1, 84, 1, 82, 1, 82, 1, 83, 1, 86, 1, 86, 1, 87, 1, 87, 1, 87, 1, 90, 1, 88, 1, 88, 1, 86, 1, 85, 1, 26, 0, 0, 18, 210]
1762250435612;F5:15:8C:96:83:4F;[36, 33, 104, 37, 0, 116, 37, 0, 109, 37, 0, 113, 37, 0, 113, 37, 0, 106, 37, 0, 106, 37, 0, 112, 37, 0, 112, 37, 0, 112, 37, 0, 110, 37, 0, 109, 37, 0, 105, 37, 0, 112, 37, 0, 111, 37, 0, 107, 37, 0, 110, 37, 0, 101, 37, 0, 107, 37, 0, 111, 37, 0, 111, 37, 0, 118, 37, 0, 111, 37, 0, 102, 37, 0, 108, 37, 0, 59, 0, 60, 0, 60, 0, 61, 0, 60, 0, 59, 0, 58, 0, 59, 0, 58, 0, 59, 0, 61, 0, 62, 0, 61, 0, 60, 0, 58, 0, 56, 0, 55, 0, 56, 0, 57, 0, 58, 0, 58, 0, 58, 0, 57, 0, 57, 0, 57, 0, 206, 239, 206, 239, 209, 239, 211, 239, 209, 239, 208, 239, 207, 239, 206, 239, 206, 239, 208, 239, 208, 239, 210, 239, 212, 239, 212, 239, 209, 239, 208, 239, 207, 239, 205, 239, 203, 239, 205, 239, 208, 239, 210, 239, 210, 239, 209, 239, 209, 239, 86, 1, 86, 1, 87, 1, 87, 1, 87, 1, 86, 1, 84, 1, 84, 1, 85, 1, 86, 1, 85, 1, 85, 1, 84, 1, 84, 1, 85, 1, 84, 1, 85, 1, 85, 1, 85, 1, 83, 1, 84, 1, 87, 1, 87, 1, 85, 1, 85, 1, 26, 0, 27, 0, 0, 18, 0, 18, 211]
1762250435899;F5:15:8C:96:83:4F;[32, 33, 104, 37, 0, 114, 37, 0, 116, 37, 0, 106, 37, 0, 106, 37, 0, 107, 37, 0, 113, 37, 0, 115, 37, 0, 109, 37, 0, 114, 37, 0, 108, 37, 0, 104, 37, 0, 102, 37, 0, 118, 37, 0, 123, 37, 0, 121, 37, 0, 109, 37, 0, 106, 37, 0, 106, 37, 0, 100, 37, 0, 114, 37, 0, 120, 37, 0, 108, 37, 0, 97, 37, 0, 105, 37, 0, 59, 0, 60, 0, 60, 0, 60, 0, 61, 0, 61, 0, 62, 0, 60, 0, 57, 0, 56, 0, 56, 0, 57, 0, 58, 0, 59, 0, 59, 0, 58, 0, 57, 0, 57, 0, 54, 0, 55, 0, 55, 0, 56, 0, 57, 0, 59, 0, 58, 0, 209, 239, 207, 239, 209, 239, 210, 239, 212, 239, 210, 239, 208, 239, 210, 239, 209, 239, 208, 239, 205, 239, 205, 239, 207, 239, 208, 239, 207, 239, 207, 239, 206, 239, 205, 239, 204, 239, 204, 239, 204, 239, 207, 239, 206, 239, 208, 239, 209, 239, 84, 1, 86, 1, 87, 1, 87, 1, 85, 1, 81, 1, 82, 1, 81, 1, 82, 1, 81, 1, 84, 1, 83, 1, 83, 1, 85, 1, 90, 1, 92, 1, 93, 1, 89, 1, 86, 1, 84, 1, 84, 1, 86, 1, 89, 1, 86, 1, 83, 1, 26, 0, 248, 17, 212]
1762250436111;F5:15:8C:96:83:4F;[32, 33, 114, 37, 0, 121, 37, 0, 113, 37, 0, 118, 37, 0, 106, 37, 0, 105, 37, 0, 111, 37, 0, 119, 37, 0, 116, 37, 0, 112, 37, 0, 109, 37, 0, 102, 37, 0, 105, 37, 0, 106, 37, 0, 110, 37, 0, 111, 37, 0, 108, 37, 0, 108, 37, 0, 105, 37, 0, 114, 37, 0, 122, 37, 0, 110, 37, 0, 113, 37, 0, 106, 37, 0, 106, 37, 0, 58, 0, 57, 0, 57, 0, 57, 0, 58, 0, 60, 0, 61, 0, 61, 0, 59, 0, 58, 0, 58, 0, 59, 0, 59, 0, 60, 0, 61, 0, 59, 0, 61, 0, 60, 0, 60, 0, 60, 0, 59, 0, 59, 0, 56, 0, 58, 0, 59, 0, 207, 239, 206, 239, 206, 239, 207, 239, 207, 239, 205, 239, 208, 239, 208, 239, 207, 239, 209, 239, 210, 239, 209, 239, 207, 239, 205, 239, 207, 239, 207, 239, 210, 239, 210, 239, 209, 239, 207, 239, 206, 239, 203, 239, 203, 239, 204, 239, 208, 239, 83, 1, 85, 1, 87, 1, 88, 1, 88, 1, 86, 1, 86, 1, 84, 1, 85, 1, 87, 1, 85, 1, 83, 1, 84, 1, 85, 1, 86, 1, 88, 1, 86, 1, 86, 1, 85, 1, 86, 1, 86, 1, 84, 1, 84, 1, 83, 1, 83, 1, 26, 0, 248, 17, 213]
1762250436402;F5:15:8C:96:83:4F;[32, 33, 110, 37, 0, 106, 37, 0, 115, 37, 0, 107, 37, 0, 112, 37, 0, 105, 37, 0, 107, 37, 0, 112, 37, 0, 111, 37, 0, 105, 37, 0, 106, 37, 0, 107, 37, 0, 103, 37, 0, 100, 37, 0, 109, 37, 0, 106, 37, 0, 117, 37, 0, 105, 37, 0, 101, 37, 0, 104, 37, 0, 105, 37, 0, 102, 37, 0, 104, 37, 0, 100, 37, 0, 104, 37, 0, 59, 0, 59, 0, 58, 0, 58, 0, 59, 0, 59, 0, 58, 0, 61, 0, 64, 0, 65, 0, 64, 0, 62, 0, 59, 0, 57, 0, 58, 0, 59, 0, 60, 0, 59, 0, 59, 0, 60, 0, 60, 0, 59, 0, 57, 0, 57, 0, 59, 0, 208, 239, 208, 239, 209, 239, 210, 239, 208, 239, 207, 239, 206, 239, 207, 239, 206, 239, 209, 239, 211, 239, 210, 239, 210, 239, 208, 239, 208, 239, 207, 239, 206, 239, 206, 239, 207, 239, 206, 239, 208, 239, 206, 239, 208, 239, 208, 239, 208, 239, 83, 1, 83, 1, 83, 1, 84, 1, 83, 1, 85, 1, 85, 1, 85, 1, 88, 1, 90, 1, 89, 1, 87, 1, 87, 1, 86, 1, 84, 1, 85, 1, 85, 1, 85, 1, 84, 1, 83, 1, 83, 1, 84, 1, 85, 1, 86, 1, 87, 1, 26, 0, 0, 18, 214]
1762250436591;F5:15:8C:96:83:4F;[36, 33, 97, 37, 0, 95, 37, 0, 96, 37, 0, 109, 37, 0, 98, 37, 0, 101, 37, 0, 98, 37, 0, 101, 37, 0, 97, 37, 0, 97, 37, 0, 107, 37, 0, 101, 37, 0, 103, 37, 0, 100, 37, 0, 98, 37, 0, 96, 37, 0, 95, 37, 0, 98, 37, 0, 97, 37, 0, 94, 37, 0, 90, 37, 0, 91, 37, 0, 99, 37, 0, 95, 37, 0, 93, 37, 0, 59, 0, 60, 0, 60, 0, 60, 0, 60, 0, 59, 0, 58, 0, 58, 0, 58, 0, 60, 0, 61, 0, 60, 0, 60, 0, 57, 0, 58, 0, 60, 0, 59, 0, 60, 0, 61, 0, 63, 0, 63, 0, 60, 0, 60, 0, 57, 0, 56, 0, 209, 239, 209, 239, 209, 239, 208, 239, 209, 239, 210, 239, 209, 239, 208, 239, 209, 239, 210, 239, 209, 239, 211, 239, 211, 239, 211, 239, 210, 239, 209, 239, 207, 239, 206, 239, 208, 239, 209, 239, 209, 239, 210, 239, 211, 239, 209, 239, 207, 239, 87, 1, 85, 1, 85, 1, 85, 1, 83, 1, 85, 1, 85, 1, 86, 1, 87, 1, 85, 1, 86, 1, 87, 1, 86, 1, 86, 1, 88, 1, 87, 1, 85, 1, 86, 1, 86, 1, 86, 1, 84, 1, 86, 1, 84, 1, 85, 1, 86, 1, 26, 0, 26, 0, 248, 17, 240, 17, 215]
1762250436883;F5:15:8C:96:83:4F;[32, 33, 92, 37, 0, 98, 37, 0, 97, 37, 0, 98, 37, 0, 99, 37, 0, 96, 37, 0, 102, 37, 0, 89, 37, 0, 91, 37, 0, 90, 37, 0, 88, 37, 0, 91, 37, 0, 93, 37, 0, 97, 37, 0, 93, 37, 0, 89, 37, 0, 83, 37, 0, 93, 37, 0, 93, 37, 0, 96, 37, 0, 91, 37, 0, 95, 37, 0, 91, 37, 0, 87, 37, 0, 90, 37, 0, 57, 0, 57, 0, 57, 0, 58, 0, 59, 0, 59, 0, 60, 0, 59, 0, 59, 0, 57, 0, 57, 0, 56, 0, 58, 0, 60, 0, 59, 0, 58, 0, 55, 0, 54, 0, 54, 0, 55, 0, 59, 0, 60, 0, 59, 0, 58, 0, 58, 0, 205, 239, 207, 239, 208, 239, 208, 239, 210, 239, 210, 239, 209, 239, 206, 239, 204, 239, 206, 239, 205, 239, 205, 239, 208, 239, 211, 239, 211, 239, 209, 239, 210, 239, 207, 239, 206, 239, 207, 239, 207, 239, 210, 239, 212, 239, 211, 239, 209, 239, 86, 1, 86, 1, 86, 1, 87, 1, 86, 1, 86, 1, 86, 1, 85, 1, 83, 1, 82, 1, 82, 1, 82, 1, 84, 1, 85, 1, 86, 1, 87, 1, 85, 1, 85, 1, 86, 1, 85, 1, 86, 1, 87, 1, 87, 1, 85, 1, 84, 1, 26, 0, 248, 17, 216]
1762250437109;F5:15:8C:96:83:4F;[32, 33, 86, 37, 0, 89, 37, 0, 96, 37, 0, 84, 37, 0, 87, 37, 0, 88, 37, 0, 90, 37, 0, 89, 37, 0, 79, 37, 0, 83, 37, 0, 89, 37, 0, 83, 37, 0, 86, 37, 0, 86, 37, 0, 84, 37, 0, 86, 37, 0, 84, 37, 0, 79, 37, 0, 89, 37, 0, 83, 37, 0, 82, 37, 0, 74, 37, 0, 79, 37, 0, 76, 37, 0, 79, 37, 0, 56, 0, 55, 0, 56, 0, 55, 0, 58, 0, 60, 0, 60, 0, 59, 0, 58, 0, 56, 0, 55, 0, 57, 0, 60, 0, 61, 0, 62, 0, 61, 0, 59, 0, 60, 0, 59, 0, 60, 0, 59, 0, 61, 0, 61, 0, 60, 0, 59, 0, 207, 239, 206, 239, 206, 239, 205, 239, 207, 239, 208, 239, 209, 239, 211, 239, 210, 239, 209, 239, 208, 239, 208, 239, 206, 239, 206, 239, 208, 239, 209, 239, 210, 239, 208, 239, 208, 239, 207, 239, 206, 239, 207, 239, 209, 239, 206, 239, 207, 239, 85, 1, 86, 1, 85, 1, 85, 1, 84, 1, 86, 1, 85, 1, 86, 1, 85, 1, 85, 1, 85, 1, 85, 1, 86, 1, 84, 1, 82, 1, 81, 1, 81, 1, 83, 1, 86, 1, 86, 1, 87, 1, 87, 1, 84, 1, 85, 1, 85, 1, 26, 0, 248, 17, 217]
1762250437400;F5:15:8C:96:83:4F;[32, 33, 82, 37, 0, 77, 37, 0, 81, 37, 0, 67, 37, 0, 71, 37, 0, 83, 37, 0, 86, 37, 0, 83, 37, 0, 81, 37, 0, 76, 37, 0, 72, 37, 0, 72, 37, 0, 82, 37, 0, 75, 37, 0, 75, 37, 0, 74, 37, 0, 75, 37, 0, 78, 37, 0, 81, 37, 0, 76, 37, 0, 72, 37, 0, 75, 37, 0, 67, 37, 0, 75, 37, 0, 80, 37, 0, 59, 0, 59, 0, 57, 0, 57, 0, 56, 0, 57, 0, 60, 0, 58, 0, 60, 0, 59, 0, 59, 0, 59, 0, 58, 0, 56, 0, 57, 0, 60, 0, 60, 0, 59, 0, 57, 0, 57, 0, 56, 0, 58, 0, 57, 0, 60, 0, 61, 0, 209, 239, 210, 239, 208, 239, 205, 239, 206, 239, 204, 239, 206, 239, 209, 239, 211, 239, 211, 239, 209, 239, 205, 239, 206, 239, 214, 239, 209, 239, 206, 239, 211, 239, 212, 239, 209, 239, 208, 239, 207, 239, 208, 239, 205, 239, 205, 239, 207, 239, 85, 1, 84, 1, 84, 1, 82, 1, 82, 1, 82, 1, 85, 1, 87, 1, 88, 1, 89, 1, 88, 1, 87, 1, 85, 1, 85, 1, 87, 1, 86, 1, 82, 1, 81, 1, 79, 1, 80, 1, 82, 1, 83, 1, 83, 1, 84, 1, 85, 1, 26, 0, 248, 17, 218]
1762250437590;F5:15:8C:96:83:4F;[36, 33, 81, 37, 0, 76, 37, 0, 65, 37, 0, 68, 37, 0, 66, 37, 0, 78, 37, 0, 73, 37, 0, 77, 37, 0, 70, 37, 0, 65, 37, 0, 69, 37, 0, 72, 37, 0, 77, 37, 0, 78, 37, 0, 69, 37, 0, 59, 37, 0, 59, 37, 0, 61, 37, 0, 79, 37, 0, 73, 37, 0, 71, 37, 0, 63, 37, 0, 60, 37, 0, 64, 37, 0, 73, 37, 0, 61, 0, 58, 0, 57, 0, 56, 0, 56, 0, 56, 0, 56, 0, 58, 0, 60, 0, 60, 0, 60, 0, 59, 0, 58, 0, 58, 0, 59, 0, 58, 0, 57, 0, 59, 0, 61, 0, 63, 0, 63, 0, 61, 0, 60, 0, 58, 0, 60, 0, 205, 239, 206, 239, 207, 239, 205, 239, 204, 239, 205, 239, 208, 239, 209, 239, 209, 239, 208, 239, 208, 239, 208, 239, 209, 239, 209, 239, 208, 239, 207, 239, 207, 239, 209, 239, 211, 239, 213, 239, 214, 239, 211, 239, 208, 239, 206, 239, 205, 239, 87, 1, 87, 1, 86, 1, 87, 1, 84, 1, 83, 1, 84, 1, 84, 1, 84, 1, 84, 1, 83, 1, 83, 1, 83, 1, 87, 1, 87, 1, 86, 1, 82, 1, 81, 1, 81, 1, 84, 1, 86, 1, 84, 1, 81, 1, 78, 1, 80, 1, 26, 0, 26, 0, 0, 18, 248, 17, 219]
1762250437899;F5:15:8C:96:83:4F;[32, 33, 78, 37, 0, 77, 37, 0, 70, 37, 0, 57, 37, 0, 64, 37, 0, 69, 37, 0, 70, 37, 0, 75, 37, 0, 67, 37, 0, 65, 37, 0, 63, 37, 0, 63, 37, 0, 67, 37, 0, 69, 37, 0, 73, 37, 0, 77, 37, 0, 61, 37, 0, 70, 37, 0, 71, 37, 0, 63, 37, 0, 73, 37, 0, 65, 37, 0, 71, 37, 0, 69, 37, 0, 70, 37, 0, 60, 0, 63, 0, 62, 0, 61, 0, 60, 0, 58, 0, 58, 0, 58, 0, 59, 0, 62, 0, 62, 0, 61, 0, 61, 0, 61, 0, 59, 0, 58, 0, 58, 0, 57, 0, 57, 0, 58, 0, 57, 0, 59, 0, 58, 0, 55, 0, 57, 0, 205, 239, 205, 239, 206, 239, 210, 239, 209, 239, 207, 239, 208, 239, 207, 239, 209, 239, 206, 239, 206, 239, 206, 239, 208, 239, 209, 239, 209, 239, 206, 239, 209, 239, 208, 239, 208, 239, 209, 239, 210, 239, 210, 239, 210, 239, 208, 239, 207, 239, 84, 1, 85, 1, 86, 1, 83, 1, 80, 1, 81, 1, 83, 1, 84, 1, 85, 1, 86, 1, 84, 1, 85, 1, 85, 1, 84, 1, 84, 1, 84, 1, 83, 1, 83, 1, 83, 1, 83, 1, 85, 1, 85, 1, 84, 1, 84, 1, 84, 1, 26, 0, 0, 18, 220]
1762250438079;F5:15:8C:96:83:4F;[32, 33, 67, 37, 0, 64, 37, 0, 63, 37, 0, 59, 37, 0, 65, 37, 0, 70, 37, 0, 76, 37, 0, 73, 37, 0, 67, 37, 0, 67, 37, 0, 63, 37, 0, 69, 37, 0, 69, 37, 0, 71, 37, 0, 60, 37, 0, 66, 37, 0, 64, 37, 0, 67, 37, 0, 67, 37, 0, 66, 37, 0, 64, 37, 0, 75, 37, 0, 73, 37, 0, 82, 37, 0, 75, 37, 0, 58, 0, 56, 0, 56, 0, 56, 0, 55, 0, 55, 0, 56, 0, 56, 0, 56, 0, 55, 0, 56, 0, 55, 0, 55, 0, 57, 0, 57, 0, 61, 0, 60, 0, 59, 0, 57, 0, 57, 0, 58, 0, 57, 0, 58, 0, 58, 0, 59, 0, 208, 239, 205, 239, 205, 239, 208, 239, 207, 239, 207, 239, 207, 239, 206, 239, 207, 239, 205, 239, 206, 239, 208, 239, 208, 239, 209, 239, 208, 239, 207, 239, 206, 239, 206, 239, 207, 239, 206, 239, 205, 239, 206, 239, 207, 239, 208, 239, 210, 239, 86, 1, 86, 1, 84, 1, 83, 1, 84, 1, 85, 1, 87, 1, 87, 1, 87, 1, 87, 1, 86, 1, 85, 1, 84, 1, 84, 1, 84, 1, 81, 1, 83, 1, 83, 1, 85, 1, 84, 1, 84, 1, 86, 1, 87, 1, 87, 1, 88, 1, 26, 0, 248, 17, 221]
1762250438365;F5:15:8C:96:83:4F;[32, 33, 61, 37, 0, 64, 37, 0, 62, 37, 0, 70, 37, 0, 76, 37, 0, 77, 37, 0, 72, 37, 0, 67, 37, 0, 68, 37, 0, 75, 37, 0, 77, 37, 0, 78, 37, 0, 76, 37, 0, 72, 37, 0, 67, 37, 0, 71, 37, 0, 75, 37, 0, 74, 37, 0, 69, 37, 0, 66, 37, 0, 73, 37, 0, 73, 37, 0, 80, 37, 0, 81, 37, 0, 75, 37, 0, 57, 0, 57, 0, 56, 0, 55, 0, 55, 0, 56, 0, 57, 0, 57, 0, 57, 0, 59, 0, 59, 0, 57, 0, 57, 0, 59, 0, 59, 0, 59, 0, 60, 0, 60, 0, 60, 0, 59, 0, 60, 0, 59, 0, 59, 0, 59, 0, 60, 0, 211, 239, 208, 239, 208, 239, 206, 239, 208, 239, 208, 239, 210, 239, 212, 239, 210, 239, 210, 239, 207, 239, 209, 239, 208, 239, 206, 239, 206, 239, 207, 239, 208, 239, 208, 239, 208, 239, 209, 239, 208, 239, 205, 239, 204, 239, 207, 239, 207, 239, 87, 1, 83, 1, 82, 1, 83, 1, 82, 1, 82, 1, 81, 1, 79, 1, 77, 1, 77, 1, 81, 1, 86, 1, 88, 1, 87, 1, 85, 1, 84, 1, 85, 1, 86, 1, 85, 1, 83, 1, 79, 1, 79, 1, 80, 1, 82, 1, 84, 1, 27, 0, 248, 17, 222]
1762250438606;F5:15:8C:96:83:4F;[36, 33, 69, 37, 0, 74, 37, 0, 73, 37, 0, 78, 37, 0, 77, 37, 0, 73, 37, 0, 71, 37, 0, 75, 37, 0, 70, 37, 0, 76, 37, 0, 80, 37, 0, 75, 37, 0, 77, 37, 0, 68, 37, 0, 70, 37, 0, 78, 37, 0, 85, 37, 0, 77, 37, 0, 79, 37, 0, 72, 37, 0, 74, 37, 0, 75, 37, 0, 76, 37, 0, 84, 37, 0, 83, 37, 0, 61, 0, 62, 0, 60, 0, 57, 0, 56, 0, 58, 0, 58, 0, 59, 0, 62, 0, 61, 0, 61, 0, 60, 0, 60, 0, 60, 0, 59, 0, 59, 0, 61, 0, 61, 0, 60, 0, 60, 0, 60, 0, 59, 0, 59, 0, 60, 0, 60, 0, 206, 239, 208, 239, 208, 239, 207, 239, 206, 239, 205, 239, 206, 239, 206, 239, 205, 239, 205, 239, 208, 239, 209, 239, 208, 239, 207, 239, 206, 239, 206, 239, 206, 239, 207, 239, 209, 239, 210, 239, 210, 239, 206, 239, 205, 239, 206, 239, 209, 239, 84, 1, 85, 1, 85, 1, 86, 1, 86, 1, 86, 1, 84, 1, 83, 1, 84, 1, 83, 1, 81, 1, 83, 1, 84, 1, 83, 1, 82, 1, 83, 1, 84, 1, 86, 1, 87, 1, 85, 1, 83, 1, 82, 1, 82, 1, 83, 1, 83, 1, 26, 0, 26, 0, 248, 17, 248, 17, 223]
1762250438854;F5:15:8C:96:83:4F;[32, 33, 74, 37, 0, 74, 37, 0, 81, 37, 0, 77, 37, 0, 87, 37, 0, 80, 37, 0, 87, 37, 0, 84, 37, 0, 81, 37, 0, 77, 37, 0, 84, 37, 0, 88, 37, 0, 77, 37, 0, 78, 37, 0, 85, 37, 0, 88, 37, 0, 83, 37, 0, 88, 37, 0, 82, 37, 0, 80, 37, 0, 88, 37, 0, 86, 37, 0, 92, 37, 0, 90, 37, 0, 84, 37, 0, 61, 0, 60, 0, 59, 0, 60, 0, 60, 0, 59, 0, 59, 0, 60, 0, 60, 0, 59, 0, 59, 0, 59, 0, 59, 0, 59, 0, 59, 0, 60, 0, 61, 0, 61, 0, 58, 0, 59, 0, 61, 0, 61, 0, 60, 0, 61, 0, 59, 0, 207, 239, 207, 239, 207, 239, 206, 239, 206, 239, 208, 239, 209, 239, 207, 239, 207, 239, 208, 239, 211, 239, 210, 239, 209, 239, 210, 239, 210, 239, 207, 239, 206, 239, 205, 239, 204, 239, 205, 239, 203, 239, 204, 239, 206, 239, 210, 239, 206, 239, 83, 1, 82, 1, 81, 1, 81, 1, 82, 1, 84, 1, 83, 1, 85, 1, 86, 1, 85, 1, 87, 1, 85, 1, 83, 1, 80, 1, 81, 1, 81, 1, 84, 1, 86, 1, 82, 1, 81, 1, 82, 1, 82, 1, 84, 1, 86, 1, 85, 1, 26, 0, 248, 17, 224]
1762250439114;F5:15:8C:96:83:4F;[32, 33, 78, 37, 0, 79, 37, 0, 95, 37, 0, 98, 37, 0, 94, 37, 0, 90, 37, 0, 86, 37, 0, 79, 37, 0, 95, 37, 0, 98, 37, 0, 93, 37, 0, 93, 37, 0, 99, 37, 0, 91, 37, 0, 84, 37, 0, 91, 37, 0, 92, 37, 0, 95, 37, 0, 96, 37, 0, 93, 37, 0, 91, 37, 0, 91, 37, 0, 98, 37, 0, 102, 37, 0, 97, 37, 0, 59, 0, 58, 0, 58, 0, 58, 0, 59, 0, 62, 0, 60, 0, 61, 0, 60, 0, 54, 0, 60, 0, 64, 0, 61, 0, 61, 0, 59, 0, 58, 0, 57, 0, 58, 0, 60, 0, 59, 0, 62, 0, 62, 0, 60, 0, 58, 0, 59, 0, 202, 239, 204, 239, 206, 239, 206, 239, 207, 239, 209, 239, 210, 239, 209, 239, 209, 239, 206, 239, 217, 239, 212, 239, 206, 239, 205, 239, 209, 239, 205, 239, 203, 239, 205, 239, 204, 239, 203, 239, 204, 239, 207, 239, 206, 239, 209, 239, 210, 239, 83, 1, 81, 1, 80, 1, 83, 1, 83, 1, 81, 1, 83, 1, 81, 1, 86, 1, 90, 1, 88, 1, 89, 1, 91, 1, 88, 1, 82, 1, 85, 1, 86, 1, 85, 1, 85, 1, 85, 1, 83, 1, 83, 1, 85, 1, 87, 1, 86, 1, 27, 0, 248, 17, 225]
1762250439357;F5:15:8C:96:83:4F;[32, 33, 91, 37, 0, 93, 37, 0, 97, 37, 0, 104, 37, 0, 95, 37, 0, 92, 37, 0, 101, 37, 0, 90, 37, 0, 98, 37, 0, 98, 37, 0, 102, 37, 0, 101, 37, 0, 99, 37, 0, 88, 37, 0, 96, 37, 0, 96, 37, 0, 102, 37, 0, 102, 37, 0, 101, 37, 0, 98, 37, 0, 92, 37, 0, 93, 37, 0, 98, 37, 0, 106, 37, 0, 106, 37, 0, 60, 0, 61, 0, 61, 0, 61, 0, 58, 0, 58, 0, 58, 0, 58, 0, 60, 0, 61, 0, 61, 0, 60, 0, 59, 0, 59, 0, 60, 0, 60, 0, 61, 0, 62, 0, 61, 0, 61, 0, 60, 0, 59, 0, 60, 0, 60, 0, 60, 0, 208, 239, 206, 239, 204, 239, 203, 239, 206, 239, 207, 239, 204, 239, 205, 239, 206, 239, 208, 239, 206, 239, 204, 239, 203, 239, 199, 239, 199, 239, 201, 239, 203, 239, 206, 239, 209, 239, 210, 239, 209, 239, 209, 239, 209, 239, 208, 239, 207, 239, 86, 1, 83, 1, 83, 1, 84, 1, 82, 1, 80, 1, 82, 1, 81, 1, 79, 1, 79, 1, 80, 1, 83, 1, 85, 1, 85, 1, 85, 1, 83, 1, 85, 1, 86, 1, 86, 1, 85, 1, 82, 1, 81, 1, 79, 1, 83, 1, 84, 1, 26, 0, 248, 17, 226]
1762250439635;F5:15:8C:96:83:4F;[36, 33, 105, 37, 0, 97, 37, 0, 94, 37, 0, 100, 37, 0, 106, 37, 0, 114, 37, 0, 98, 37, 0, 94, 37, 0, 100, 37, 0, 100, 37, 0, 99, 37, 0, 96, 37, 0, 96, 37, 0, 93, 37, 0, 96, 37, 0, 101, 37, 0, 102, 37, 0, 107, 37, 0, 110, 37, 0, 98, 37, 0, 94, 37, 0, 105, 37, 0, 101, 37, 0, 109, 37, 0, 104, 37, 0, 60, 0, 61, 0, 61, 0, 61, 0, 60, 0, 61, 0, 60, 0, 59, 0, 58, 0, 59, 0, 60, 0, 61, 0, 62, 0, 62, 0, 62, 0, 63, 0, 60, 0, 57, 0, 57, 0, 58, 0, 58, 0, 59, 0, 59, 0, 58, 0, 57, 0, 210, 239, 210, 239, 212, 239, 212, 239, 210, 239, 209, 239, 208, 239, 206, 239, 207, 239, 205, 239, 206, 239, 207, 239, 207, 239, 206, 239, 205, 239, 205, 239, 204, 239, 207, 239, 209, 239, 208, 239, 208, 239, 209, 239, 208, 239, 206, 239, 204, 239, 84, 1, 84, 1, 83, 1, 84, 1, 83, 1, 83, 1, 82, 1, 82, 1, 83, 1, 82, 1, 81, 1, 82, 1, 82, 1, 81, 1, 83, 1, 82, 1, 82, 1, 82, 1, 83, 1, 84, 1, 83, 1, 82, 1, 83, 1, 84, 1, 85, 1, 26, 0, 26, 0, 248, 17, 248, 17, 227]
1762250439827;F5:15:8C:96:83:4F;[32, 33, 101, 37, 0, 95, 37, 0, 88, 37, 0, 92, 37, 0, 95, 37, 0, 108, 37, 0, 104, 37, 0, 97, 37, 0, 98, 37, 0, 102, 37, 0, 102, 37, 0, 109, 37, 0, 100, 37, 0, 95, 37, 0, 95, 37, 0, 98, 37, 0, 104, 37, 0, 106, 37, 0, 100, 37, 0, 93, 37, 0, 104, 37, 0, 101, 37, 0, 110, 37, 0, 106, 37, 0, 107, 37, 0, 56, 0, 54, 0, 54, 0, 56, 0, 56, 0, 59, 0, 60, 0, 59, 0, 60, 0, 57, 0, 57, 0, 57, 0, 58, 0, 59, 0, 59, 0, 61, 0, 60, 0, 57, 0, 55, 0, 55, 0, 56, 0, 57, 0, 59, 0, 63, 0, 62, 0, 202, 239, 205, 239, 204, 239, 205, 239, 210, 239, 213, 239, 210, 239, 209, 239, 211, 239, 209, 239, 206, 239, 207, 239, 206, 239, 207, 239, 205, 239, 204, 239, 208, 239, 209, 239, 211, 239, 209, 239, 208, 239, 208, 239, 209, 239, 209, 239, 213, 239, 87, 1, 83, 1, 81, 1, 79, 1, 78, 1, 82, 1, 83, 1, 84, 1, 82, 1, 82, 1, 84, 1, 85, 1, 86, 1, 84, 1, 83, 1, 79, 1, 78, 1, 80, 1, 81, 1, 83, 1, 84, 1, 82, 1, 84, 1, 88, 1, 90, 1, 26, 0, 248, 17, 228]
1762250440076;F5:15:8C:96:83:4F;[32, 33, 107, 37, 0, 96, 37, 0, 95, 37, 0, 96, 37, 0, 100, 37, 0, 107, 37, 0, 103, 37, 0, 104, 37, 0, 99, 37, 0, 94, 37, 0, 95, 37, 0, 100, 37, 0, 103, 37, 0, 114, 37, 0, 102, 37, 0, 102, 37, 0, 106, 37, 0, 100, 37, 0, 96, 37, 0, 104, 37, 0, 98, 37, 0, 102, 37, 0, 101, 37, 0, 106, 37, 0, 111, 37, 0, 61, 0, 56, 0, 56, 0, 57, 0, 57, 0, 61, 0, 192, 190, 61, 0, 61, 0, 58, 0, 57, 0, 56, 0, 57, 0, 59, 0, 60, 0, 60, 0, 60, 0, 58, 0, 57, 0, 56, 0, 56, 0, 56, 0, 57, 0, 59, 0, 60, 0, 211, 239, 212, 239, 211, 239, 208, 239, 207, 239, 209, 239, 235, 202, 207, 239, 208, 239, 207, 239, 206, 239, 206, 239, 207, 239, 206, 239, 207, 239, 208, 239, 208, 239, 211, 239, 209, 239, 208, 239, 207, 239, 206, 239, 203, 239, 204, 239, 206, 239, 90, 1, 88, 1, 84, 1, 80, 1, 78, 1, 78, 1, 3, 0, 81, 1, 80, 1, 80, 1, 80, 1, 80, 1, 83, 1, 85, 1, 84, 1, 84, 1, 84, 1, 82, 1, 83, 1, 83, 1, 81, 1, 82, 1, 81, 1, 84, 1, 83, 1, 26, 0, 0, 18, 229]
1762250440366;F5:15:8C:96:83:4F;[32, 33, 104, 37, 0, 107, 37, 0, 100, 37, 0, 104, 37, 0, 102, 37, 0, 109, 37, 0, 102, 37, 0, 96, 37, 0, 100, 37, 0, 100, 37, 0, 95, 37, 0, 106, 37, 0, 103, 37, 0, 103, 37, 0, 105, 37, 0, 114, 37, 0, 103, 37, 0, 107, 37, 0, 102, 37, 0, 104, 37, 0, 104, 37, 0, 111, 37, 0, 103, 37, 0, 93, 37, 0, 96, 37, 0, 60, 0, 57, 0, 56, 0, 58, 0, 57, 0, 58, 0, 59, 0, 59, 0, 58, 0, 57, 0, 57, 0, 58, 0, 57, 0, 58, 0, 60, 0, 58, 0, 58, 0, 58, 0, 58, 0, 58, 0, 59, 0, 58, 0, 60, 0, 59, 0, 58, 0, 207, 239, 207, 239, 209, 239, 208, 239, 209, 239, 208, 239, 207, 239, 207, 239, 209, 239, 209, 239, 207, 239, 207, 239, 207, 239, 208, 239, 209, 239, 207, 239, 207, 239, 208, 239, 208, 239, 208, 239, 207, 239, 208, 239, 207, 239, 205, 239, 204, 239, 83, 1, 84, 1, 85, 1, 83, 1, 82, 1, 85, 1, 87, 1, 86, 1, 85, 1, 82, 1, 82, 1, 80, 1, 80, 1, 81, 1, 82, 1, 84, 1, 86, 1, 88, 1, 86, 1, 85, 1, 84, 1, 85, 1, 86, 1, 85, 1, 84, 1, 26, 0, 248, 17, 230]
1762250440572;F5:15:8C:96:83:4F;[36, 33, 96, 37, 0, 110, 37, 0, 101, 37, 0, 107, 37, 0, 107, 37, 0, 104, 37, 0, 104, 37, 0, 106, 37, 0, 101, 37, 0, 100, 37, 0, 104, 37, 0, 98, 37, 0, 105, 37, 0, 107, 37, 0, 109, 37, 0, 98, 37, 0, 95, 37, 0, 97, 37, 0, 96, 37, 0, 105, 37, 0, 105, 37, 0, 107, 37, 0, 101, 37, 0, 100, 37, 0, 102, 37, 0, 56, 0, 55, 0, 54, 0, 55, 0, 57, 0, 59, 0, 58, 0, 58, 0, 59, 0, 59, 0, 60, 0, 60, 0, 62, 0, 65, 0, 64, 0, 61, 0, 58, 0, 56, 0, 54, 0, 55, 0, 56, 0, 59, 0, 59, 0, 58, 0, 59, 0, 204, 239, 205, 239, 204, 239, 207, 239, 208, 239, 208, 239, 207, 239, 208, 239, 207, 239, 206, 239, 204, 239, 205, 239, 206, 239, 206, 239, 206, 239, 207, 239, 208, 239, 207, 239, 207, 239, 206, 239, 208, 239, 206, 239, 205, 239, 206, 239, 207, 239, 82, 1, 83, 1, 85, 1, 84, 1, 85, 1, 84, 1, 84, 1, 85, 1, 85, 1, 84, 1, 84, 1, 84, 1, 85, 1, 83, 1, 83, 1, 83, 1, 82, 1, 80, 1, 78, 1, 81, 1, 84, 1, 86, 1, 87, 1, 84, 1, 84, 1, 26, 0, 26, 0, 248, 17, 248, 17, 231]
1762250440882;F5:15:8C:96:83:4F;[32, 33, 104, 37, 0, 96, 37, 0, 103, 37, 0, 101, 37, 0, 105, 37, 0, 102, 37, 0, 104, 37, 0, 102, 37, 0, 97, 37, 0, 101, 37, 0, 100, 37, 0, 102, 37, 0, 106, 37, 0, 119, 37, 0, 99, 37, 0, 94, 37, 0, 91, 37, 0, 95, 37, 0, 98, 37, 0, 102, 37, 0, 99, 37, 0, 95, 37, 0, 89, 37, 0, 93, 37, 0, 104, 37, 0, 57, 0, 56, 0, 56, 0, 55, 0, 57, 0, 59, 0, 62, 0, 58, 0, 56, 0, 55, 0, 57, 0, 59, 0, 61, 0, 61, 0, 60, 0, 57, 0, 55, 0, 56, 0, 55, 0, 56, 0, 58, 0, 57, 0, 57, 0, 57, 0, 58, 0, 208, 239, 207, 239, 208, 239, 209, 239, 209, 239, 208, 239, 209, 239, 209, 239, 209, 239, 208, 239, 208, 239, 209, 239, 209, 239, 210, 239, 210, 239, 207, 239, 207, 239, 206, 239, 205, 239, 206, 239, 206, 239, 205, 239, 205, 239, 204, 239, 205, 239, 84, 1, 85, 1, 85, 1, 82, 1, 81, 1, 81, 1, 81, 1, 82, 1, 81, 1, 80, 1, 81, 1, 82, 1, 83, 1, 85, 1, 85, 1, 84, 1, 81, 1, 80, 1, 81, 1, 82, 1, 84, 1, 83, 1, 82, 1, 82, 1, 82, 1, 26, 0, 248, 17, 232]
1762250441090;F5:15:8C:96:83:4F;[32, 33, 101, 37, 0, 100, 37, 0, 99, 37, 0, 95, 37, 0, 92, 37, 0, 88, 37, 0, 94, 37, 0, 92, 37, 0, 95, 37, 0, 89, 37, 0, 90, 37, 0, 92, 37, 0, 93, 37, 0, 95, 37, 0, 94, 37, 0, 88, 37, 0, 89, 37, 0, 96, 37, 0, 97, 37, 0, 97, 37, 0, 90, 37, 0, 87, 37, 0, 95, 37, 0, 89, 37, 0, 91, 37, 0, 58, 0, 58, 0, 58, 0, 59, 0, 59, 0, 58, 0, 59, 0, 59, 0, 56, 0, 57, 0, 58, 0, 57, 0, 58, 0, 59, 0, 59, 0, 56, 0, 56, 0, 57, 0, 58, 0, 60, 0, 60, 0, 61, 0, 60, 0, 58, 0, 58, 0, 206, 239, 206, 239, 208, 239, 206, 239, 205, 239, 206, 239, 204, 239, 204, 239, 202, 239, 204, 239, 204, 239, 206, 239, 205, 239, 206, 239, 206, 239, 206, 239, 204, 239, 206, 239, 207, 239, 206, 239, 208, 239, 208, 239, 210, 239, 210, 239, 209, 239, 84, 1, 85, 1, 86, 1, 83, 1, 83, 1, 80, 1, 79, 1, 80, 1, 83, 1, 82, 1, 82, 1, 81, 1, 82, 1, 84, 1, 85, 1, 83, 1, 83, 1, 82, 1, 82, 1, 83, 1, 81, 1, 81, 1, 82, 1, 82, 1, 85, 1, 26, 0, 248, 17, 233]
1762250441348;F5:15:8C:96:83:4F;[32, 33, 81, 37, 0, 91, 37, 0, 86, 37, 0, 85, 37, 0, 91, 37, 0, 92, 37, 0, 93, 37, 0, 92, 37, 0, 82, 37, 0, 77, 37, 0, 89, 37, 0, 86, 37, 0, 93, 37, 0, 84, 37, 0, 82, 37, 0, 75, 37, 0, 84, 37, 0, 92, 37, 0, 88, 37, 0, 86, 37, 0, 80, 37, 0, 80, 37, 0, 87, 37, 0, 88, 37, 0, 89, 37, 0, 56, 0, 58, 0, 60, 0, 62, 0, 59, 0, 59, 0, 59, 0, 59, 0, 59, 0, 61, 0, 62, 0, 64, 0, 62, 0, 62, 0, 60, 0, 57, 0, 56, 0, 57, 0, 58, 0, 58, 0, 60, 0, 62, 0, 61, 0, 58, 0, 56, 0, 209, 239, 209, 239, 209, 239, 206, 239, 207, 239, 210, 239, 209, 239, 208, 239, 204, 239, 204, 239, 205, 239, 205, 239, 206, 239, 209, 239, 210, 239, 210, 239, 210, 239, 210, 239, 208, 239, 208, 239, 207, 239, 207, 239, 209, 239, 209, 239, 210, 239, 85, 1, 83, 1, 83, 1, 82, 1, 82, 1, 82, 1, 84, 1, 85, 1, 83, 1, 84, 1, 84, 1, 83, 1, 84, 1, 85, 1, 85, 1, 80, 1, 80, 1, 82, 1, 84, 1, 86, 1, 84, 1, 84, 1, 83, 1, 84, 1, 85, 1, 26, 0, 248, 17, 234]
1762250441631;F5:15:8C:96:83:4F;[36, 33, 78, 37, 0, 80, 37, 0, 75, 37, 0, 79, 37, 0, 89, 37, 0, 83, 37, 0, 88, 37, 0, 83, 37, 0, 76, 37, 0, 72, 37, 0, 76, 37, 0, 86, 37, 0, 85, 37, 0, 85, 37, 0, 81, 37, 0, 69, 37, 0, 73, 37, 0, 72, 37, 0, 85, 37, 0, 83, 37, 0, 73, 37, 0, 76, 37, 0, 73, 37, 0, 77, 37, 0, 85, 37, 0, 56, 0, 56, 0, 58, 0, 61, 0, 61, 0, 62, 0, 62, 0, 59, 0, 56, 0, 56, 0, 59, 0, 60, 0, 60, 0, 59, 0, 59, 0, 58, 0, 56, 0, 56, 0, 57, 0, 58, 0, 61, 0, 58, 0, 59, 0, 58, 0, 58, 0, 209, 239, 210, 239, 210, 239, 210, 239, 207, 239, 213, 239, 212, 239, 211, 239, 210, 239, 208, 239, 206, 239, 206, 239, 209, 239, 208, 239, 210, 239, 210, 239, 209, 239, 209, 239, 209, 239, 207, 239, 208, 239, 209, 239, 209, 239, 209, 239, 209, 239, 85, 1, 84, 1, 81, 1, 78, 1, 79, 1, 79, 1, 81, 1, 82, 1, 83, 1, 82, 1, 83, 1, 85, 1, 85, 1, 85, 1, 84, 1, 83, 1, 81, 1, 78, 1, 81, 1, 84, 1, 85, 1, 82, 1, 82, 1, 80, 1, 83, 1, 26, 0, 26, 0, 248, 17, 248, 17, 235]
1762250441828;F5:15:8C:96:83:4F;[32, 33, 78, 37, 0, 75, 37, 0, 76, 37, 0, 70, 37, 0, 73, 37, 0, 79, 37, 0, 69, 37, 0, 73, 37, 0, 75, 37, 0, 72, 37, 0, 74, 37, 0, 76, 37, 0, 63, 37, 0, 73, 37, 0, 71, 37, 0, 66, 37, 0, 63, 37, 0, 70, 37, 0, 74, 37, 0, 74, 37, 0, 74, 37, 0, 64, 37, 0, 61, 37, 0, 66, 37, 0, 68, 37, 0, 59, 0, 59, 0, 58, 0, 60, 0, 59, 0, 59, 0, 59, 0, 58, 0, 59, 0, 61, 0, 61, 0, 61, 0, 61, 0, 60, 0, 60, 0, 60, 0, 58, 0, 61, 0, 62, 0, 64, 0, 61, 0, 59, 0, 56, 0, 56, 0, 54, 0, 210, 239, 208, 239, 208, 239, 208, 239, 209, 239, 208, 239, 205, 239, 205, 239, 204, 239, 207, 239, 209, 239, 212, 239, 212, 239, 215, 239, 212, 239, 210, 239, 207, 239, 207, 239, 206, 239, 207, 239, 209, 239, 211, 239, 210, 239, 210, 239, 208, 239, 81, 1, 81, 1, 83, 1, 82, 1, 80, 1, 80, 1, 84, 1, 85, 1, 86, 1, 85, 1, 84, 1, 83, 1, 83, 1, 83, 1, 85, 1, 86, 1, 86, 1, 83, 1, 85, 1, 86, 1, 86, 1, 84, 1, 82, 1, 82, 1, 81, 1, 26, 0, 248, 17, 236]
1762250442139;F5:15:8C:96:83:4F;[32, 33, 66, 37, 0, 73, 37, 0, 69, 37, 0, 64, 37, 0, 71, 37, 0, 66, 37, 0, 71, 37, 0, 60, 37, 0, 62, 37, 0, 61, 37, 0, 69, 37, 0, 64, 37, 0, 65, 37, 0, 60, 37, 0, 65, 37, 0, 59, 37, 0, 70, 37, 0, 69, 37, 0, 71, 37, 0, 68, 37, 0, 59, 37, 0, 63, 37, 0, 60, 37, 0, 59, 37, 0, 60, 37, 0, 54, 0, 57, 0, 61, 0, 62, 0, 60, 0, 61, 0, 59, 0, 58, 0, 58, 0, 60, 0, 62, 0, 60, 0, 58, 0, 57, 0, 56, 0, 55, 0, 56, 0, 58, 0, 60, 0, 60, 0, 60, 0, 57, 0, 56, 0, 53, 0, 54, 0, 208, 239, 207, 239, 207, 239, 207, 239, 208, 239, 208, 239, 203, 239, 205, 239, 204, 239, 203, 239, 205, 239, 208, 239, 209, 239, 208, 239, 208, 239, 204, 239, 203, 239, 204, 239, 206, 239, 208, 239, 209, 239, 209, 239, 207, 239, 205, 239, 204, 239, 81, 1, 83, 1, 85, 1, 85, 1, 86, 1, 86, 1, 86, 1, 86, 1, 86, 1, 84, 1, 84, 1, 83, 1, 81, 1, 80, 1, 80, 1, 81, 1, 81, 1, 81, 1, 85, 1, 85, 1, 86, 1, 88, 1, 85, 1, 85, 1, 82, 1, 26, 0, 248, 17, 237]
1762250442332;F5:15:8C:96:83:4F;[32, 33, 62, 37, 0, 59, 37, 0, 62, 37, 0, 62, 37, 0, 62, 37, 0, 55, 37, 0, 56, 37, 0, 54, 37, 0, 64, 37, 0, 76, 37, 0, 66, 37, 0, 61, 37, 0, 60, 37, 0, 60, 37, 0, 60, 37, 0, 56, 37, 0, 64, 37, 0, 59, 37, 0, 66, 37, 0, 64, 37, 0, 58, 37, 0, 58, 37, 0, 55, 37, 0, 63, 37, 0, 64, 37, 0, 56, 0, 56, 0, 57, 0, 56, 0, 55, 0, 56, 0, 54, 0, 56, 0, 60, 0, 62, 0, 63, 0, 64, 0, 63, 0, 60, 0, 57, 0, 58, 0, 60, 0, 61, 0, 63, 0, 63, 0, 60, 0, 58, 0, 59, 0, 59, 0, 59, 0, 202, 239, 205, 239, 206, 239, 208, 239, 209, 239, 208, 239, 205, 239, 204, 239, 205, 239, 207, 239, 209, 239, 210, 239, 211, 239, 210, 239, 210, 239, 209, 239, 208, 239, 207, 239, 209, 239, 212, 239, 213, 239, 212, 239, 208, 239, 205, 239, 203, 239, 82, 1, 84, 1, 85, 1, 83, 1, 83, 1, 82, 1, 79, 1, 78, 1, 82, 1, 86, 1, 86, 1, 85, 1, 83, 1, 83, 1, 82, 1, 83, 1, 81, 1, 82, 1, 83, 1, 84, 1, 84, 1, 85, 1, 85, 1, 84, 1, 83, 1, 26, 0, 248, 17, 238]
1762250442615;F5:15:8C:96:83:4F;[36, 33, 63, 37, 0, 60, 37, 0, 61, 37, 0, 54, 37, 0, 58, 37, 0, 58, 37, 0, 61, 37, 0, 63, 37, 0, 64, 37, 0, 56, 37, 0, 64, 37, 0, 62, 37, 0, 58, 37, 0, 61, 37, 0, 60, 37, 0, 58, 37, 0, 64, 37, 0, 64, 37, 0, 61, 37, 0, 56, 37, 0, 54, 37, 0, 53, 37, 0, 57, 37, 0, 60, 37, 0, 61, 37, 0, 60, 0, 61, 0, 61, 0, 60, 0, 58, 0, 57, 0, 57, 0, 57, 0, 59, 0, 60, 0, 61, 0, 62, 0, 60, 0, 60, 0, 61, 0, 61, 0, 59, 0, 60, 0, 60, 0, 60, 0, 61, 0, 60, 0, 59, 0, 59, 0, 59, 0, 202, 239, 203, 239, 208, 239, 210, 239, 210, 239, 208, 239, 207, 239, 205, 239, 206, 239, 206, 239, 206, 239, 207, 239, 208, 239, 207, 239, 206, 239, 207, 239, 206, 239, 206, 239, 205, 239, 207, 239, 209, 239, 209, 239, 209, 239, 208, 239, 209, 239, 83, 1, 83, 1, 82, 1, 80, 1, 81, 1, 82, 1, 83, 1, 83, 1, 84, 1, 84, 1, 84, 1, 85, 1, 84, 1, 83, 1, 81, 1, 82, 1, 83, 1, 83, 1, 83, 1, 82, 1, 81, 1, 81, 1, 82, 1, 83, 1, 83, 1, 26, 0, 26, 0, 248, 17, 248, 17, 239]
1762250442831;F5:15:8C:96:83:4F;[32, 33, 58, 37, 0, 58, 37, 0, 62, 37, 0, 64, 37, 0, 64, 37, 0, 63, 37, 0, 61, 37, 0, 60, 37, 0, 57, 37, 0, 57, 37, 0, 60, 37, 0, 55, 37, 0, 56, 37, 0, 52, 37, 0, 58, 37, 0, 59, 37, 0, 69, 37, 0, 60, 37, 0, 54, 37, 0, 56, 37, 0, 57, 37, 0, 66, 37, 0, 67, 37, 0, 67, 37, 0, 51, 37, 0, 57, 0, 58, 0, 57, 0, 58, 0, 59, 0, 60, 0, 61, 0, 61, 0, 58, 0, 57, 0, 56, 0, 56, 0, 58, 0, 58, 0, 60, 0, 63, 0, 62, 0, 59, 0, 58, 0, 56, 0, 56, 0, 59, 0, 62, 0, 62, 0, 61, 0, 208, 239, 205, 239, 207, 239, 208, 239, 208, 239, 208, 239, 208, 239, 208, 239, 207, 239, 205, 239, 206, 239, 208, 239, 208, 239, 205, 239, 207, 239, 209, 239, 206, 239, 206, 239, 205, 239, 205, 239, 208, 239, 209, 239, 208, 239, 210, 239, 210, 239, 84, 1, 83, 1, 84, 1, 84, 1, 87, 1, 88, 1, 87, 1, 87, 1, 85, 1, 83, 1, 82, 1, 81, 1, 81, 1, 82, 1, 82, 1, 84, 1, 87, 1, 89, 1, 85, 1, 83, 1, 81, 1, 81, 1, 82, 1, 83, 1, 82, 1, 26, 0, 248, 17, 240]
1762250443142;F5:15:8C:96:83:4F;[32, 33, 57, 37, 0, 60, 37, 0, 56, 37, 0, 60, 37, 0, 67, 37, 0, 63, 37, 0, 61, 37, 0, 66, 37, 0, 62, 37, 0, 59, 37, 0, 55, 37, 0, 69, 37, 0, 61, 37, 0, 65, 37, 0, 64, 37, 0, 66, 37, 0, 66, 37, 0, 69, 37, 0, 61, 37, 0, 64, 37, 0, 60, 37, 0, 67, 37, 0, 70, 37, 0, 62, 37, 0, 69, 37, 0, 58, 0, 56, 0, 57, 0, 59, 0, 62, 0, 64, 0, 66, 0, 64, 0, 60, 0, 57, 0, 56, 0, 55, 0, 59, 0, 62, 0, 63, 0, 62, 0, 59, 0, 56, 0, 54, 0, 54, 0, 55, 0, 57, 0, 59, 0, 59, 0, 58, 0, 207, 239, 207, 239, 206, 239, 205, 239, 203, 239, 205, 239, 209, 239, 208, 239, 208, 239, 207, 239, 208, 239, 208, 239, 206, 239, 206, 239, 208, 239, 211, 239, 211, 239, 209, 239, 209, 239, 209, 239, 208, 239, 204, 239, 208, 239, 209, 239, 209, 239, 80, 1, 78, 1, 79, 1, 80, 1, 82, 1, 84, 1, 85, 1, 85, 1, 85, 1, 84, 1, 85, 1, 84, 1, 83, 1, 83, 1, 83, 1, 83, 1, 84, 1, 84, 1, 85, 1, 84, 1, 82, 1, 83, 1, 85, 1, 86, 1, 87, 1, 27, 0, 248, 17, 241]
1762250443313;F5:15:8C:96:83:4F;[32, 33, 65, 37, 0, 57, 37, 0, 58, 37, 0, 62, 37, 0, 70, 37, 0, 69, 37, 0, 69, 37, 0, 66, 37, 0, 66, 37, 0, 69, 37, 0, 68, 37, 0, 62, 37, 0, 63, 37, 0, 61, 37, 0, 66, 37, 0, 71, 37, 0, 77, 37, 0, 73, 37, 0, 66, 37, 0, 58, 37, 0, 66, 37, 0, 71, 37, 0, 71, 37, 0, 65, 37, 0, 67, 37, 0, 57, 0, 56, 0, 56, 0, 56, 0, 58, 0, 59, 0, 57, 0, 58, 0, 58, 0, 58, 0, 57, 0, 58, 0, 58, 0, 59, 0, 58, 0, 60, 0, 60, 0, 60, 0, 57, 0, 57, 0, 56, 0, 57, 0, 57, 0, 56, 0, 56, 0, 208, 239, 207, 239, 206, 239, 205, 239, 203, 239, 204, 239, 208, 239, 209, 239, 209, 239, 210, 239, 210, 239, 206, 239, 205, 239, 205, 239, 207, 239, 208, 239, 208, 239, 211, 239, 210, 239, 209, 239, 205, 239, 205, 239, 206, 239, 205, 239, 205, 239, 87, 1, 82, 1, 82, 1, 82, 1, 85, 1, 86, 1, 85, 1, 84, 1, 82, 1, 80, 1, 81, 1, 82, 1, 82, 1, 82, 1, 82, 1, 85, 1, 85, 1, 86, 1, 84, 1, 83, 1, 82, 1, 83, 1, 84, 1, 84, 1, 85, 1, 26, 0, 248, 17, 242]
1762250443570;F5:15:8C:96:83:4F;[36, 33, 72, 37, 0, 67, 37, 0, 64, 37, 0, 62, 37, 0, 63, 37, 0, 69, 37, 0, 68, 37, 0, 71, 37, 0, 75, 37, 0, 75, 37, 0, 64, 37, 0, 68, 37, 0, 71, 37, 0, 66, 37, 0, 71, 37, 0, 69, 37, 0, 63, 37, 0, 70, 37, 0, 70, 37, 0, 77, 37, 0, 75, 37, 0, 73, 37, 0, 68, 37, 0, 76, 37, 0, 85, 37, 0, 57, 0, 58, 0, 61, 0, 61, 0, 61, 0, 60, 0, 59, 0, 58, 0, 60, 0, 60, 0, 59, 0, 60, 0, 61, 0, 61, 0, 61, 0, 61, 0, 59, 0, 61, 0, 60, 0, 59, 0, 60, 0, 58, 0, 58, 0, 57, 0, 57, 0, 206, 239, 207, 239, 207, 239, 206, 239, 206, 239, 207, 239, 209, 239, 208, 239, 211, 239, 211, 239, 211, 239, 208, 239, 206, 239, 206, 239, 206, 239, 206, 239, 209, 239, 211, 239, 213, 239, 209, 239, 209, 239, 208, 239, 208, 239, 206, 239, 206, 239, 84, 1, 84, 1, 84, 1, 85, 1, 85, 1, 83, 1, 83, 1, 86, 1, 88, 1, 88, 1, 88, 1, 87, 1, 86, 1, 84, 1, 86, 1, 84, 1, 83, 1, 80, 1, 81, 1, 81, 1, 82, 1, 80, 1, 81, 1, 82, 1, 82, 1, 26, 0, 26, 0, 248, 17, 240, 17, 243]
1762250443812;F5:15:8C:96:83:4F;[32, 33, 76, 37, 0, 81, 37, 0, 76, 37, 0, 77, 37, 0, 77, 37, 0, 79, 37, 0, 72, 37, 0, 78, 37, 0, 63, 37, 0, 72, 37, 0, 82, 37, 0, 84, 37, 0, 86, 37, 0, 81, 37, 0, 78, 37, 0, 72, 37, 0, 78, 37, 0, 83, 37, 0, 84, 37, 0, 80, 37, 0, 86, 37, 0, 78, 37, 0, 76, 37, 0, 88, 37, 0, 81, 37, 0, 58, 0, 60, 0, 63, 0, 65, 0, 64, 0, 61, 0, 57, 0, 54, 0, 56, 0, 57, 0, 60, 0, 63, 0, 62, 0, 61, 0, 58, 0, 56, 0, 55, 0, 55, 0, 57, 0, 61, 0, 64, 0, 63, 0, 63, 0, 61, 0, 58, 0, 206, 239, 208, 239, 211, 239, 208, 239, 209, 239, 209, 239, 208, 239, 205, 239, 206, 239, 207, 239, 208, 239, 210, 239, 211, 239, 210, 239, 208, 239, 204, 239, 204, 239, 206, 239, 207, 239, 210, 239, 210, 239, 211, 239, 210, 239, 209, 239, 208, 239, 84, 1, 84, 1, 85, 1, 84, 1, 83, 1, 84, 1, 83, 1, 85, 1, 83, 1, 83, 1, 84, 1, 85, 1, 86, 1, 88, 1, 84, 1, 81, 1, 80, 1, 81, 1, 80, 1, 81, 1, 84, 1, 82, 1, 80, 1, 80, 1, 81, 1, 27, 0, 248, 17, 244]
1762250444097;F5:15:8C:96:83:4F;[32, 33, 80, 37, 0, 83, 37, 0, 84, 37, 0, 83, 37, 0, 88, 37, 0, 92, 37, 0, 84, 37, 0, 82, 37, 0, 86, 37, 0, 85, 37, 0, 80, 37, 0, 88, 37, 0, 84, 37, 0, 87, 37, 0, 82, 37, 0, 88, 37, 0, 85, 37, 0, 87, 37, 0, 90, 37, 0, 90, 37, 0, 79, 37, 0, 85, 37, 0, 86, 37, 0, 87, 37, 0, 86, 37, 0, 58, 0, 60, 0, 62, 0, 64, 0, 62, 0, 62, 0, 59, 0, 57, 0, 57, 0, 58, 0, 62, 0, 65, 0, 66, 0, 66, 0, 63, 0, 58, 0, 57, 0, 59, 0, 60, 0, 62, 0, 62, 0, 62, 0, 63, 0, 59, 0, 58, 0, 207, 239, 207, 239, 205, 239, 207, 239, 209, 239, 210, 239, 208, 239, 208, 239, 207, 239, 207, 239, 206, 239, 204, 239, 204, 239, 207, 239, 210, 239, 209, 239, 209, 239, 210, 239, 209, 239, 207, 239, 207, 239, 206, 239, 208, 239, 208, 239, 210, 239, 81, 1, 82, 1, 83, 1, 83, 1, 85, 1, 85, 1, 85, 1, 86, 1, 84, 1, 83, 1, 84, 1, 84, 1, 82, 1, 83, 1, 82, 1, 79, 1, 80, 1, 84, 1, 84, 1, 85, 1, 84, 1, 82, 1, 82, 1, 81, 1, 82, 1, 27, 0, 248, 17, 245]
1762250444310;F5:15:8C:96:83:4F;[32, 33, 89, 37, 0, 91, 37, 0, 88, 37, 0, 90, 37, 0, 92, 37, 0, 88, 37, 0, 85, 37, 0, 89, 37, 0, 85, 37, 0, 87, 37, 0, 92, 37, 0, 91, 37, 0, 87, 37, 0, 88, 37, 0, 86, 37, 0, 92, 37, 0, 89, 37, 0, 92, 37, 0, 94, 37, 0, 88, 37, 0, 86, 37, 0, 89, 37, 0, 92, 37, 0, 94, 37, 0, 89, 37, 0, 59, 0, 61, 0, 60, 0, 60, 0, 59, 0, 60, 0, 61, 0, 59, 0, 59, 0, 62, 0, 60, 0, 57, 0, 57, 0, 57, 0, 58, 0, 58, 0, 58, 0, 59, 0, 59, 0, 57, 0, 57, 0, 56, 0, 56, 0, 58, 0, 59, 0, 209, 239, 209, 239, 209, 239, 210, 239, 211, 239, 210, 239, 211, 239, 213, 239, 212, 239, 212, 239, 210, 239, 208, 239, 207, 239, 207, 239, 207, 239, 209, 239, 210, 239, 210, 239, 209, 239, 209, 239, 208, 239, 208, 239, 205, 239, 204, 239, 207, 239, 82, 1, 84, 1, 83, 1, 84, 1, 84, 1, 86, 1, 84, 1, 84, 1, 84, 1, 83, 1, 85, 1, 86, 1, 86, 1, 86, 1, 85, 1, 84, 1, 85, 1, 86, 1, 86, 1, 82, 1, 81, 1, 82, 1, 84, 1, 84, 1, 82, 1, 26, 0, 248, 17, 246]
1762250444598;F5:15:8C:96:83:4F;[36, 33, 85, 37, 0, 91, 37, 0, 87, 37, 0, 96, 37, 0, 93, 37, 0, 89, 37, 0, 86, 37, 0, 86, 37, 0, 94, 37, 0, 92, 37, 0, 93, 37, 0, 95, 37, 0, 82, 37, 0, 86, 37, 0, 93, 37, 0, 96, 37, 0, 95, 37, 0, 98, 37, 0, 95, 37, 0, 87, 37, 0, 85, 37, 0, 95, 37, 0, 88, 37, 0, 88, 37, 0, 85, 37, 0, 60, 0, 61, 0, 61, 0, 59, 0, 59, 0, 58, 0, 58, 0, 58, 0, 57, 0, 60, 0, 63, 0, 64, 0, 59, 0, 58, 0, 58, 0, 57, 0, 62, 0, 62, 0, 63, 0, 62, 0, 62, 0, 62, 0, 62, 0, 60, 0, 60, 0, 208, 239, 208, 239, 208, 239, 208, 239, 206, 239, 205, 239, 205, 239, 205, 239, 207, 239, 207, 239, 208, 239, 210, 239, 211, 239, 210, 239, 207, 239, 207, 239, 209, 239, 210, 239, 209, 239, 210, 239, 211, 239, 211, 239, 208, 239, 204, 239, 206, 239, 82, 1, 83, 1, 84, 1, 84, 1, 84, 1, 84, 1, 82, 1, 80, 1, 79, 1, 80, 1, 84, 1, 85, 1, 85, 1, 83, 1, 81, 1, 82, 1, 82, 1, 84, 1, 85, 1, 82, 1, 80, 1, 78, 1, 80, 1, 78, 1, 78, 1, 26, 0, 26, 0, 248, 17, 248, 17, 247]
1762250444810;F5:15:8C:96:83:4F;[32, 33, 86, 37, 0, 87, 37, 0, 89, 37, 0, 97, 37, 0, 88, 37, 0, 89, 37, 0, 87, 37, 0, 86, 37, 0, 96, 37, 0, 92, 37, 0, 102, 37, 0, 95, 37, 0, 89, 37, 0, 80, 37, 0, 92, 37, 0, 94, 37, 0, 100, 37, 0, 88, 37, 0, 80, 37, 0, 86, 37, 0, 90, 37, 0, 96, 37, 0, 101, 37, 0, 102, 37, 0, 89, 37, 0, 61, 0, 59, 0, 58, 0, 55, 0, 56, 0, 58, 0, 58, 0, 59, 0, 59, 0, 60, 0, 60, 0, 58, 0, 57, 0, 58, 0, 60, 0, 58, 0, 57, 0, 56, 0, 56, 0, 55, 0, 55, 0, 57, 0, 60, 0, 62, 0, 63, 0, 205, 239, 205, 239, 208, 239, 210, 239, 212, 239, 212, 239, 210, 239, 208, 239, 206, 239, 206, 239, 207, 239, 210, 239, 209, 239, 208, 239, 209, 239, 209, 239, 208, 239, 206, 239, 206, 239, 207, 239, 205, 239, 206, 239, 207, 239, 209, 239, 211, 239, 78, 1, 80, 1, 81, 1, 82, 1, 82, 1, 83, 1, 82, 1, 81, 1, 82, 1, 82, 1, 84, 1, 83, 1, 82, 1, 78, 1, 78, 1, 79, 1, 81, 1, 82, 1, 82, 1, 81, 1, 79, 1, 80, 1, 82, 1, 83, 1, 83, 1, 26, 0, 248, 17, 248]
1762250445119;F5:15:8C:96:83:4F;[32, 33, 89, 37, 0, 88, 37, 0, 93, 37, 0, 91, 37, 0, 97, 37, 0, 95, 37, 0, 98, 37, 0, 90, 37, 0, 92, 37, 0, 92, 37, 0, 94, 37, 0, 86, 37, 0, 89, 37, 0, 92, 37, 0, 94, 37, 0, 99, 37, 0, 97, 37, 0, 100, 37, 0, 88, 37, 0, 89, 37, 0, 82, 37, 0, 103, 37, 0, 97, 37, 0, 100, 37, 0, 91, 37, 0, 63, 0, 61, 0, 59, 0, 59, 0, 60, 0, 61, 0, 62, 0, 61, 0, 62, 0, 61, 0, 60, 0, 58, 0, 58, 0, 61, 0, 62, 0, 63, 0, 64, 0, 62, 0, 60, 0, 57, 0, 58, 0, 60, 0, 60, 0, 61, 0, 61, 0, 209, 239, 208, 239, 208, 239, 209, 239, 208, 239, 209, 239, 211, 239, 211, 239, 208, 239, 208, 239, 208, 239, 207, 239, 207, 239, 209, 239, 211, 239, 212, 239, 210, 239, 211, 239, 208, 239, 208, 239, 207, 239, 207, 239, 209, 239, 210, 239, 212, 239, 81, 1, 81, 1, 80, 1, 80, 1, 84, 1, 85, 1, 82, 1, 82, 1, 82, 1, 82, 1, 82, 1, 81, 1, 79, 1, 78, 1, 78, 1, 79, 1, 80, 1, 82, 1, 81, 1, 79, 1, 79, 1, 80, 1, 83, 1, 84, 1, 84, 1, 26, 0, 248, 17, 249]
1762250445331;F5:15:8C:96:83:4F;[32, 33, 88, 37, 0, 92, 37, 0, 95, 37, 0, 94, 37, 0, 98, 37, 0, 90, 37, 0, 91, 37, 0, 95, 37, 0, 100, 37, 0, 101, 37, 0, 99, 37, 0, 96, 37, 0, 87, 37, 0, 95, 37, 0, 96, 37, 0, 102, 37, 0, 98, 37, 0, 91, 37, 0, 86, 37, 0, 87, 37, 0, 92, 37, 0, 102, 37, 0, 99, 37, 0, 91, 37, 0, 88, 37, 0, 59, 0, 60, 0, 57, 0, 56, 0, 59, 0, 60, 0, 61, 0, 61, 0, 59, 0, 58, 0, 58, 0, 58, 0, 59, 0, 59, 0, 58, 0, 59, 0, 58, 0, 59, 0, 58, 0, 58, 0, 57, 0, 56, 0, 55, 0, 54, 0, 54, 0, 210, 239, 207, 239, 208, 239, 210, 239, 209, 239, 206, 239, 207, 239, 207, 239, 206, 239, 207, 239, 209, 239, 211, 239, 211, 239, 210, 239, 211, 239, 211, 239, 211, 239, 210, 239, 210, 239, 209, 239, 209, 239, 209, 239, 209, 239, 209, 239, 210, 239, 81, 1, 81, 1, 81, 1, 81, 1, 81, 1, 81, 1, 82, 1, 81, 1, 81, 1, 81, 1, 81, 1, 80, 1, 82, 1, 81, 1, 82, 1, 83, 1, 83, 1, 83, 1, 82, 1, 79, 1, 78, 1, 81, 1, 82, 1, 82, 1, 81, 1, 26, 0, 248, 17, 250]
1762250445618;F5:15:8C:96:83:4F;[36, 33, 89, 37, 0, 91, 37, 0, 100, 37, 0, 101, 37, 0, 95, 37, 0, 89, 37, 0, 86, 37, 0, 88, 37, 0, 95, 37, 0, 101, 37, 0, 93, 37, 0, 93, 37, 0, 91, 37, 0, 91, 37, 0, 96, 37, 0, 95, 37, 0, 98, 37, 0, 91, 37, 0, 81, 37, 0, 81, 37, 0, 85, 37, 0, 96, 37, 0, 101, 37, 0, 95, 37, 0, 91, 37, 0, 55, 0, 57, 0, 58, 0, 59, 0, 58, 0, 59, 0, 56, 0, 55, 0, 55, 0, 55, 0, 57, 0, 61, 0, 61, 0, 61, 0, 60, 0, 59, 0, 58, 0, 59, 0, 60, 0, 61, 0, 60, 0, 60, 0, 58, 0, 58, 0, 58, 0, 210, 239, 210, 239, 210, 239, 210, 239, 211, 239, 211, 239, 209, 239, 209, 239, 208, 239, 209, 239, 211, 239, 211, 239, 210, 239, 209, 239, 208, 239, 206, 239, 207, 239, 207, 239, 207, 239, 207, 239, 207, 239, 208, 239, 211, 239, 210, 239, 209, 239, 80, 1, 80, 1, 83, 1, 85, 1, 87, 1, 83, 1, 82, 1, 81, 1, 81, 1, 82, 1, 83, 1, 83, 1, 82, 1, 82, 1, 82, 1, 83, 1, 86, 1, 89, 1, 87, 1, 83, 1, 82, 1, 83, 1, 83, 1, 84, 1, 85, 1, 26, 0, 26, 0, 248, 17, 248, 17, 251]
1762250445831;F5:15:8C:96:83:4F;[32, 33, 76, 37, 0, 85, 37, 0, 92, 37, 0, 97, 37, 0, 91, 37, 0, 85, 37, 0, 79, 37, 0, 81, 37, 0, 84, 37, 0, 92, 37, 0, 92, 37, 0, 85, 37, 0, 75, 37, 0, 78, 37, 0, 83, 37, 0, 91, 37, 0, 86, 37, 0, 83, 37, 0, 80, 37, 0, 83, 37, 0, 77, 37, 0, 83, 37, 0, 82, 37, 0, 89, 37, 0, 79, 37, 0, 58, 0, 59, 0, 63, 0, 61, 0, 62, 0, 61, 0, 60, 0, 58, 0, 58, 0, 59, 0, 60, 0, 60, 0, 60, 0, 60, 0, 60, 0, 60, 0, 59, 0, 61, 0, 60, 0, 59, 0, 59, 0, 58, 0, 58, 0, 59, 0, 59, 0, 206, 239, 208, 239, 209, 239, 208, 239, 208, 239, 208, 239, 208, 239, 207, 239, 206, 239, 207, 239, 205, 239, 204, 239, 205, 239, 206, 239, 205, 239, 206, 239, 207, 239, 207, 239, 208, 239, 209, 239, 208, 239, 207, 239, 210, 239, 208, 239, 205, 239, 83, 1, 81, 1, 82, 1, 83, 1, 83, 1, 85, 1, 81, 1, 79, 1, 80, 1, 83, 1, 85, 1, 84, 1, 83, 1, 82, 1, 81, 1, 83, 1, 84, 1, 84, 1, 84, 1, 82, 1, 80, 1, 81, 1, 80, 1, 82, 1, 81, 1, 27, 0, 248, 17, 252]
1762250446132;F5:15:8C:96:83:4F;[32, 33, 83, 37, 0, 80, 37, 0, 78, 37, 0, 79, 37, 0, 78, 37, 0, 81, 37, 0, 79, 37, 0, 74, 37, 0, 80, 37, 0, 82, 37, 0, 76, 37, 0, 83, 37, 0, 79, 37, 0, 75, 37, 0, 70, 37, 0, 78, 37, 0, 78, 37, 0, 81, 37, 0, 74, 37, 0, 72, 37, 0, 69, 37, 0, 71, 37, 0, 76, 37, 0, 71, 37, 0, 78, 37, 0, 60, 0, 60, 0, 59, 0, 58, 0, 58, 0, 59, 0, 60, 0, 61, 0, 62, 0, 61, 0, 59, 0, 58, 0, 59, 0, 60, 0, 60, 0, 62, 0, 64, 0, 64, 0, 63, 0, 61, 0, 59, 0, 58, 0, 59, 0, 62, 0, 64, 0, 206, 239, 207, 239, 209, 239, 208, 239, 207, 239, 208, 239, 209, 239, 208, 239, 208, 239, 208, 239, 207, 239, 207, 239, 207, 239, 208, 239, 207, 239, 206, 239, 208, 239, 206, 239, 208, 239, 208, 239, 209, 239, 209, 239, 208, 239, 206, 239, 206, 239, 81, 1, 82, 1, 81, 1, 80, 1, 79, 1, 81, 1, 81, 1, 80, 1, 79, 1, 82, 1, 83, 1, 84, 1, 84, 1, 81, 1, 80, 1, 81, 1, 82, 1, 84, 1, 84, 1, 81, 1, 82, 1, 81, 1, 82, 1, 83, 1, 84, 1, 26, 0, 248, 17, 253]
1762250446317;F5:15:8C:96:83:4F;[32, 33, 69, 37, 0, 64, 37, 0, 80, 37, 0, 69, 37, 0, 74, 37, 0, 70, 37, 0, 71, 37, 0, 69, 37, 0, 72, 37, 0, 70, 37, 0, 73, 37, 0, 68, 37, 0, 66, 37, 0, 71, 37, 0, 76, 37, 0, 64, 37, 0, 79, 37, 0, 74, 37, 0, 64, 37, 0, 63, 37, 0, 65, 37, 0, 65, 37, 0, 72, 37, 0, 68, 37, 0, 63, 37, 0, 63, 0, 63, 0, 62, 0, 61, 0, 60, 0, 57, 0, 59, 0, 60, 0, 62, 0, 63, 0, 62, 0, 60, 0, 58, 0, 59, 0, 59, 0, 60, 0, 60, 0, 59, 0, 59, 0, 59, 0, 56, 0, 55, 0, 55, 0, 58, 0, 58, 0, 208, 239, 208, 239, 207, 239, 206, 239, 208, 239, 208, 239, 207, 239, 206, 239, 208, 239, 209, 239, 210, 239, 208, 239, 207, 239, 207, 239, 207, 239, 205, 239, 208, 239, 210, 239, 209, 239, 209, 239, 210, 239, 209, 239, 208, 239, 208, 239, 208, 239, 84, 1, 83, 1, 82, 1, 82, 1, 83, 1, 82, 1, 83, 1, 84, 1, 84, 1, 85, 1, 83, 1, 84, 1, 82, 1, 80, 1, 81, 1, 82, 1, 84, 1, 83, 1, 82, 1, 82, 1, 82, 1, 82, 1, 83, 1, 83, 1, 83, 1, 26, 0, 248, 17, 254]
1762250446625;F5:15:8C:96:83:4F;[36, 33, 69, 37, 0, 61, 37, 0, 66, 37, 0, 62, 37, 0, 65, 37, 0, 70, 37, 0, 57, 37, 0, 56, 37, 0, 57, 37, 0, 63, 37, 0, 66, 37, 0, 65, 37, 0, 62, 37, 0, 66, 37, 0, 62, 37, 0, 65, 37, 0, 62, 37, 0, 68, 37, 0, 64, 37, 0, 59, 37, 0, 55, 37, 0, 56, 37, 0, 63, 37, 0, 58, 37, 0, 62, 37, 0, 60, 0, 60, 0, 59, 0, 58, 0, 57, 0, 58, 0, 57, 0, 59, 0, 59, 0, 61, 0, 60, 0, 59, 0, 59, 0, 60, 0, 60, 0, 60, 0, 60, 0, 60, 0, 61, 0, 59, 0, 58, 0, 59, 0, 59, 0, 61, 0, 62, 0, 209, 239, 208, 239, 208, 239, 208, 239, 210, 239, 206, 239, 206, 239, 206, 239, 205, 239, 206, 239, 206, 239, 206, 239, 209, 239, 208, 239, 207, 239, 209, 239, 210, 239, 211, 239, 211, 239, 210, 239, 210, 239, 209, 239, 207, 239, 207, 239, 207, 239, 84, 1, 84, 1, 84, 1, 85, 1, 85, 1, 86, 1, 85, 1, 83, 1, 82, 1, 81, 1, 81, 1, 83, 1, 81, 1, 81, 1, 81, 1, 83, 1, 84, 1, 84, 1, 86, 1, 84, 1, 82, 1, 79, 1, 79, 1, 81, 1, 83, 1, 26, 0, 26, 0, 248, 17, 0, 18, 255]
1762250446817;F5:15:8C:96:83:4F;[32, 33, 60, 37, 0, 55, 37, 0, 54, 37, 0, 57, 37, 0, 58, 37, 0, 62, 37, 0, 60, 37, 0, 54, 37, 0, 51, 37, 0, 52, 37, 0, 60, 37, 0, 63, 37, 0, 57, 37, 0, 59, 37, 0, 61, 37, 0, 49, 37, 0, 47, 37, 0, 59, 37, 0, 53, 37, 0, 56, 37, 0, 52, 37, 0, 49, 37, 0, 55, 37, 0, 52, 37, 0, 66, 37, 0, 62, 0, 59, 0, 59, 0, 61, 0, 60, 0, 59, 0, 58, 0, 58, 0, 58, 0, 57, 0, 57, 0, 60, 0, 60, 0, 61, 0, 62, 0, 60, 0, 59, 0, 59, 0, 60, 0, 60, 0, 61, 0, 61, 0, 62, 0, 62, 0, 59, 0, 208, 239, 208, 239, 208, 239, 209, 239, 209, 239, 210, 239, 209, 239, 210, 239, 210, 239, 207, 239, 206, 239, 207, 239, 207, 239, 206, 239, 208, 239, 210, 239, 211, 239, 209, 239, 208, 239, 209, 239, 209, 239, 208, 239, 208, 239, 208, 239, 206, 239, 83, 1, 82, 1, 80, 1, 79, 1, 79, 1, 79, 1, 80, 1, 82, 1, 79, 1, 80, 1, 79, 1, 79, 1, 82, 1, 83, 1, 82, 1, 82, 1, 79, 1, 78, 1, 80, 1, 82, 1, 82, 1, 81, 1, 83, 1, 84, 1, 84, 1, 26, 0, 248, 17, 0]
1762250447102;F5:15:8C:96:83:4F;[32, 33, 55, 37, 0, 46, 37, 0, 44, 37, 0, 57, 37, 0, 53, 37, 0, 62, 37, 0, 54, 37, 0, 53, 37, 0, 51, 37, 0, 51, 37, 0, 59, 37, 0, 54, 37, 0, 54, 37, 0, 54, 37, 0, 49, 37, 0, 49, 37, 0, 56, 37, 0, 49, 37, 0, 53, 37, 0, 55, 37, 0, 53, 37, 0, 50, 37, 0, 48, 37, 0, 49, 37, 0, 53, 37, 0, 56, 0, 53, 0, 53, 0, 57, 0, 59, 0, 60, 0, 61, 0, 59, 0, 60, 0, 60, 0, 60, 0, 62, 0, 63, 0, 62, 0, 62, 0, 60, 0, 58, 0, 56, 0, 56, 0, 56, 0, 60, 0, 61, 0, 61, 0, 59, 0, 58, 0, 206, 239, 206, 239, 207, 239, 209, 239, 209, 239, 210, 239, 210, 239, 210, 239, 209, 239, 206, 239, 206, 239, 206, 239, 204, 239, 205, 239, 205, 239, 207, 239, 207, 239, 207, 239, 209, 239, 207, 239, 208, 239, 205, 239, 206, 239, 208, 239, 209, 239, 86, 1, 83, 1, 82, 1, 80, 1, 81, 1, 82, 1, 85, 1, 84, 1, 84, 1, 83, 1, 82, 1, 83, 1, 86, 1, 85, 1, 83, 1, 81, 1, 82, 1, 82, 1, 82, 1, 83, 1, 81, 1, 80, 1, 81, 1, 80, 1, 81, 1, 26, 0, 248, 17, 1]
1762250447342;F5:15:8C:96:83:4F;[32, 33, 56, 37, 0, 45, 37, 0, 40, 37, 0, 44, 37, 0, 51, 37, 0, 55, 37, 0, 57, 37, 0, 46, 37, 0, 46, 37, 0, 46, 37, 0, 50, 37, 0, 57, 37, 0, 61, 37, 0, 46, 37, 0, 48, 37, 0, 47, 37, 0, 50, 37, 0, 51, 37, 0, 51, 37, 0, 53, 37, 0, 55, 37, 0, 44, 37, 0, 49, 37, 0, 46, 37, 0, 45, 37, 0, 56, 0, 56, 0, 57, 0, 60, 0, 61, 0, 63, 0, 62, 0, 59, 0, 57, 0, 57, 0, 59, 0, 61, 0, 61, 0, 60, 0, 57, 0, 56, 0, 53, 0, 54, 0, 56, 0, 58, 0, 61, 0, 64, 0, 65, 0, 62, 0, 60, 0, 209, 239, 209, 239, 207, 239, 206, 239, 208, 239, 207, 239, 211, 239, 209, 239, 208, 239, 206, 239, 207, 239, 208, 239, 210, 239, 211, 239, 212, 239, 211, 239, 211, 239, 209, 239, 208, 239, 206, 239, 205, 239, 205, 239, 206, 239, 207, 239, 205, 239, 83, 1, 82, 1, 80, 1, 79, 1, 78, 1, 79, 1, 83, 1, 82, 1, 79, 1, 79, 1, 79, 1, 78, 1, 83, 1, 86, 1, 85, 1, 82, 1, 78, 1, 78, 1, 81, 1, 82, 1, 82, 1, 82, 1, 82, 1, 80, 1, 81, 1, 26, 0, 248, 17, 2]
1762250447616;F5:15:8C:96:83:4F;[36, 33, 49, 37, 0, 48, 37, 0, 56, 37, 0, 48, 37, 0, 49, 37, 0, 52, 37, 0, 45, 37, 0, 54, 37, 0, 52, 37, 0, 46, 37, 0, 49, 37, 0, 53, 37, 0, 50, 37, 0, 51, 37, 0, 47, 37, 0, 46, 37, 0, 49, 37, 0, 56, 37, 0, 49, 37, 0, 47, 37, 0, 54, 37, 0, 50, 37, 0, 53, 37, 0, 48, 37, 0, 54, 37, 0, 59, 0, 59, 0, 58, 0, 59, 0, 59, 0, 61, 0, 57, 0, 58, 0, 58, 0, 60, 0, 61, 0, 62, 0, 62, 0, 61, 0, 58, 0, 57, 0, 57, 0, 58, 0, 60, 0, 60, 0, 58, 0, 59, 0, 58, 0, 56, 0, 57, 0, 204, 239, 205, 239, 205, 239, 208, 239, 208, 239, 209, 239, 209, 239, 208, 239, 206, 239, 207, 239, 208, 239, 209, 239, 209, 239, 210, 239, 209, 239, 210, 239, 209, 239, 210, 239, 212, 239, 212, 239, 213, 239, 213, 239, 214, 239, 212, 239, 210, 239, 82, 1, 82, 1, 83, 1, 83, 1, 83, 1, 82, 1, 82, 1, 82, 1, 81, 1, 79, 1, 78, 1, 78, 1, 80, 1, 79, 1, 80, 1, 80, 1, 80, 1, 80, 1, 80, 1, 83, 1, 82, 1, 80, 1, 78, 1, 80, 1, 79, 1, 26, 0, 26, 0, 248, 17, 248, 17, 3]
1762250447816;F5:15:8C:96:83:4F;[32, 33, 49, 37, 0, 47, 37, 0, 50, 37, 0, 53, 37, 0, 49, 37, 0, 49, 37, 0, 54, 37, 0, 58, 37, 0, 54, 37, 0, 52, 37, 0, 54, 37, 0, 49, 37, 0, 53, 37, 0, 55, 37, 0, 56, 37, 0, 61, 37, 0, 48, 37, 0, 53, 37, 0, 56, 37, 0, 66, 37, 0, 53, 37, 0, 43, 37, 0, 46, 37, 0, 56, 37, 0, 62, 37, 0, 59, 0, 60, 0, 61, 0, 61, 0, 61, 0, 60, 0, 61, 0, 61, 0, 61, 0, 60, 0, 60, 0, 61, 0, 59, 0, 58, 0, 57, 0, 58, 0, 59, 0, 63, 0, 62, 0, 63, 0, 62, 0, 59, 0, 57, 0, 57, 0, 58, 0, 210, 239, 210, 239, 212, 239, 211, 239, 212, 239, 212, 239, 212, 239, 211, 239, 207, 239, 203, 239, 207, 239, 210, 239, 209, 239, 210, 239, 210, 239, 210, 239, 208, 239, 208, 239, 206, 239, 206, 239, 206, 239, 208, 239, 210, 239, 207, 239, 208, 239, 79, 1, 81, 1, 80, 1, 82, 1, 81, 1, 81, 1, 79, 1, 81, 1, 84, 1, 85, 1, 81, 1, 82, 1, 82, 1, 81, 1, 83, 1, 83, 1, 83, 1, 81, 1, 81, 1, 84, 1, 84, 1, 80, 1, 78, 1, 76, 1, 79, 1, 26, 0, 248, 17, 4]
1762250448085;F5:15:8C:96:83:4F;[32, 33, 58, 37, 0, 55, 37, 0, 57, 37, 0, 45, 37, 0, 39, 37, 0, 56, 37, 0, 58, 37, 0, 58, 37, 0, 54, 37, 0, 64, 37, 0, 55, 37, 0, 48, 37, 0, 53, 37, 0, 61, 37, 0, 66, 37, 0, 55, 37, 0, 62, 37, 0, 60, 37, 0, 69, 37, 0, 67, 37, 0, 54, 37, 0, 54, 37, 0, 51, 37, 0, 62, 37, 0, 62, 37, 0, 59, 0, 61, 0, 61, 0, 58, 0, 59, 0, 59, 0, 60, 0, 60, 0, 61, 0, 60, 0, 60, 0, 58, 0, 57, 0, 56, 0, 56, 0, 57, 0, 60, 0, 62, 0, 62, 0, 64, 0, 60, 0, 58, 0, 59, 0, 61, 0, 59, 0, 209, 239, 210, 239, 209, 239, 206, 239, 206, 239, 207, 239, 206, 239, 206, 239, 209, 239, 208, 239, 205, 239, 207, 239, 212, 239, 209, 239, 209, 239, 210, 239, 210, 239, 209, 239, 209, 239, 208, 239, 208, 239, 209, 239, 210, 239, 207, 239, 206, 239, 81, 1, 82, 1, 82, 1, 81, 1, 76, 1, 76, 1, 77, 1, 78, 1, 81, 1, 81, 1, 82, 1, 79, 1, 77, 1, 79, 1, 81, 1, 83, 1, 82, 1, 82, 1, 86, 1, 87, 1, 89, 1, 86, 1, 82, 1, 79, 1, 80, 1, 26, 0, 248, 17, 5]
1762250448342;F5:15:8C:96:83:4F;[32, 33, 55, 37, 0, 62, 37, 0, 69, 37, 0, 57, 37, 0, 49, 37, 0, 57, 37, 0, 59, 37, 0, 65, 37, 0, 71, 37, 0, 66, 37, 0, 62, 37, 0, 56, 37, 0, 61, 37, 0, 64, 37, 0, 69, 37, 0, 70, 37, 0, 60, 37, 0, 60, 37, 0, 64, 37, 0, 69, 37, 0, 74, 37, 0, 63, 37, 0, 61, 37, 0, 63, 37, 0, 72, 37, 0, 61, 0, 66, 0, 63, 0, 61, 0, 62, 0, 59, 0, 61, 0, 62, 0, 62, 0, 62, 0, 60, 0, 59, 0, 58, 0, 57, 0, 59, 0, 60, 0, 62, 0, 64, 0, 64, 0, 62, 0, 61, 0, 59, 0, 60, 0, 60, 0, 62, 0, 211, 239, 214, 239, 209, 239, 208, 239, 210, 239, 208, 239, 205, 239, 206, 239, 210, 239, 212, 239, 209, 239, 209, 239, 210, 239, 211, 239, 208, 239, 211, 239, 207, 239, 210, 239, 206, 239, 208, 239, 206, 239, 208, 239, 206, 239, 208, 239, 206, 239, 78, 1, 80, 1, 83, 1, 82, 1, 79, 1, 78, 1, 80, 1, 83, 1, 86, 1, 87, 1, 87, 1, 83, 1, 80, 1, 80, 1, 82, 1, 83, 1, 83, 1, 82, 1, 83, 1, 82, 1, 81, 1, 80, 1, 79, 1, 76, 1, 78, 1, 26, 0, 248, 17, 6]
1762250448564;F5:15:8C:96:83:4F;[36, 33, 78, 37, 0, 78, 37, 0, 69, 37, 0, 60, 37, 0, 54, 37, 0, 59, 37, 0, 76, 37, 0, 76, 37, 0, 80, 37, 0, 71, 37, 0, 60, 37, 0, 62, 37, 0, 66, 37, 0, 72, 37, 0, 68, 37, 0, 74, 37, 0, 72, 37, 0, 78, 37, 0, 68, 37, 0, 64, 37, 0, 71, 37, 0, 71, 37, 0, 79, 37, 0, 74, 37, 0, 80, 37, 0, 62, 0, 63, 0, 62, 0, 59, 0, 57, 0, 57, 0, 58, 0, 59, 0, 61, 0, 63, 0, 62, 0, 60, 0, 58, 0, 55, 0, 55, 0, 58, 0, 58, 0, 59, 0, 58, 0, 58, 0, 56, 0, 55, 0, 54, 0, 56, 0, 57, 0, 208, 239, 207, 239, 205, 239, 207, 239, 209, 239, 208, 239, 207, 239, 209, 239, 210, 239, 210, 239, 210, 239, 210, 239, 209, 239, 208, 239, 209, 239, 209, 239, 208, 239, 210, 239, 209, 239, 209, 239, 210, 239, 208, 239, 207, 239, 206, 239, 205, 239, 82, 1, 85, 1, 83, 1, 81, 1, 79, 1, 76, 1, 79, 1, 80, 1, 80, 1, 82, 1, 83, 1, 82, 1, 80, 1, 80, 1, 80, 1, 81, 1, 83, 1, 84, 1, 86, 1, 84, 1, 82, 1, 81, 1, 79, 1, 78, 1, 78, 1, 26, 0, 26, 0, 248, 17, 240, 17, 7]
1762250448826;F5:15:8C:96:83:4F;[32, 33, 76, 37, 0, 80, 37, 0, 76, 37, 0, 69, 37, 0, 76, 37, 0, 81, 37, 0, 80, 37, 0, 79, 37, 0, 80, 37, 0, 74, 37, 0, 76, 37, 0, 71, 37, 0, 76, 37, 0, 76, 37, 0, 85, 37, 0, 83, 37, 0, 84, 37, 0, 84, 37, 0, 86, 37, 0, 84, 37, 0, 87, 37, 0, 83, 37, 0, 86, 37, 0, 82, 37, 0, 80, 37, 0, 58, 0, 58, 0, 58, 0, 57, 0, 57, 0, 58, 0, 59, 0, 58, 0, 57, 0, 60, 0, 60, 0, 60, 0, 60, 0, 62, 0, 63, 0, 64, 0, 62, 0, 60, 0, 59, 0, 57, 0, 59, 0, 59, 0, 60, 0, 62, 0, 61, 0, 207, 239, 208, 239, 208, 239, 208, 239, 208, 239, 209, 239, 209, 239, 211, 239, 211, 239, 210, 239, 210, 239, 207, 239, 209, 239, 208, 239, 206, 239, 206, 239, 206, 239, 208, 239, 208, 239, 208, 239, 208, 239, 209, 239, 209, 239, 209, 239, 209, 239, 78, 1, 77, 1, 77, 1, 78, 1, 79, 1, 79, 1, 81, 1, 82, 1, 82, 1, 82, 1, 82, 1, 82, 1, 81, 1, 81, 1, 82, 1, 79, 1, 82, 1, 82, 1, 83, 1, 82, 1, 82, 1, 81, 1, 82, 1, 82, 1, 82, 1, 26, 0, 248, 17, 8]
1762250449110;F5:15:8C:96:83:4F;[32, 33, 79, 37, 0, 79, 37, 0, 77, 37, 0, 76, 37, 0, 80, 37, 0, 84, 37, 0, 81, 37, 0, 80, 37, 0, 81, 37, 0, 76, 37, 0, 84, 37, 0, 81, 37, 0, 84, 37, 0, 76, 37, 0, 80, 37, 0, 79, 37, 0, 83, 37, 0, 80, 37, 0, 81, 37, 0, 82, 37, 0, 79, 37, 0, 81, 37, 0, 84, 37, 0, 81, 37, 0, 80, 37, 0, 59, 0, 58, 0, 57, 0, 58, 0, 60, 0, 60, 0, 61, 0, 60, 0, 58, 0, 59, 0, 58, 0, 59, 0, 62, 0, 63, 0, 61, 0, 60, 0, 60, 0, 60, 0, 58, 0, 58, 0, 62, 0, 62, 0, 63, 0, 58, 0, 59, 0, 208, 239, 205, 239, 205, 239, 205, 239, 207, 239, 206, 239, 206, 239, 208, 239, 209, 239, 210, 239, 210, 239, 210, 239, 209, 239, 207, 239, 205, 239, 206, 239, 207, 239, 206, 239, 207, 239, 207, 239, 208, 239, 206, 239, 203, 239, 205, 239, 207, 239, 82, 1, 81, 1, 80, 1, 81, 1, 80, 1, 83, 1, 83, 1, 84, 1, 83, 1, 83, 1, 83, 1, 84, 1, 83, 1, 81, 1, 81, 1, 80, 1, 80, 1, 82, 1, 83, 1, 84, 1, 84, 1, 85, 1, 85, 1, 85, 1, 84, 1, 27, 0, 248, 17, 9]
1762250449323;F5:15:8C:96:83:4F;[32, 33, 92, 37, 0, 84, 37, 0, 81, 37, 0, 87, 37, 0, 86, 37, 0, 80, 37, 0, 83, 37, 0, 89, 37, 0, 84, 37, 0, 82, 37, 0, 85, 37, 0, 83, 37, 0, 89, 37, 0, 81, 37, 0, 79, 37, 0, 81, 37, 0, 81, 37, 0, 87, 37, 0, 82, 37, 0, 84, 37, 0, 83, 37, 0, 84, 37, 0, 76, 37, 0, 81, 37, 0, 84, 37, 0, 58, 0, 58, 0, 62, 0, 61, 0, 63, 0, 62, 0, 62, 0, 60, 0, 58, 0, 57, 0, 56, 0, 57, 0, 60, 0, 60, 0, 60, 0, 60, 0, 59, 0, 58, 0, 57, 0, 58, 0, 59, 0, 60, 0, 58, 0, 58, 0, 61, 0, 207, 239, 207, 239, 204, 239, 206, 239, 209, 239, 210, 239, 210, 239, 210, 239, 208, 239, 208, 239, 206, 239, 207, 239, 209, 239, 207, 239, 209, 239, 209, 239, 209, 239, 208, 239, 207, 239, 207, 239, 207, 239, 207, 239, 204, 239, 206, 239, 208, 239, 84, 1, 80, 1, 82, 1, 81, 1, 81, 1, 82, 1, 83, 1, 82, 1, 82, 1, 81, 1, 80, 1, 80, 1, 80, 1, 84, 1, 83, 1, 81, 1, 81, 1, 82, 1, 83, 1, 83, 1, 80, 1, 82, 1, 83, 1, 82, 1, 84, 1, 27, 0, 248, 17, 10]
1762250449612;F5:15:8C:96:83:4F;[36, 33, 85, 37, 0, 86, 37, 0, 81, 37, 0, 87, 37, 0, 81, 37, 0, 83, 37, 0, 79, 37, 0, 93, 37, 0, 82, 37, 0, 82, 37, 0, 81, 37, 0, 77, 37, 0, 81, 37, 0, 84, 37, 0, 86, 37, 0, 86, 37, 0, 82, 37, 0, 86, 37, 0, 88, 37, 0, 86, 37, 0, 88, 37, 0, 87, 37, 0, 81, 37, 0, 79, 37, 0, 80, 37, 0, 61, 0, 61, 0, 59, 0, 59, 0, 60, 0, 63, 0, 63, 0, 63, 0, 64, 0, 65, 0, 63, 0, 63, 0, 61, 0, 60, 0, 59, 0, 57, 0, 59, 0, 61, 0, 59, 0, 59, 0, 59, 0, 59, 0, 59, 0, 59, 0, 60, 0, 209, 239, 209, 239, 209, 239, 208, 239, 206, 239, 205, 239, 208, 239, 209, 239, 207, 239, 206, 239, 208, 239, 209, 239, 209, 239, 208, 239, 207, 239, 210, 239, 210, 239, 206, 239, 206, 239, 206, 239, 206, 239, 205, 239, 206, 239, 208, 239, 207, 239, 85, 1, 85, 1, 85, 1, 83, 1, 83, 1, 83, 1, 81, 1, 82, 1, 84, 1, 82, 1, 80, 1, 79, 1, 79, 1, 79, 1, 78, 1, 80, 1, 83, 1, 84, 1, 84, 1, 82, 1, 81, 1, 80, 1, 79, 1, 79, 1, 79, 1, 26, 0, 26, 0, 240, 17, 248, 17, 11]
1762250449803;F5:15:8C:96:83:4F;[32, 33, 89, 37, 0, 85, 37, 0, 84, 37, 0, 86, 37, 0, 88, 37, 0, 85, 37, 0, 83, 37, 0, 83, 37, 0, 87, 37, 0, 81, 37, 0, 88, 37, 0, 85, 37, 0, 81, 37, 0, 84, 37, 0, 81, 37, 0, 84, 37, 0, 90, 37, 0, 86, 37, 0, 83, 37, 0, 80, 37, 0, 89, 37, 0, 79, 37, 0, 80, 37, 0, 77, 37, 0, 88, 37, 0, 61, 0, 61, 0, 60, 0, 60, 0, 61, 0, 60, 0, 61, 0, 62, 0, 60, 0, 60, 0, 62, 0, 62, 0, 61, 0, 60, 0, 60, 0, 58, 0, 58, 0, 59, 0, 59, 0, 59, 0, 58, 0, 60, 0, 59, 0, 60, 0, 63, 0, 206, 239, 207, 239, 207, 239, 206, 239, 206, 239, 207, 239, 209, 239, 209, 239, 207, 239, 207, 239, 209, 239, 208, 239, 205, 239, 205, 239, 206, 239, 206, 239, 202, 239, 204, 239, 206, 239, 208, 239, 206, 239, 206, 239, 208, 239, 208, 239, 207, 239, 80, 1, 82, 1, 81, 1, 82, 1, 82, 1, 83, 1, 82, 1, 81, 1, 81, 1, 81, 1, 80, 1, 82, 1, 81, 1, 81, 1, 78, 1, 79, 1, 80, 1, 79, 1, 82, 1, 84, 1, 84, 1, 84, 1, 85, 1, 83, 1, 84, 1, 26, 0, 248, 17, 12]
1762250450052;F5:15:8C:96:83:4F;[32, 33, 87, 37, 0, 87, 37, 0, 92, 37, 0, 86, 37, 0, 84, 37, 0, 88, 37, 0, 84, 37, 0, 88, 37, 0, 85, 37, 0, 91, 37, 0, 84, 37, 0, 82, 37, 0, 79, 37, 0, 94, 37, 0, 84, 37, 0, 87, 37, 0, 79, 37, 0, 80, 37, 0, 81, 37, 0, 87, 37, 0, 78, 37, 0, 86, 37, 0, 77, 37, 0, 85, 37, 0, 81, 37, 0, 64, 0, 63, 0, 61, 0, 61, 0, 58, 0, 59, 0, 192, 190, 59, 0, 59, 0, 58, 0, 58, 0, 58, 0, 59, 0, 56, 0, 56, 0, 58, 0, 58, 0, 56, 0, 56, 0, 58, 0, 59, 0, 58, 0, 58, 0, 58, 0, 59, 0, 204, 239, 209, 239, 210, 239, 208, 239, 205, 239, 209, 239, 235, 202, 205, 239, 206, 239, 207, 239, 208, 239, 206, 239, 204, 239, 206, 239, 206, 239, 206, 239, 208, 239, 208, 239, 206, 239, 207, 239, 207, 239, 209, 239, 210, 239, 209, 239, 210, 239, 87, 1, 84, 1, 84, 1, 84, 1, 83, 1, 81, 1, 3, 0, 82, 1, 83, 1, 83, 1, 82, 1, 83, 1, 83, 1, 81, 1, 83, 1, 85, 1, 85, 1, 84, 1, 84, 1, 81, 1, 81, 1, 81, 1, 83, 1, 82, 1, 83, 1, 26, 0, 248, 17, 13]
1762250450335;F5:15:8C:96:83:4F;[32, 33, 85, 37, 0, 86, 37, 0, 80, 37, 0, 82, 37, 0, 80, 37, 0, 78, 37, 0, 77, 37, 0, 77, 37, 0, 91, 37, 0, 82, 37, 0, 87, 37, 0, 84, 37, 0, 80, 37, 0, 78, 37, 0, 84, 37, 0, 83, 37, 0, 84, 37, 0, 74, 37, 0, 81, 37, 0, 70, 37, 0, 85, 37, 0, 75, 37, 0, 77, 37, 0, 84, 37, 0, 81, 37, 0, 58, 0, 59, 0, 60, 0, 59, 0, 59, 0, 61, 0, 59, 0, 59, 0, 58, 0, 59, 0, 60, 0, 60, 0, 60, 0, 60, 0, 61, 0, 59, 0, 60, 0, 59, 0, 62, 0, 61, 0, 60, 0, 59, 0, 58, 0, 59, 0, 56, 0, 210, 239, 210, 239, 210, 239, 211, 239, 211, 239, 211, 239, 211, 239, 210, 239, 210, 239, 210, 239, 211, 239, 209, 239, 208, 239, 209, 239, 211, 239, 210, 239, 209, 239, 209, 239, 212, 239, 210, 239, 211, 239, 211, 239, 213, 239, 209, 239, 208, 239, 84, 1, 82, 1, 84, 1, 84, 1, 84, 1, 83, 1, 84, 1, 84, 1, 85, 1, 84, 1, 84, 1, 83, 1, 82, 1, 80, 1, 81, 1, 81, 1, 82, 1, 81, 1, 81, 1, 82, 1, 81, 1, 81, 1, 80, 1, 81, 1, 83, 1, 26, 0, 248, 17, 14]
1762250450550;F5:15:8C:96:83:4F;[36, 33, 83, 37, 0, 74, 37, 0, 78, 37, 0, 72, 37, 0, 77, 37, 0, 82, 37, 0, 78, 37, 0, 82, 37, 0, 75, 37, 0, 78, 37, 0, 73, 37, 0, 78, 37, 0, 83, 37, 0, 72, 37, 0, 84, 37, 0, 75, 37, 0, 86, 37, 0, 73, 37, 0, 81, 37, 0, 76, 37, 0, 70, 37, 0, 70, 37, 0, 73, 37, 0, 66, 37, 0, 69, 37, 0, 57, 0, 56, 0, 53, 0, 56, 0, 56, 0, 55, 0, 55, 0, 56, 0, 56, 0, 57, 0, 58, 0, 59, 0, 59, 0, 59, 0, 56, 0, 57, 0, 56, 0, 57, 0, 56, 0, 55, 0, 56, 0, 55, 0, 54, 0, 54, 0, 55, 0, 209, 239, 210, 239, 207, 239, 208, 239, 207, 239, 207, 239, 207, 239, 208, 239, 206, 239, 207, 239, 207, 239, 209, 239, 209, 239, 210, 239, 210, 239, 209, 239, 206, 239, 209, 239, 209, 239, 207, 239, 209, 239, 208, 239, 208, 239, 209, 239, 208, 239, 84, 1, 83, 1, 82, 1, 81, 1, 80, 1, 79, 1, 80, 1, 83, 1, 84, 1, 84, 1, 82, 1, 83, 1, 85, 1, 85, 1, 84, 1, 84, 1, 83, 1, 80, 1, 81, 1, 83, 1, 84, 1, 82, 1, 81, 1, 81, 1, 82, 1, 26, 0, 26, 0, 240, 17, 240, 17, 15]
1762250450837;F5:15:8C:96:83:4F;[32, 33, 72, 37, 0, 75, 37, 0, 70, 37, 0, 74, 37, 0, 78, 37, 0, 72, 37, 0, 74, 37, 0, 68, 37, 0, 70, 37, 0, 64, 37, 0, 68, 37, 0, 68, 37, 0, 69, 37, 0, 67, 37, 0, 69, 37, 0, 78, 37, 0, 74, 37, 0, 70, 37, 0, 76, 37, 0, 70, 37, 0, 70, 37, 0, 66, 37, 0, 67, 37, 0, 62, 37, 0, 72, 37, 0, 56, 0, 58, 0, 57, 0, 59, 0, 59, 0, 59, 0, 60, 0, 59, 0, 59, 0, 58, 0, 58, 0, 58, 0, 57, 0, 58, 0, 60, 0, 59, 0, 57, 0, 57, 0, 57, 0, 57, 0, 59, 0, 58, 0, 58, 0, 59, 0, 59, 0, 208, 239, 207, 239, 207, 239, 208, 239, 209, 239, 211, 239, 210, 239, 210, 239, 210, 239, 210, 239, 209, 239, 209, 239, 209, 239, 209, 239, 209, 239, 209, 239, 209, 239, 207, 239, 205, 239, 206, 239, 208, 239, 207, 239, 207, 239, 209, 239, 206, 239, 81, 1, 81, 1, 82, 1, 83, 1, 82, 1, 82, 1, 83, 1, 83, 1, 82, 1, 82, 1, 82, 1, 79, 1, 78, 1, 78, 1, 80, 1, 81, 1, 81, 1, 81, 1, 82, 1, 83, 1, 83, 1, 85, 1, 84, 1, 82, 1, 83, 1, 26, 0, 248, 17, 16]
1762250451070;F5:15:8C:96:83:4F;[32, 33, 68, 37, 0, 69, 37, 0, 70, 37, 0, 65, 37, 0, 67, 37, 0, 64, 37, 0, 63, 37, 0, 68, 37, 0, 66, 37, 0, 74, 37, 0, 61, 37, 0, 59, 37, 0, 59, 37, 0, 65, 37, 0, 63, 37, 0, 63, 37, 0, 63, 37, 0, 63, 37, 0, 65, 37, 0, 62, 37, 0, 59, 37, 0, 61, 37, 0, 66, 37, 0, 70, 37, 0, 64, 37, 0, 60, 0, 59, 0, 61, 0, 59, 0, 57, 0, 58, 0, 57, 0, 57, 0, 58, 0, 60, 0, 58, 0, 58, 0, 57, 0, 57, 0, 56, 0, 58, 0, 59, 0, 61, 0, 62, 0, 59, 0, 58, 0, 59, 0, 58, 0, 60, 0, 60, 0, 206, 239, 207, 239, 208, 239, 205, 239, 208, 239, 208, 239, 206, 239, 207, 239, 209, 239, 209, 239, 209, 239, 208, 239, 209, 239, 207, 239, 209, 239, 210, 239, 210, 239, 209, 239, 207, 239, 206, 239, 205, 239, 207, 239, 207, 239, 206, 239, 212, 239, 82, 1, 80, 1, 81, 1, 82, 1, 81, 1, 80, 1, 80, 1, 81, 1, 82, 1, 83, 1, 83, 1, 81, 1, 80, 1, 80, 1, 81, 1, 80, 1, 82, 1, 82, 1, 81, 1, 81, 1, 79, 1, 80, 1, 81, 1, 82, 1, 81, 1, 26, 0, 248, 17, 17]
1762250451338;F5:15:8C:96:83:4F;[32, 33, 58, 37, 0, 61, 37, 0, 54, 37, 0, 60, 37, 0, 64, 37, 0, 56, 37, 0, 50, 37, 0, 50, 37, 0, 51, 37, 0, 60, 37, 0, 67, 37, 0, 58, 37, 0, 49, 37, 0, 48, 37, 0, 50, 37, 0, 59, 37, 0, 60, 37, 0, 58, 37, 0, 57, 37, 0, 49, 37, 0, 56, 37, 0, 51, 37, 0, 60, 37, 0, 55, 37, 0, 50, 37, 0, 60, 0, 59, 0, 60, 0, 62, 0, 61, 0, 60, 0, 61, 0, 59, 0, 62, 0, 62, 0, 58, 0, 60, 0, 59, 0, 62, 0, 61, 0, 62, 0, 62, 0, 60, 0, 60, 0, 59, 0, 61, 0, 61, 0, 62, 0, 61, 0, 61, 0, 210, 239, 208, 239, 207, 239, 209, 239, 210, 239, 208, 239, 206, 239, 208, 239, 208, 239, 209, 239, 206, 239, 210, 239, 207, 239, 207, 239, 206, 239, 206, 239, 208, 239, 209, 239, 207, 239, 204, 239, 209, 239, 209, 239, 209, 239, 208, 239, 209, 239, 81, 1, 83, 1, 81, 1, 82, 1, 83, 1, 82, 1, 80, 1, 76, 1, 77, 1, 81, 1, 83, 1, 85, 1, 85, 1, 83, 1, 81, 1, 82, 1, 82, 1, 84, 1, 83, 1, 81, 1, 79, 1, 79, 1, 81, 1, 81, 1, 81, 1, 26, 0, 248, 17, 18]
1762250451555;F5:15:8C:96:83:4F;[36, 33, 44, 37, 0, 48, 37, 0, 53, 37, 0, 53, 37, 0, 52, 37, 0, 51, 37, 0, 51, 37, 0, 47, 37, 0, 52, 37, 0, 54, 37, 0, 47, 37, 0, 56, 37, 0, 55, 37, 0, 52, 37, 0, 44, 37, 0, 56, 37, 0, 51, 37, 0, 53, 37, 0, 52, 37, 0, 47, 37, 0, 47, 37, 0, 46, 37, 0, 49, 37, 0, 46, 37, 0, 49, 37, 0, 61, 0, 61, 0, 60, 0, 61, 0, 62, 0, 63, 0, 62, 0, 61, 0, 61, 0, 61, 0, 61, 0, 62, 0, 63, 0, 62, 0, 61, 0, 60, 0, 60, 0, 60, 0, 57, 0, 59, 0, 59, 0, 58, 0, 59, 0, 57, 0, 58, 0, 209, 239, 208, 239, 209, 239, 210, 239, 208, 239, 206, 239, 207, 239, 210, 239, 209, 239, 208, 239, 210, 239, 209, 239, 209, 239, 208, 239, 208, 239, 209, 239, 207, 239, 207, 239, 208, 239, 208, 239, 209, 239, 208, 239, 210, 239, 210, 239, 209, 239, 80, 1, 81, 1, 78, 1, 80, 1, 81, 1, 82, 1, 81, 1, 80, 1, 79, 1, 80, 1, 82, 1, 82, 1, 82, 1, 83, 1, 80, 1, 81, 1, 82, 1, 82, 1, 82, 1, 83, 1, 82, 1, 81, 1, 80, 1, 80, 1, 79, 1, 26, 0, 26, 0, 248, 17, 248, 17, 19]
1762250451864;F5:15:8C:96:83:4F;[32, 33, 48, 37, 0, 45, 37, 0, 48, 37, 0, 49, 37, 0, 51, 37, 0, 40, 37, 0, 47, 37, 0, 46, 37, 0, 50, 37, 0, 51, 37, 0, 51, 37, 0, 47, 37, 0, 46, 37, 0, 43, 37, 0, 47, 37, 0, 44, 37, 0, 43, 37, 0, 45, 37, 0, 42, 37, 0, 43, 37, 0, 41, 37, 0, 44, 37, 0, 39, 37, 0, 47, 37, 0, 47, 37, 0, 60, 0, 59, 0, 59, 0, 61, 0, 60, 0, 58, 0, 58, 0, 59, 0, 61, 0, 63, 0, 61, 0, 60, 0, 60, 0, 60, 0, 60, 0, 60, 0, 58, 0, 57, 0, 59, 0, 59, 0, 60, 0, 60, 0, 59, 0, 58, 0, 57, 0, 210, 239, 210, 239, 210, 239, 209, 239, 209, 239, 208, 239, 207, 239, 208, 239, 208, 239, 209, 239, 207, 239, 207, 239, 210, 239, 212, 239, 212, 239, 210, 239, 209, 239, 209, 239, 209, 239, 209, 239, 208, 239, 208, 239, 208, 239, 207, 239, 207, 239, 79, 1, 79, 1, 80, 1, 81, 1, 81, 1, 81, 1, 80, 1, 81, 1, 81, 1, 82, 1, 82, 1, 81, 1, 82, 1, 82, 1, 81, 1, 79, 1, 80, 1, 80, 1, 78, 1, 79, 1, 80, 1, 79, 1, 82, 1, 83, 1, 82, 1, 26, 0, 248, 17, 20]
1762250452051;F5:15:8C:96:83:4F;[32, 33, 41, 37, 0, 38, 37, 0, 41, 37, 0, 42, 37, 0, 45, 37, 0, 38, 37, 0, 46, 37, 0, 41, 37, 0, 42, 37, 0, 41, 37, 0, 47, 37, 0, 45, 37, 0, 43, 37, 0, 44, 37, 0, 43, 37, 0, 43, 37, 0, 48, 37, 0, 47, 37, 0, 46, 37, 0, 46, 37, 0, 37, 37, 0, 39, 37, 0, 41, 37, 0, 43, 37, 0, 42, 37, 0, 58, 0, 58, 0, 58, 0, 58, 0, 59, 0, 59, 0, 59, 0, 60, 0, 59, 0, 59, 0, 59, 0, 61, 0, 62, 0, 61, 0, 61, 0, 62, 0, 63, 0, 62, 0, 60, 0, 59, 0, 56, 0, 56, 0, 56, 0, 56, 0, 56, 0, 206, 239, 206, 239, 208, 239, 206, 239, 206, 239, 207, 239, 209, 239, 208, 239, 206, 239, 204, 239, 206, 239, 209, 239, 208, 239, 210, 239, 210, 239, 211, 239, 209, 239, 209, 239, 209, 239, 207, 239, 208, 239, 208, 239, 209, 239, 210, 239, 207, 239, 83, 1, 81, 1, 79, 1, 80, 1, 82, 1, 82, 1, 83, 1, 83, 1, 82, 1, 82, 1, 81, 1, 80, 1, 83, 1, 82, 1, 81, 1, 79, 1, 80, 1, 81, 1, 82, 1, 83, 1, 83, 1, 81, 1, 80, 1, 80, 1, 82, 1, 26, 0, 240, 17, 21]
1762250452302;F5:15:8C:96:83:4F;[32, 33, 47, 37, 0, 41, 37, 0, 38, 37, 0, 40, 37, 0, 46, 37, 0, 43, 37, 0, 45, 37, 0, 43, 37, 0, 33, 37, 0, 43, 37, 0, 49, 37, 0, 45, 37, 0, 46, 37, 0, 38, 37, 0, 42, 37, 0, 43, 37, 0, 49, 37, 0, 39, 37, 0, 43, 37, 0, 44, 37, 0, 43, 37, 0, 37, 37, 0, 43, 37, 0, 44, 37, 0, 44, 37, 0, 57, 0, 57, 0, 57, 0, 57, 0, 57, 0, 56, 0, 56, 0, 58, 0, 58, 0, 56, 0, 56, 0, 57, 0, 60, 0, 59, 0, 59, 0, 58, 0, 57, 0, 55, 0, 56, 0, 56, 0, 55, 0, 55, 0, 57, 0, 57, 0, 58, 0, 207, 239, 210, 239, 210, 239, 206, 239, 206, 239, 210, 239, 210, 239, 208, 239, 211, 239, 210, 239, 209, 239, 208, 239, 208, 239, 209, 239, 204, 239, 205, 239, 206, 239, 207, 239, 209, 239, 209, 239, 211, 239, 211, 239, 208, 239, 207, 239, 208, 239, 80, 1, 83, 1, 80, 1, 83, 1, 84, 1, 83, 1, 80, 1, 80, 1, 78, 1, 79, 1, 80, 1, 79, 1, 79, 1, 79, 1, 79, 1, 78, 1, 78, 1, 79, 1, 80, 1, 81, 1, 79, 1, 80, 1, 83, 1, 83, 1, 83, 1, 26, 0, 248, 17, 22]
1762250452612;F5:15:8C:96:83:4F;[36, 33, 43, 37, 0, 44, 37, 0, 45, 37, 0, 45, 37, 0, 43, 37, 0, 49, 37, 0, 46, 37, 0, 42, 37, 0, 36, 37, 0, 52, 37, 0, 52, 37, 0, 49, 37, 0, 50, 37, 0, 50, 37, 0, 50, 37, 0, 46, 37, 0, 39, 37, 0, 49, 37, 0, 51, 37, 0, 51, 37, 0, 43, 37, 0, 47, 37, 0, 49, 37, 0, 47, 37, 0, 52, 37, 0, 58, 0, 56, 0, 57, 0, 58, 0, 59, 0, 59, 0, 58, 0, 56, 0, 56, 0, 56, 0, 59, 0, 61, 0, 62, 0, 60, 0, 58, 0, 56, 0, 56, 0, 55, 0, 56, 0, 59, 0, 59, 0, 60, 0, 61, 0, 61, 0, 59, 0, 207, 239, 209, 239, 209, 239, 210, 239, 212, 239, 212, 239, 214, 239, 212, 239, 210, 239, 209, 239, 208, 239, 210, 239, 209, 239, 206, 239, 207, 239, 208, 239, 207, 239, 208, 239, 210, 239, 209, 239, 209, 239, 208, 239, 208, 239, 205, 239, 204, 239, 82, 1, 80, 1, 79, 1, 80, 1, 80, 1, 81, 1, 83, 1, 83, 1, 81, 1, 79, 1, 80, 1, 81, 1, 82, 1, 83, 1, 83, 1, 81, 1, 82, 1, 83, 1, 85, 1, 83, 1, 83, 1, 81, 1, 81, 1, 80, 1, 80, 1, 26, 0, 27, 0, 240, 17, 248, 17, 23]
1762250452822;F5:15:8C:96:83:4F;[32, 33, 51, 37, 0, 49, 37, 0, 52, 37, 0, 55, 37, 0, 54, 37, 0, 51, 37, 0, 45, 37, 0, 51, 37, 0, 47, 37, 0, 50, 37, 0, 57, 37, 0, 54, 37, 0, 46, 37, 0, 52, 37, 0, 54, 37, 0, 50, 37, 0, 55, 37, 0, 54, 37, 0, 57, 37, 0, 51, 37, 0, 53, 37, 0, 49, 37, 0, 50, 37, 0, 56, 37, 0, 52, 37, 0, 57, 0, 57, 0, 58, 0, 59, 0, 61, 0, 62, 0, 61, 0, 59, 0, 58, 0, 57, 0, 57, 0, 58, 0, 60, 0, 61, 0, 61, 0, 58, 0, 57, 0, 59, 0, 60, 0, 59, 0, 59, 0, 60, 0, 62, 0, 62, 0, 62, 0, 205, 239, 208, 239, 210, 239, 209, 239, 210, 239, 208, 239, 207, 239, 205, 239, 207, 239, 208, 239, 206, 239, 206, 239, 210, 239, 210, 239, 211, 239, 210, 239, 209, 239, 209, 239, 206, 239, 205, 239, 205, 239, 207, 239, 207, 239, 207, 239, 209, 239, 78, 1, 80, 1, 79, 1, 78, 1, 80, 1, 82, 1, 81, 1, 80, 1, 79, 1, 79, 1, 81, 1, 82, 1, 80, 1, 81, 1, 81, 1, 82, 1, 81, 1, 82, 1, 83, 1, 84, 1, 83, 1, 81, 1, 82, 1, 84, 1, 84, 1, 27, 0, 248, 17, 24]
1762250453104;F5:15:8C:96:83:4F;[32, 33, 56, 37, 0, 56, 37, 0, 50, 37, 0, 50, 37, 0, 49, 37, 0, 56, 37, 0, 60, 37, 0, 50, 37, 0, 55, 37, 0, 50, 37, 0, 57, 37, 0, 59, 37, 0, 61, 37, 0, 56, 37, 0, 56, 37, 0, 55, 37, 0, 58, 37, 0, 58, 37, 0, 64, 37, 0, 63, 37, 0, 57, 37, 0, 46, 37, 0, 59, 37, 0, 63, 37, 0, 71, 37, 0, 60, 0, 58, 0, 58, 0, 57, 0, 59, 0, 58, 0, 59, 0, 62, 0, 60, 0, 61, 0, 59, 0, 60, 0, 60, 0, 61, 0, 63, 0, 66, 0, 64, 0, 60, 0, 57, 0, 56, 0, 54, 0, 59, 0, 62, 0, 62, 0, 62, 0, 208, 239, 205, 239, 204, 239, 208, 239, 209, 239, 210, 239, 210, 239, 210, 239, 213, 239, 209, 239, 209, 239, 211, 239, 208, 239, 205, 239, 203, 239, 203, 239, 204, 239, 207, 239, 209, 239, 209, 239, 209, 239, 209, 239, 206, 239, 203, 239, 204, 239, 83, 1, 82, 1, 80, 1, 80, 1, 83, 1, 84, 1, 83, 1, 83, 1, 79, 1, 79, 1, 79, 1, 80, 1, 82, 1, 85, 1, 83, 1, 83, 1, 82, 1, 82, 1, 81, 1, 82, 1, 77, 1, 77, 1, 78, 1, 79, 1, 80, 1, 26, 0, 248, 17, 25]
1762250453294;F5:15:8C:96:83:4F;[32, 33, 70, 37, 0, 61, 37, 0, 52, 37, 0, 51, 37, 0, 60, 37, 0, 64, 37, 0, 64, 37, 0, 60, 37, 0, 65, 37, 0, 64, 37, 0, 64, 37, 0, 66, 37, 0, 66, 37, 0, 66, 37, 0, 68, 37, 0, 65, 37, 0, 62, 37, 0, 64, 37, 0, 72, 37, 0, 66, 37, 0, 66, 37, 0, 76, 37, 0, 64, 37, 0, 66, 37, 0, 72, 37, 0, 60, 0, 60, 0, 58, 0, 57, 0, 56, 0, 58, 0, 60, 0, 61, 0, 59, 0, 57, 0, 55, 0, 55, 0, 53, 0, 56, 0, 58, 0, 60, 0, 60, 0, 61, 0, 61, 0, 58, 0, 56, 0, 55, 0, 56, 0, 57, 0, 59, 0, 204, 239, 204, 239, 206, 239, 208, 239, 206, 239, 208, 239, 209, 239, 208, 239, 208, 239, 212, 239, 198, 239, 212, 239, 207, 239, 210, 239, 207, 239, 215, 239, 210, 239, 209, 239, 212, 239, 211, 239, 211, 239, 208, 239, 208, 239, 210, 239, 211, 239, 84, 1, 85, 1, 82, 1, 80, 1, 79, 1, 79, 1, 80, 1, 81, 1, 80, 1, 77, 1, 82, 1, 78, 1, 79, 1, 79, 1, 82, 1, 78, 1, 82, 1, 82, 1, 81, 1, 82, 1, 81, 1, 81, 1, 80, 1, 81, 1, 81, 1, 26, 0, 248, 17, 26]
1762250453563;F5:15:8C:96:83:4F;[36, 33, 77, 37, 0, 73, 37, 0, 67, 37, 0, 69, 37, 0, 69, 37, 0, 63, 37, 0, 73, 37, 0, 74, 37, 0, 76, 37, 0, 70, 37, 0, 71, 37, 0, 68, 37, 0, 68, 37, 0, 73, 37, 0, 71, 37, 0, 71, 37, 0, 76, 37, 0, 76, 37, 0, 73, 37, 0, 78, 37, 0, 75, 37, 0, 77, 37, 0, 80, 37, 0, 70, 37, 0, 67, 37, 0, 60, 0, 60, 0, 58, 0, 57, 0, 56, 0, 56, 0, 59, 0, 60, 0, 60, 0, 59, 0, 60, 0, 57, 0, 54, 0, 53, 0, 56, 0, 55, 0, 57, 0, 57, 0, 57, 0, 56, 0, 56, 0, 54, 0, 54, 0, 55, 0, 57, 0, 213, 239, 209, 239, 210, 239, 209, 239, 207, 239, 207, 239, 208, 239, 209, 239, 211, 239, 212, 239, 211, 239, 209, 239, 210, 239, 208, 239, 209, 239, 211, 239, 209, 239, 208, 239, 207, 239, 207, 239, 207, 239, 205, 239, 204, 239, 208, 239, 207, 239, 83, 1, 83, 1, 84, 1, 83, 1, 82, 1, 80, 1, 81, 1, 82, 1, 82, 1, 82, 1, 81, 1, 81, 1, 80, 1, 81, 1, 83, 1, 83, 1, 85, 1, 84, 1, 83, 1, 83, 1, 82, 1, 83, 1, 84, 1, 83, 1, 82, 1, 27, 0, 26, 0, 248, 17, 248, 17, 27]
1762250453797;F5:15:8C:96:83:4F;[32, 33, 76, 37, 0, 76, 37, 0, 76, 37, 0, 78, 37, 0, 70, 37, 0, 72, 37, 0, 72, 37, 0, 77, 37, 0, 73, 37, 0, 82, 37, 0, 84, 37, 0, 77, 37, 0, 69, 37, 0, 65, 37, 0, 69, 37, 0, 78, 37, 0, 86, 37, 0, 76, 37, 0, 75, 37, 0, 68, 37, 0, 73, 37, 0, 81, 37, 0, 78, 37, 0, 79, 37, 0, 72, 37, 0, 61, 0, 62, 0, 62, 0, 62, 0, 58, 0, 54, 0, 53, 0, 56, 0, 59, 0, 62, 0, 63, 0, 61, 0, 58, 0, 54, 0, 53, 0, 55, 0, 59, 0, 61, 0, 60, 0, 62, 0, 58, 0, 56, 0, 55, 0, 55, 0, 57, 0, 205, 239, 205, 239, 207, 239, 206, 239, 204, 239, 205, 239, 206, 239, 204, 239, 203, 239, 206, 239, 208, 239, 207, 239, 207, 239, 207, 239, 208, 239, 206, 239, 209, 239, 208, 239, 209, 239, 210, 239, 206, 239, 206, 239, 206, 239, 207, 239, 206, 239, 81, 1, 80, 1, 80, 1, 82, 1, 85, 1, 85, 1, 82, 1, 82, 1, 82, 1, 83, 1, 85, 1, 88, 1, 86, 1, 82, 1, 81, 1, 79, 1, 81, 1, 82, 1, 82, 1, 80, 1, 81, 1, 82, 1, 82, 1, 82, 1, 82, 1, 26, 0, 248, 17, 28]
1762250454036;F5:15:8C:96:83:4F;[32, 33, 69, 37, 0, 75, 37, 0, 76, 37, 0, 82, 37, 0, 75, 37, 0, 63, 37, 0, 71, 37, 0, 84, 37, 0, 91, 37, 0, 77, 37, 0, 75, 37, 0, 72, 37, 0, 70, 37, 0, 79, 37, 0, 79, 37, 0, 88, 37, 0, 81, 37, 0, 75, 37, 0, 70, 37, 0, 72, 37, 0, 77, 37, 0, 88, 37, 0, 80, 37, 0, 65, 37, 0, 69, 37, 0, 61, 0, 65, 0, 64, 0, 63, 0, 61, 0, 59, 0, 57, 0, 57, 0, 59, 0, 60, 0, 62, 0, 59, 0, 57, 0, 56, 0, 56, 0, 57, 0, 60, 0, 61, 0, 61, 0, 59, 0, 60, 0, 60, 0, 60, 0, 57, 0, 58, 0, 207, 239, 207, 239, 210, 239, 210, 239, 208, 239, 207, 239, 208, 239, 208, 239, 207, 239, 211, 239, 213, 239, 207, 239, 211, 239, 210, 239, 212, 239, 209, 239, 211, 239, 209, 239, 211, 239, 213, 239, 211, 239, 209, 239, 206, 239, 204, 239, 207, 239, 80, 1, 80, 1, 81, 1, 79, 1, 80, 1, 77, 1, 78, 1, 78, 1, 82, 1, 82, 1, 82, 1, 82, 1, 77, 1, 76, 1, 76, 1, 79, 1, 80, 1, 77, 1, 77, 1, 77, 1, 80, 1, 80, 1, 83, 1, 83, 1, 80, 1, 27, 0, 248, 17, 29]
1762250454323;F5:15:8C:96:83:4F;[32, 33, 74, 37, 0, 82, 37, 0, 84, 37, 0, 80, 37, 0, 73, 37, 0, 70, 37, 0, 75, 37, 0, 79, 37, 0, 79, 37, 0, 74, 37, 0, 82, 37, 0, 70, 37, 0, 70, 37, 0, 71, 37, 0, 80, 37, 0, 83, 37, 0, 87, 37, 0, 78, 37, 0, 78, 37, 0, 79, 37, 0, 79, 37, 0, 71, 37, 0, 82, 37, 0, 76, 37, 0, 74, 37, 0, 55, 0, 58, 0, 60, 0, 60, 0, 61, 0, 62, 0, 62, 0, 61, 0, 60, 0, 58, 0, 58, 0, 61, 0, 61, 0, 60, 0, 58, 0, 57, 0, 55, 0, 56, 0, 55, 0, 55, 0, 58, 0, 58, 0, 58, 0, 58, 0, 57, 0, 205, 239, 203, 239, 204, 239, 210, 239, 209, 239, 209, 239, 210, 239, 208, 239, 210, 239, 210, 239, 210, 239, 208, 239, 208, 239, 208, 239, 209, 239, 210, 239, 211, 239, 209, 239, 211, 239, 209, 239, 205, 239, 207, 239, 207, 239, 209, 239, 205, 239, 77, 1, 80, 1, 81, 1, 79, 1, 80, 1, 81, 1, 78, 1, 79, 1, 79, 1, 79, 1, 80, 1, 80, 1, 79, 1, 77, 1, 79, 1, 78, 1, 78, 1, 79, 1, 79, 1, 81, 1, 80, 1, 81, 1, 80, 1, 78, 1, 78, 1, 26, 0, 248, 17, 30]
1762250454546;F5:15:8C:96:83:4F;[36, 33, 81, 37, 0, 77, 37, 0, 79, 37, 0, 79, 37, 0, 82, 37, 0, 84, 37, 0, 77, 37, 0, 80, 37, 0, 76, 37, 0, 78, 37, 0, 84, 37, 0, 89, 37, 0, 84, 37, 0, 84, 37, 0, 73, 37, 0, 77, 37, 0, 78, 37, 0, 82, 37, 0, 78, 37, 0, 85, 37, 0, 73, 37, 0, 73, 37, 0, 76, 37, 0, 83, 37, 0, 81, 37, 0, 57, 0, 57, 0, 59, 0, 58, 0, 58, 0, 59, 0, 59, 0, 57, 0, 56, 0, 55, 0, 55, 0, 55, 0, 56, 0, 56, 0, 57, 0, 58, 0, 56, 0, 56, 0, 58, 0, 59, 0, 58, 0, 59, 0, 57, 0, 57, 0, 57, 0, 205, 239, 207, 239, 208, 239, 208, 239, 208, 239, 210, 239, 212, 239, 210, 239, 207, 239, 208, 239, 207, 239, 207, 239, 209, 239, 209, 239, 208, 239, 208, 239, 208, 239, 208, 239, 209, 239, 207, 239, 206, 239, 207, 239, 210, 239, 208, 239, 207, 239, 78, 1, 79, 1, 79, 1, 80, 1, 80, 1, 80, 1, 81, 1, 81, 1, 80, 1, 79, 1, 79, 1, 80, 1, 79, 1, 82, 1, 82, 1, 78, 1, 77, 1, 76, 1, 77, 1, 80, 1, 81, 1, 80, 1, 80, 1, 80, 1, 80, 1, 26, 0, 26, 0, 248, 17, 248, 17, 31]
1762250454844;F5:15:8C:96:83:4F;[32, 33, 77, 37, 0, 79, 37, 0, 75, 37, 0, 78, 37, 0, 82, 37, 0, 77, 37, 0, 84, 37, 0, 68, 37, 0, 71, 37, 0, 80, 37, 0, 94, 37, 0, 84, 37, 0, 74, 37, 0, 74, 37, 0, 74, 37, 0, 82, 37, 0, 77, 37, 0, 82, 37, 0, 78, 37, 0, 78, 37, 0, 76, 37, 0, 78, 37, 0, 85, 37, 0, 75, 37, 0, 76, 37, 0, 58, 0, 57, 0, 59, 0, 59, 0, 61, 0, 58, 0, 58, 0, 58, 0, 59, 0, 60, 0, 62, 0, 61, 0, 61, 0, 60, 0, 59, 0, 60, 0, 62, 0, 61, 0, 62, 0, 62, 0, 61, 0, 59, 0, 59, 0, 59, 0, 58, 0, 208, 239, 210, 239, 210, 239, 210, 239, 210, 239, 210, 239, 209, 239, 207, 239, 210, 239, 210, 239, 209, 239, 207, 239, 209, 239, 210, 239, 208, 239, 209, 239, 209, 239, 209, 239, 207, 239, 207, 239, 205, 239, 205, 239, 206, 239, 206, 239, 208, 239, 81, 1, 80, 1, 80, 1, 83, 1, 82, 1, 82, 1, 79, 1, 80, 1, 78, 1, 77, 1, 79, 1, 82, 1, 82, 1, 78, 1, 78, 1, 80, 1, 82, 1, 84, 1, 84, 1, 84, 1, 83, 1, 82, 1, 81, 1, 79, 1, 80, 1, 26, 0, 248, 17, 32]
1762250455041;F5:15:8C:96:83:4F;[32, 33, 67, 37, 0, 73, 37, 0, 82, 37, 0, 78, 37, 0, 90, 37, 0, 76, 37, 0, 71, 37, 0, 69, 37, 0, 78, 37, 0, 84, 37, 0, 81, 37, 0, 79, 37, 0, 72, 37, 0, 73, 37, 0, 75, 37, 0, 74, 37, 0, 76, 37, 0, 75, 37, 0, 75, 37, 0, 70, 37, 0, 65, 37, 0, 66, 37, 0, 77, 37, 0, 73, 37, 0, 70, 37, 0, 58, 0, 57, 0, 58, 0, 59, 0, 60, 0, 60, 0, 58, 0, 59, 0, 55, 0, 55, 0, 57, 0, 58, 0, 57, 0, 56, 0, 56, 0, 58, 0, 57, 0, 56, 0, 55, 0, 58, 0, 59, 0, 60, 0, 60, 0, 59, 0, 58, 0, 208, 239, 207, 239, 207, 239, 208, 239, 209, 239, 206, 239, 207, 239, 205, 239, 208, 239, 209, 239, 208, 239, 208, 239, 206, 239, 207, 239, 208, 239, 209, 239, 209, 239, 207, 239, 208, 239, 207, 239, 207, 239, 205, 239, 207, 239, 207, 239, 206, 239, 79, 1, 77, 1, 78, 1, 81, 1, 84, 1, 85, 1, 83, 1, 82, 1, 81, 1, 81, 1, 83, 1, 82, 1, 80, 1, 79, 1, 79, 1, 78, 1, 79, 1, 81, 1, 81, 1, 78, 1, 79, 1, 79, 1, 80, 1, 81, 1, 81, 1, 26, 0, 248, 17, 33]
1762250455354;F5:15:8C:96:83:4F;[32, 33, 71, 37, 0, 68, 37, 0, 74, 37, 0, 75, 37, 0, 79, 37, 0, 69, 37, 0, 74, 37, 0, 68, 37, 0, 66, 37, 0, 71, 37, 0, 69, 37, 0, 70, 37, 0, 66, 37, 0, 64, 37, 0, 68, 37, 0, 66, 37, 0, 73, 37, 0, 74, 37, 0, 71, 37, 0, 68, 37, 0, 65, 37, 0, 66, 37, 0, 67, 37, 0, 67, 37, 0, 70, 37, 0, 59, 0, 58, 0, 57, 0, 57, 0, 58, 0, 59, 0, 60, 0, 59, 0, 59, 0, 59, 0, 59, 0, 59, 0, 58, 0, 59, 0, 58, 0, 57, 0, 58, 0, 59, 0, 59, 0, 59, 0, 62, 0, 62, 0, 63, 0, 59, 0, 61, 0, 210, 239, 207, 239, 205, 239, 206, 239, 207, 239, 207, 239, 207, 239, 209, 239, 209, 239, 210, 239, 207, 239, 204, 239, 208, 239, 208, 239, 207, 239, 208, 239, 210, 239, 209, 239, 207, 239, 206, 239, 207, 239, 209, 239, 208, 239, 208, 239, 210, 239, 80, 1, 79, 1, 76, 1, 75, 1, 77, 1, 79, 1, 81, 1, 81, 1, 81, 1, 79, 1, 82, 1, 84, 1, 82, 1, 82, 1, 82, 1, 79, 1, 78, 1, 81, 1, 83, 1, 83, 1, 82, 1, 78, 1, 79, 1, 80, 1, 80, 1, 26, 0, 240, 17, 34]
1762250455567;F5:15:8C:96:83:4F;[36, 33, 69, 37, 0, 52, 37, 0, 58, 37, 0, 60, 37, 0, 71, 37, 0, 63, 37, 0, 68, 37, 0, 54, 37, 0, 47, 37, 0, 59, 37, 0, 69, 37, 0, 70, 37, 0, 60, 37, 0, 64, 37, 0, 55, 37, 0, 54, 37, 0, 59, 37, 0, 66, 37, 0, 66, 37, 0, 50, 37, 0, 47, 37, 0, 45, 37, 0, 49, 37, 0, 62, 37, 0, 58, 37, 0, 60, 0, 58, 0, 59, 0, 59, 0, 60, 0, 62, 0, 61, 0, 60, 0, 58, 0, 58, 0, 58, 0, 59, 0, 61, 0, 61, 0, 59, 0, 58, 0, 57, 0, 57, 0, 55, 0, 57, 0, 58, 0, 59, 0, 61, 0, 60, 0, 59, 0, 209, 239, 206, 239, 205, 239, 206, 239, 206, 239, 206, 239, 206, 239, 207, 239, 208, 239, 206, 239, 204, 239, 205, 239, 209, 239, 209, 239, 209, 239, 210, 239, 211, 239, 210, 239, 207, 239, 207, 239, 208, 239, 210, 239, 209, 239, 209, 239, 210, 239, 81, 1, 81, 1, 79, 1, 79, 1, 81, 1, 84, 1, 85, 1, 81, 1, 79, 1, 78, 1, 78, 1, 79, 1, 81, 1, 82, 1, 82, 1, 78, 1, 77, 1, 78, 1, 80, 1, 80, 1, 79, 1, 77, 1, 76, 1, 75, 1, 78, 1, 27, 0, 27, 0, 248, 17, 248, 17, 35]
1762250455827;F5:15:8C:96:83:4F;[32, 33, 59, 37, 0, 57, 37, 0, 53, 37, 0, 56, 37, 0, 54, 37, 0, 59, 37, 0, 63, 37, 0, 56, 37, 0, 34, 37, 0, 35, 37, 0, 40, 37, 0, 74, 37, 0, 86, 37, 0, 56, 37, 0, 35, 37, 0, 46, 37, 0, 31, 37, 0, 32, 37, 0, 50, 37, 0, 52, 37, 0, 54, 37, 0, 57, 37, 0, 61, 37, 0, 45, 37, 0, 37, 37, 0, 57, 0, 57, 0, 56, 0, 58, 0, 60, 0, 64, 0, 63, 0, 59, 0, 50, 0, 48, 0, 57, 0, 75, 0, 72, 0, 75, 0, 76, 0, 58, 0, 44, 0, 49, 0, 51, 0, 58, 0, 68, 0, 71, 0, 66, 0, 60, 0, 53, 0, 208, 239, 206, 239, 206, 239, 210, 239, 209, 239, 209, 239, 208, 239, 208, 239, 196, 239, 203, 239, 207, 239, 200, 239, 202, 239, 216, 239, 220, 239, 201, 239, 205, 239, 208, 239, 204, 239, 200, 239, 204, 239, 213, 239, 211, 239, 208, 239, 212, 239, 82, 1, 83, 1, 82, 1, 81, 1, 82, 1, 83, 1, 85, 1, 85, 1, 82, 1, 74, 1, 71, 1, 80, 1, 85, 1, 86, 1, 83, 1, 79, 1, 77, 1, 75, 1, 78, 1, 79, 1, 84, 1, 85, 1, 83, 1, 82, 1, 77, 1, 26, 0, 248, 17, 36]
1762250456059;F5:15:8C:96:83:4F;[32, 33, 45, 37, 0, 47, 37, 0, 53, 37, 0, 53, 37, 0, 48, 37, 0, 51, 37, 0, 54, 37, 0, 50, 37, 0, 46, 37, 0, 47, 37, 0, 44, 37, 0, 45, 37, 0, 58, 37, 0, 57, 37, 0, 47, 37, 0, 28, 37, 0, 37, 37, 0, 42, 37, 0, 53, 37, 0, 58, 37, 0, 57, 37, 0, 40, 37, 0, 31, 37, 0, 31, 37, 0, 53, 37, 0, 54, 0, 56, 0, 57, 0, 62, 0, 63, 0, 65, 0, 64, 0, 58, 0, 54, 0, 55, 0, 56, 0, 59, 0, 63, 0, 65, 0, 62, 0, 59, 0, 58, 0, 56, 0, 57, 0, 57, 0, 59, 0, 61, 0, 61, 0, 59, 0, 56, 0, 212, 239, 203, 239, 200, 239, 205, 239, 208, 239, 205, 239, 207, 239, 213, 239, 212, 239, 206, 239, 207, 239, 209, 239, 208, 239, 206, 239, 209, 239, 211, 239, 207, 239, 205, 239, 206, 239, 209, 239, 208, 239, 206, 239, 208, 239, 208, 239, 206, 239, 76, 1, 79, 1, 81, 1, 82, 1, 81, 1, 84, 1, 84, 1, 82, 1, 80, 1, 78, 1, 76, 1, 74, 1, 77, 1, 80, 1, 81, 1, 78, 1, 76, 1, 74, 1, 77, 1, 82, 1, 87, 1, 86, 1, 81, 1, 77, 1, 76, 1, 26, 0, 248, 17, 37]
1762250456357;F5:15:8C:96:83:4F;[32, 33, 53, 37, 0, 55, 37, 0, 45, 37, 0, 37, 37, 0, 38, 37, 0, 50, 37, 0, 51, 37, 0, 53, 37, 0, 47, 37, 0, 36, 37, 0, 33, 37, 0, 44, 37, 0, 54, 37, 0, 57, 37, 0, 59, 37, 0, 43, 37, 0, 28, 37, 0, 31, 37, 0, 42, 37, 0, 48, 37, 0, 58, 37, 0, 50, 37, 0, 41, 37, 0, 38, 37, 0, 39, 37, 0, 54, 0, 55, 0, 58, 0, 59, 0, 60, 0, 61, 0, 64, 0, 64, 0, 62, 0, 60, 0, 59, 0, 59, 0, 59, 0, 61, 0, 61, 0, 61, 0, 58, 0, 58, 0, 57, 0, 56, 0, 56, 0, 58, 0, 59, 0, 60, 0, 60, 0, 208, 239, 210, 239, 210, 239, 211, 239, 211, 239, 211, 239, 210, 239, 207, 239, 206, 239, 205, 239, 205, 239, 208, 239, 209, 239, 211, 239, 211, 239, 213, 239, 210, 239, 206, 239, 205, 239, 206, 239, 209, 239, 209, 239, 212, 239, 214, 239, 211, 239, 78, 1, 80, 1, 81, 1, 78, 1, 76, 1, 73, 1, 76, 1, 81, 1, 83, 1, 80, 1, 75, 1, 72, 1, 75, 1, 80, 1, 85, 1, 84, 1, 82, 1, 78, 1, 75, 1, 75, 1, 80, 1, 84, 1, 83, 1, 81, 1, 80, 1, 26, 0, 248, 17, 38]
1762250456559;F5:15:8C:96:83:4F;[36, 33, 43, 37, 0, 51, 37, 0, 57, 37, 0, 45, 37, 0, 34, 37, 0, 35, 37, 0, 41, 37, 0, 48, 37, 0, 52, 37, 0, 50, 37, 0, 42, 37, 0, 36, 37, 0, 39, 37, 0, 49, 37, 0, 46, 37, 0, 43, 37, 0, 41, 37, 0, 31, 37, 0, 43, 37, 0, 39, 37, 0, 46, 37, 0, 49, 37, 0, 44, 37, 0, 41, 37, 0, 40, 37, 0, 58, 0, 59, 0, 57, 0, 57, 0, 56, 0, 57, 0, 56, 0, 57, 0, 57, 0, 58, 0, 61, 0, 60, 0, 59, 0, 60, 0, 59, 0, 60, 0, 60, 0, 58, 0, 58, 0, 58, 0, 59, 0, 58, 0, 59, 0, 59, 0, 58, 0, 208, 239, 209, 239, 209, 239, 207, 239, 207, 239, 209, 239, 210, 239, 210, 239, 207, 239, 208, 239, 208, 239, 207, 239, 207, 239, 208, 239, 209, 239, 209, 239, 210, 239, 208, 239, 207, 239, 209, 239, 207, 239, 208, 239, 209, 239, 210, 239, 209, 239, 80, 1, 81, 1, 82, 1, 81, 1, 82, 1, 79, 1, 78, 1, 79, 1, 82, 1, 83, 1, 80, 1, 77, 1, 78, 1, 79, 1, 79, 1, 80, 1, 82, 1, 81, 1, 81, 1, 79, 1, 78, 1, 78, 1, 80, 1, 81, 1, 77, 1, 26, 0, 26, 0, 248, 17, 240, 17, 39]
1762250456849;F5:15:8C:96:83:4F;[32, 33, 41, 37, 0, 40, 37, 0, 43, 37, 0, 48, 37, 0, 44, 37, 0, 47, 37, 0, 45, 37, 0, 40, 37, 0, 39, 37, 0, 44, 37, 0, 40, 37, 0, 40, 37, 0, 43, 37, 0, 46, 37, 0, 49, 37, 0, 46, 37, 0, 39, 37, 0, 49, 37, 0, 41, 37, 0, 42, 37, 0, 46, 37, 0, 42, 37, 0, 50, 37, 0, 46, 37, 0, 37, 37, 0, 58, 0, 58, 0, 57, 0, 58, 0, 59, 0, 60, 0, 60, 0, 62, 0, 61, 0, 59, 0, 59, 0, 57, 0, 56, 0, 56, 0, 58, 0, 57, 0, 58, 0, 58, 0, 57, 0, 54, 0, 54, 0, 57, 0, 59, 0, 59, 0, 60, 0, 207, 239, 207, 239, 207, 239, 209, 239, 211, 239, 209, 239, 213, 239, 214, 239, 210, 239, 210, 239, 209, 239, 207, 239, 207, 239, 209, 239, 211, 239, 211, 239, 210, 239, 209, 239, 209, 239, 205, 239, 205, 239, 207, 239, 210, 239, 209, 239, 208, 239, 77, 1, 77, 1, 76, 1, 79, 1, 82, 1, 83, 1, 80, 1, 78, 1, 80, 1, 79, 1, 82, 1, 82, 1, 81, 1, 80, 1, 81, 1, 83, 1, 84, 1, 79, 1, 77, 1, 76, 1, 77, 1, 79, 1, 79, 1, 82, 1, 81, 1, 27, 0, 240, 17, 40]
1762250457060;F5:15:8C:96:83:4F;[32, 33, 43, 37, 0, 37, 37, 0, 42, 37, 0, 50, 37, 0, 38, 37, 0, 45, 37, 0, 42, 37, 0, 36, 37, 0, 46, 37, 0, 47, 37, 0, 48, 37, 0, 40, 37, 0, 40, 37, 0, 46, 37, 0, 48, 37, 0, 41, 37, 0, 41, 37, 0, 43, 37, 0, 45, 37, 0, 42, 37, 0, 51, 37, 0, 45, 37, 0, 49, 37, 0, 50, 37, 0, 48, 37, 0, 61, 0, 65, 0, 63, 0, 61, 0, 62, 0, 61, 0, 61, 0, 61, 0, 60, 0, 59, 0, 58, 0, 55, 0, 56, 0, 59, 0, 60, 0, 62, 0, 61, 0, 59, 0, 56, 0, 55, 0, 54, 0, 56, 0, 58, 0, 61, 0, 62, 0, 209, 239, 209, 239, 208, 239, 208, 239, 208, 239, 205, 239, 204, 239, 204, 239, 205, 239, 204, 239, 207, 239, 207, 239, 207, 239, 210, 239, 211, 239, 209, 239, 207, 239, 209, 239, 209, 239, 206, 239, 206, 239, 209, 239, 212, 239, 210, 239, 210, 239, 79, 1, 79, 1, 78, 1, 78, 1, 77, 1, 80, 1, 77, 1, 78, 1, 76, 1, 77, 1, 78, 1, 80, 1, 81, 1, 80, 1, 80, 1, 80, 1, 80, 1, 79, 1, 79, 1, 79, 1, 78, 1, 77, 1, 77, 1, 76, 1, 77, 1, 26, 0, 248, 17, 41]
1762250457312;F5:15:8C:96:83:4F;[32, 33, 49, 37, 0, 46, 37, 0, 48, 37, 0, 47, 37, 0, 52, 37, 0, 51, 37, 0, 48, 37, 0, 50, 37, 0, 41, 37, 0, 41, 37, 0, 44, 37, 0, 53, 37, 0, 48, 37, 0, 43, 37, 0, 40, 37, 0, 51, 37, 0, 52, 37, 0, 48, 37, 0, 38, 37, 0, 40, 37, 0, 53, 37, 0, 58, 37, 0, 56, 37, 0, 44, 37, 0, 41, 37, 0, 62, 0, 62, 0, 60, 0, 59, 0, 58, 0, 59, 0, 61, 0, 65, 0, 65, 0, 58, 0, 55, 0, 56, 0, 56, 0, 61, 0, 63, 0, 61, 0, 61, 0, 60, 0, 59, 0, 58, 0, 58, 0, 60, 0, 59, 0, 62, 0, 63, 0, 208, 239, 206, 239, 207, 239, 206, 239, 210, 239, 214, 239, 204, 239, 202, 239, 206, 239, 197, 239, 206, 239, 205, 239, 204, 239, 208, 239, 210, 239, 216, 239, 214, 239, 210, 239, 207, 239, 205, 239, 207, 239, 205, 239, 206, 239, 208, 239, 211, 239, 77, 1, 75, 1, 74, 1, 78, 1, 78, 1, 79, 1, 81, 1, 78, 1, 76, 1, 78, 1, 75, 1, 73, 1, 76, 1, 75, 1, 77, 1, 78, 1, 82, 1, 82, 1, 82, 1, 76, 1, 72, 1, 77, 1, 80, 1, 81, 1, 76, 1, 26, 0, 248, 17, 42]
1762250457598;F5:15:8C:96:83:4F;[36, 33, 38, 37, 0, 49, 37, 0, 59, 37, 0, 50, 37, 0, 46, 37, 0, 38, 37, 0, 42, 37, 0, 41, 37, 0, 58, 37, 0, 63, 37, 0, 61, 37, 0, 45, 37, 0, 40, 37, 0, 33, 37, 0, 45, 37, 0, 60, 37, 0, 56, 37, 0, 57, 37, 0, 47, 37, 0, 38, 37, 0, 47, 37, 0, 52, 37, 0, 64, 37, 0, 61, 37, 0, 43, 37, 0, 59, 0, 59, 0, 58, 0, 56, 0, 55, 0, 54, 0, 56, 0, 58, 0, 60, 0, 61, 0, 60, 0, 60, 0, 58, 0, 57, 0, 57, 0, 59, 0, 60, 0, 61, 0, 61, 0, 59, 0, 58, 0, 54, 0, 57, 0, 61, 0, 59, 0, 211, 239, 209, 239, 208, 239, 206, 239, 207, 239, 204, 239, 204, 239, 206, 239, 210, 239, 211, 239, 212, 239, 212, 239, 210, 239, 206, 239, 205, 239, 207, 239, 209, 239, 210, 239, 211, 239, 211, 239, 211, 239, 216, 239, 210, 239, 208, 239, 207, 239, 75, 1, 74, 1, 78, 1, 81, 1, 84, 1, 82, 1, 77, 1, 76, 1, 78, 1, 82, 1, 86, 1, 86, 1, 84, 1, 77, 1, 75, 1, 74, 1, 80, 1, 81, 1, 79, 1, 76, 1, 76, 1, 76, 1, 79, 1, 81, 1, 83, 1, 26, 0, 26, 0, 248, 17, 248, 17, 43]
1762250457830;F5:15:8C:96:83:4F;[32, 33, 44, 37, 0, 45, 37, 0, 52, 37, 0, 61, 37, 0, 50, 37, 0, 47, 37, 0, 48, 37, 0, 49, 37, 0, 49, 37, 0, 50, 37, 0, 51, 37, 0, 62, 37, 0, 57, 37, 0, 54, 37, 0, 47, 37, 0, 61, 37, 0, 46, 37, 0, 55, 37, 0, 54, 37, 0, 53, 37, 0, 52, 37, 0, 46, 37, 0, 51, 37, 0, 55, 37, 0, 51, 37, 0, 58, 0, 56, 0, 57, 0, 58, 0, 61, 0, 60, 0, 58, 0, 59, 0, 63, 0, 61, 0, 58, 0, 56, 0, 53, 0, 53, 0, 55, 0, 54, 0, 53, 0, 55, 0, 60, 0, 63, 0, 61, 0, 59, 0, 56, 0, 54, 0, 55, 0, 197, 239, 204, 239, 203, 239, 203, 239, 203, 239, 211, 239, 214, 239, 209, 239, 208, 239, 206, 239, 207, 239, 207, 239, 207, 239, 205, 239, 207, 239, 209, 239, 209, 239, 208, 239, 208, 239, 208, 239, 207, 239, 207, 239, 206, 239, 206, 239, 206, 239, 82, 1, 75, 1, 75, 1, 78, 1, 82, 1, 80, 1, 77, 1, 77, 1, 78, 1, 79, 1, 80, 1, 80, 1, 80, 1, 80, 1, 81, 1, 82, 1, 80, 1, 80, 1, 80, 1, 79, 1, 80, 1, 79, 1, 79, 1, 79, 1, 78, 1, 26, 0, 248, 17, 44]
1762250458078;F5:15:8C:96:83:4F;[32, 33, 55, 37, 0, 61, 37, 0, 59, 37, 0, 60, 37, 0, 56, 37, 0, 42, 37, 0, 46, 37, 0, 54, 37, 0, 60, 37, 0, 62, 37, 0, 51, 37, 0, 56, 37, 0, 55, 37, 0, 56, 37, 0, 59, 37, 0, 59, 37, 0, 53, 37, 0, 50, 37, 0, 46, 37, 0, 57, 37, 0, 72, 37, 0, 62, 37, 0, 53, 37, 0, 50, 37, 0, 52, 37, 0, 57, 0, 60, 0, 60, 0, 60, 0, 60, 0, 60, 0, 58, 0, 55, 0, 54, 0, 57, 0, 60, 0, 61, 0, 64, 0, 65, 0, 61, 0, 57, 0, 55, 0, 54, 0, 54, 0, 59, 0, 60, 0, 62, 0, 64, 0, 61, 0, 61, 0, 205, 239, 204, 239, 205, 239, 206, 239, 205, 239, 205, 239, 205, 239, 205, 239, 205, 239, 205, 239, 205, 239, 204, 239, 204, 239, 207, 239, 207, 239, 208, 239, 207, 239, 205, 239, 206, 239, 207, 239, 206, 239, 207, 239, 208, 239, 208, 239, 208, 239, 78, 1, 80, 1, 80, 1, 82, 1, 81, 1, 82, 1, 80, 1, 78, 1, 77, 1, 78, 1, 76, 1, 76, 1, 77, 1, 78, 1, 82, 1, 81, 1, 78, 1, 79, 1, 77, 1, 77, 1, 80, 1, 82, 1, 81, 1, 79, 1, 75, 1, 26, 0, 248, 17, 45]
1762250458299;F5:15:8C:96:83:4F;[32, 33, 63, 37, 0, 63, 37, 0, 66, 37, 0, 60, 37, 0, 56, 37, 0, 49, 37, 0, 61, 37, 0, 59, 37, 0, 62, 37, 0, 64, 37, 0, 54, 37, 0, 54, 37, 0, 62, 37, 0, 63, 37, 0, 64, 37, 0, 57, 37, 0, 56, 37, 0, 52, 37, 0, 65, 37, 0, 61, 37, 0, 60, 37, 0, 66, 37, 0, 60, 37, 0, 62, 37, 0, 58, 37, 0, 56, 0, 54, 0, 55, 0, 56, 0, 58, 0, 61, 0, 59, 0, 57, 0, 55, 0, 55, 0, 57, 0, 58, 0, 61, 0, 63, 0, 62, 0, 60, 0, 59, 0, 59, 0, 60, 0, 61, 0, 61, 0, 60, 0, 59, 0, 60, 0, 59, 0, 206, 239, 207, 239, 208, 239, 207, 239, 207, 239, 206, 239, 207, 239, 206, 239, 205, 239, 204, 239, 206, 239, 205, 239, 207, 239, 209, 239, 207, 239, 208, 239, 209, 239, 208, 239, 208, 239, 208, 239, 207, 239, 209, 239, 210, 239, 209, 239, 208, 239, 75, 1, 75, 1, 78, 1, 81, 1, 79, 1, 79, 1, 78, 1, 79, 1, 81, 1, 81, 1, 77, 1, 79, 1, 80, 1, 80, 1, 83, 1, 82, 1, 80, 1, 78, 1, 77, 1, 79, 1, 80, 1, 80, 1, 78, 1, 78, 1, 77, 1, 26, 0, 248, 17, 46]
1762250458561;F5:15:8C:96:83:4F;[36, 33, 56, 37, 0, 53, 37, 0, 60, 37, 0, 61, 37, 0, 60, 37, 0, 57, 37, 0, 65, 37, 0, 63, 37, 0, 57, 37, 0, 57, 37, 0, 61, 37, 0, 56, 37, 0, 67, 37, 0, 55, 37, 0, 57, 37, 0, 62, 37, 0, 55, 37, 0, 52, 37, 0, 56, 37, 0, 59, 37, 0, 66, 37, 0, 60, 37, 0, 58, 37, 0, 54, 37, 0, 54, 37, 0, 59, 0, 58, 0, 57, 0, 57, 0, 59, 0, 60, 0, 57, 0, 57, 0, 58, 0, 57, 0, 59, 0, 59, 0, 60, 0, 56, 0, 56, 0, 55, 0, 54, 0, 56, 0, 58, 0, 59, 0, 58, 0, 54, 0, 53, 0, 54, 0, 58, 0, 207, 239, 208, 239, 207, 239, 206, 239, 206, 239, 206, 239, 205, 239, 204, 239, 204, 239, 204, 239, 206, 239, 207, 239, 208, 239, 207, 239, 206, 239, 205, 239, 205, 239, 204, 239, 205, 239, 207, 239, 206, 239, 205, 239, 204, 239, 204, 239, 203, 239, 79, 1, 80, 1, 80, 1, 80, 1, 80, 1, 78, 1, 79, 1, 78, 1, 81, 1, 81, 1, 82, 1, 81, 1, 80, 1, 80, 1, 78, 1, 79, 1, 78, 1, 76, 1, 77, 1, 79, 1, 80, 1, 79, 1, 77, 1, 76, 1, 74, 1, 26, 0, 26, 0, 248, 17, 240, 17, 47]
1762250458782;F5:15:8C:96:83:4F;[32, 33, 68, 37, 0, 77, 37, 0, 72, 37, 0, 63, 37, 0, 50, 37, 0, 46, 37, 0, 54, 37, 0, 69, 37, 0, 60, 37, 0, 55, 37, 0, 54, 37, 0, 56, 37, 0, 55, 37, 0, 64, 37, 0, 65, 37, 0, 70, 37, 0, 67, 37, 0, 55, 37, 0, 61, 37, 0, 67, 37, 0, 64, 37, 0, 66, 37, 0, 54, 37, 0, 61, 37, 0, 63, 37, 0, 64, 0, 70, 0, 67, 0, 64, 0, 59, 0, 55, 0, 54, 0, 54, 0, 57, 0, 62, 0, 63, 0, 64, 0, 62, 0, 60, 0, 58, 0, 57, 0, 60, 0, 60, 0, 60, 0, 62, 0, 60, 0, 59, 0, 60, 0, 59, 0, 60, 0, 203, 239, 207, 239, 211, 239, 212, 239, 211, 239, 212, 239, 211, 239, 207, 239, 209, 239, 208, 239, 208, 239, 208, 239, 209, 239, 209, 239, 208, 239, 208, 239, 207, 239, 207, 239, 207, 239, 206, 239, 204, 239, 206, 239, 208, 239, 208, 239, 207, 239, 75, 1, 81, 1, 86, 1, 88, 1, 85, 1, 80, 1, 76, 1, 78, 1, 80, 1, 82, 1, 79, 1, 77, 1, 77, 1, 78, 1, 79, 1, 79, 1, 79, 1, 79, 1, 79, 1, 81, 1, 84, 1, 83, 1, 82, 1, 79, 1, 78, 1, 26, 0, 248, 17, 48]
1762250459086;F5:15:8C:96:83:4F;[32, 33, 58, 37, 0, 63, 37, 0, 61, 37, 0, 63, 37, 0, 55, 37, 0, 63, 37, 0, 69, 37, 0, 66, 37, 0, 64, 37, 0, 58, 37, 0, 48, 37, 0, 52, 37, 0, 57, 37, 0, 67, 37, 0, 64, 37, 0, 61, 37, 0, 58, 37, 0, 58, 37, 0, 66, 37, 0, 77, 37, 0, 63, 37, 0, 63, 37, 0, 59, 37, 0, 57, 37, 0, 66, 37, 0, 60, 0, 58, 0, 57, 0, 57, 0, 56, 0, 57, 0, 61, 0, 62, 0, 62, 0, 60, 0, 58, 0, 57, 0, 56, 0, 57, 0, 59, 0, 61, 0, 61, 0, 62, 0, 61, 0, 60, 0, 60, 0, 58, 0, 59, 0, 61, 0, 62, 0, 207, 239, 206, 239, 205, 239, 205, 239, 207, 239, 207, 239, 208, 239, 209, 239, 210, 239, 208, 239, 206, 239, 203, 239, 204, 239, 204, 239, 204, 239, 204, 239, 207, 239, 210, 239, 209, 239, 207, 239, 207, 239, 206, 239, 209, 239, 207, 239, 206, 239, 77, 1, 78, 1, 78, 1, 78, 1, 77, 1, 79, 1, 83, 1, 85, 1, 87, 1, 86, 1, 82, 1, 79, 1, 78, 1, 79, 1, 79, 1, 80, 1, 81, 1, 80, 1, 81, 1, 82, 1, 83, 1, 82, 1, 82, 1, 80, 1, 79, 1, 26, 0, 240, 17, 49]
1762250459285;F5:15:8C:96:83:4F;[32, 33, 68, 37, 0, 66, 37, 0, 67, 37, 0, 59, 37, 0, 66, 37, 0, 61, 37, 0, 64, 37, 0, 56, 37, 0, 59, 37, 0, 65, 37, 0, 68, 37, 0, 68, 37, 0, 67, 37, 0, 57, 37, 0, 55, 37, 0, 59, 37, 0, 61, 37, 0, 66, 37, 0, 74, 37, 0, 66, 37, 0, 60, 37, 0, 53, 37, 0, 53, 37, 0, 70, 37, 0, 75, 37, 0, 65, 0, 64, 0, 63, 0, 60, 0, 56, 0, 56, 0, 58, 0, 61, 0, 64, 0, 65, 0, 62, 0, 56, 0, 54, 0, 51, 0, 52, 0, 54, 0, 61, 0, 65, 0, 65, 0, 62, 0, 59, 0, 53, 0, 53, 0, 57, 0, 60, 0, 207, 239, 207, 239, 207, 239, 208, 239, 207, 239, 208, 239, 207, 239, 204, 239, 203, 239, 206, 239, 207, 239, 209, 239, 209, 239, 212, 239, 210, 239, 207, 239, 207, 239, 206, 239, 206, 239, 204, 239, 205, 239, 209, 239, 208, 239, 208, 239, 208, 239, 81, 1, 80, 1, 79, 1, 76, 1, 77, 1, 77, 1, 78, 1, 79, 1, 78, 1, 76, 1, 77, 1, 82, 1, 83, 1, 82, 1, 79, 1, 78, 1, 76, 1, 76, 1, 79, 1, 82, 1, 80, 1, 75, 1, 72, 1, 73, 1, 77, 1, 26, 0, 248, 17, 50]
1762250459569;F5:15:8C:96:83:4F;[36, 33, 81, 37, 0, 73, 37, 0, 63, 37, 0, 52, 37, 0, 56, 37, 0, 63, 37, 0, 66, 37, 0, 71, 37, 0, 61, 37, 0, 51, 37, 0, 50, 37, 0, 51, 37, 0, 67, 37, 0, 68, 37, 0, 68, 37, 0, 60, 37, 0, 56, 37, 0, 55, 37, 0, 62, 37, 0, 72, 37, 0, 71, 37, 0, 64, 37, 0, 53, 37, 0, 51, 37, 0, 56, 37, 0, 64, 0, 66, 0, 66, 0, 62, 0, 57, 0, 57, 0, 57, 0, 58, 0, 61, 0, 63, 0, 61, 0, 57, 0, 57, 0, 55, 0, 53, 0, 56, 0, 58, 0, 60, 0, 61, 0, 63, 0, 62, 0, 63, 0, 63, 0, 60, 0, 61, 0, 208, 239, 208, 239, 208, 239, 209, 239, 210, 239, 208, 239, 206, 239, 208, 239, 210, 239, 209, 239, 208, 239, 207, 239, 207, 239, 207, 239, 207, 239, 206, 239, 206, 239, 205, 239, 206, 239, 210, 239, 211, 239, 212, 239, 207, 239, 205, 239, 204, 239, 83, 1, 86, 1, 86, 1, 82, 1, 78, 1, 78, 1, 80, 1, 81, 1, 81, 1, 80, 1, 77, 1, 76, 1, 76, 1, 78, 1, 80, 1, 80, 1, 78, 1, 78, 1, 78, 1, 80, 1, 83, 1, 85, 1, 82, 1, 78, 1, 74, 1, 26, 0, 26, 0, 248, 17, 248, 17, 51]
1762250459773;F5:15:8C:96:83:4F;[32, 33, 58, 37, 0, 69, 37, 0, 63, 37, 0, 59, 37, 0, 59, 37, 0, 64, 37, 0, 68, 37, 0, 65, 37, 0, 51, 37, 0, 56, 37, 0, 54, 37, 0, 56, 37, 0, 60, 37, 0, 64, 37, 0, 60, 37, 0, 58, 37, 0, 59, 37, 0, 55, 37, 0, 55, 37, 0, 57, 37, 0, 62, 37, 0, 61, 37, 0, 58, 37, 0, 53, 37, 0, 49, 37, 0, 59, 0, 58, 0, 60, 0, 62, 0, 62, 0, 61, 0, 60, 0, 60, 0, 60, 0, 60, 0, 61, 0, 61, 0, 58, 0, 58, 0, 57, 0, 54, 0, 54, 0, 56, 0, 57, 0, 60, 0, 62, 0, 61, 0, 60, 0, 59, 0, 57, 0, 205, 239, 206, 239, 209, 239, 211, 239, 213, 239, 213, 239, 211, 239, 211, 239, 210, 239, 209, 239, 205, 239, 203, 239, 205, 239, 208, 239, 212, 239, 215, 239, 218, 239, 214, 239, 211, 239, 209, 239, 204, 239, 202, 239, 202, 239, 204, 239, 211, 239, 76, 1, 79, 1, 80, 1, 79, 1, 78, 1, 77, 1, 78, 1, 80, 1, 81, 1, 80, 1, 78, 1, 79, 1, 79, 1, 80, 1, 82, 1, 81, 1, 79, 1, 79, 1, 78, 1, 79, 1, 81, 1, 83, 1, 81, 1, 80, 1, 78, 1, 26, 0, 240, 17, 52]
1762250460024;F5:15:8C:96:83:4F;[32, 33, 59, 37, 0, 62, 37, 0, 60, 37, 0, 57, 37, 0, 52, 37, 0, 55, 37, 0, 53, 37, 0, 61, 37, 0, 55, 37, 0, 63, 37, 0, 64, 37, 0, 68, 37, 0, 56, 37, 0, 49, 37, 0, 49, 37, 0, 43, 37, 0, 51, 37, 0, 57, 37, 0, 55, 37, 0, 48, 37, 0, 61, 37, 0, 54, 37, 0, 61, 37, 0, 57, 37, 0, 51, 37, 0, 57, 0, 59, 0, 60, 0, 61, 0, 61, 0, 60, 0, 192, 190, 56, 0, 57, 0, 62, 0, 63, 0, 64, 0, 64, 0, 62, 0, 60, 0, 58, 0, 57, 0, 56, 0, 57, 0, 58, 0, 61, 0, 62, 0, 61, 0, 60, 0, 57, 0, 210, 239, 210, 239, 212, 239, 210, 239, 209, 239, 205, 239, 235, 202, 207, 239, 207, 239, 210, 239, 214, 239, 213, 239, 211, 239, 207, 239, 207, 239, 204, 239, 203, 239, 205, 239, 208, 239, 207, 239, 209, 239, 208, 239, 209, 239, 207, 239, 205, 239, 79, 1, 79, 1, 82, 1, 80, 1, 78, 1, 76, 1, 3, 0, 77, 1, 76, 1, 77, 1, 81, 1, 81, 1, 81, 1, 82, 1, 80, 1, 80, 1, 78, 1, 78, 1, 79, 1, 78, 1, 77, 1, 78, 1, 79, 1, 81, 1, 81, 1, 26, 0, 248, 17, 53]
1762250460277;F5:15:8C:96:83:4F;[32, 33, 44, 37, 0, 49, 37, 0, 53, 37, 0, 61, 37, 0, 56, 37, 0, 53, 37, 0, 44, 37, 0, 47, 37, 0, 50, 37, 0, 52, 37, 0, 52, 37, 0, 51, 37, 0, 55, 37, 0, 53, 37, 0, 51, 37, 0, 46, 37, 0, 52, 37, 0, 46, 37, 0, 49, 37, 0, 45, 37, 0, 48, 37, 0, 55, 37, 0, 65, 37, 0, 54, 37, 0, 46, 37, 0, 56, 0, 55, 0, 56, 0, 57, 0, 60, 0, 61, 0, 59, 0, 57, 0, 56, 0, 56, 0, 57, 0, 58, 0, 59, 0, 61, 0, 61, 0, 58, 0, 56, 0, 56, 0, 58, 0, 59, 0, 62, 0, 192, 190, 61, 0, 57, 0, 55, 0, 207, 239, 208, 239, 209, 239, 208, 239, 209, 239, 209, 239, 209, 239, 208, 239, 207, 239, 206, 239, 205, 239, 208, 239, 208, 239, 204, 239, 205, 239, 207, 239, 209, 239, 204, 239, 199, 239, 200, 239, 202, 239, 235, 202, 209, 239, 210, 239, 209, 239, 78, 1, 76, 1, 77, 1, 78, 1, 81, 1, 80, 1, 79, 1, 76, 1, 76, 1, 75, 1, 77, 1, 76, 1, 77, 1, 80, 1, 81, 1, 78, 1, 77, 1, 78, 1, 79, 1, 76, 1, 77, 1, 3, 0, 78, 1, 81, 1, 81, 1, 27, 0, 248, 17, 54]
1762250460561;F5:15:8C:96:83:4F;[36, 33, 38, 37, 0, 42, 37, 0, 47, 37, 0, 61, 37, 0, 63, 37, 0, 46, 37, 0, 32, 37, 0, 35, 37, 0, 42, 37, 0, 50, 37, 0, 56, 37, 0, 53, 37, 0, 46, 37, 0, 35, 37, 0, 37, 37, 0, 44, 37, 0, 46, 37, 0, 51, 37, 0, 48, 37, 0, 46, 37, 0, 34, 37, 0, 41, 37, 0, 50, 37, 0, 51, 37, 0, 49, 37, 0, 53, 0, 55, 0, 60, 0, 63, 0, 62, 0, 61, 0, 58, 0, 57, 0, 57, 0, 59, 0, 61, 0, 63, 0, 64, 0, 63, 0, 61, 0, 60, 0, 60, 0, 61, 0, 62, 0, 61, 0, 61, 0, 60, 0, 60, 0, 59, 0, 60, 0, 205, 239, 207, 239, 206, 239, 206, 239, 208, 239, 209, 239, 207, 239, 205, 239, 208, 239, 204, 239, 211, 239, 210, 239, 207, 239, 208, 239, 207, 239, 206, 239, 207, 239, 207, 239, 208, 239, 210, 239, 210, 239, 208, 239, 209, 239, 207, 239, 207, 239, 79, 1, 76, 1, 77, 1, 82, 1, 85, 1, 84, 1, 79, 1, 75, 1, 74, 1, 75, 1, 79, 1, 81, 1, 83, 1, 81, 1, 79, 1, 76, 1, 78, 1, 80, 1, 83, 1, 83, 1, 79, 1, 78, 1, 76, 1, 78, 1, 81, 1, 26, 0, 26, 0, 240, 17, 240, 17, 55]
1762250460775;F5:15:8C:96:83:4F;[32, 33, 44, 37, 0, 41, 37, 0, 41, 37, 0, 40, 37, 0, 45, 37, 0, 42, 37, 0, 47, 37, 0, 45, 37, 0, 41, 37, 0, 36, 37, 0, 38, 37, 0, 46, 37, 0, 47, 37, 0, 50, 37, 0, 39, 37, 0, 40, 37, 0, 38, 37, 0, 43, 37, 0, 42, 37, 0, 45, 37, 0, 42, 37, 0, 38, 37, 0, 27, 37, 0, 36, 37, 0, 45, 37, 0, 61, 0, 59, 0, 56, 0, 58, 0, 58, 0, 58, 0, 57, 0, 60, 0, 60, 0, 59, 0, 58, 0, 56, 0, 57, 0, 54, 0, 55, 0, 58, 0, 61, 0, 63, 0, 63, 0, 63, 0, 63, 0, 62, 0, 61, 0, 61, 0, 59, 0, 205, 239, 207, 239, 208, 239, 206, 239, 207, 239, 210, 239, 209, 239, 210, 239, 209, 239, 207, 239, 206, 239, 205, 239, 205, 239, 206, 239, 207, 239, 207, 239, 203, 239, 202, 239, 207, 239, 207, 239, 204, 239, 203, 239, 203, 239, 204, 239, 205, 239, 82, 1, 81, 1, 78, 1, 77, 1, 78, 1, 79, 1, 81, 1, 81, 1, 80, 1, 77, 1, 76, 1, 79, 1, 82, 1, 84, 1, 84, 1, 84, 1, 83, 1, 80, 1, 80, 1, 80, 1, 81, 1, 80, 1, 78, 1, 76, 1, 78, 1, 26, 0, 240, 17, 56]
1762250461060;F5:15:8C:96:83:4F;[32, 33, 55, 37, 0, 41, 37, 0, 27, 37, 0, 20, 37, 0, 33, 37, 0, 42, 37, 0, 58, 37, 0, 42, 37, 0, 29, 37, 0, 19, 37, 0, 19, 37, 0, 47, 37, 0, 56, 37, 0, 51, 37, 0, 32, 37, 0, 19, 37, 0, 21, 37, 0, 30, 37, 0, 39, 37, 0, 50, 37, 0, 45, 37, 0, 34, 37, 0, 23, 37, 0, 30, 37, 0, 33, 37, 0, 57, 0, 57, 0, 59, 0, 60, 0, 62, 0, 62, 0, 62, 0, 58, 0, 56, 0, 57, 0, 58, 0, 60, 0, 63, 0, 63, 0, 64, 0, 58, 0, 54, 0, 51, 0, 53, 0, 56, 0, 60, 0, 62, 0, 60, 0, 60, 0, 59, 0, 208, 239, 212, 239, 211, 239, 207, 239, 206, 239, 206, 239, 204, 239, 202, 239, 204, 239, 206, 239, 206, 239, 207, 239, 209, 239, 210, 239, 211, 239, 208, 239, 206, 239, 203, 239, 205, 239, 205, 239, 207, 239, 207, 239, 208, 239, 206, 239, 203, 239, 81, 1, 82, 1, 79, 1, 76, 1, 75, 1, 76, 1, 81, 1, 83, 1, 82, 1, 76, 1, 74, 1, 76, 1, 82, 1, 87, 1, 87, 1, 81, 1, 76, 1, 76, 1, 76, 1, 81, 1, 83, 1, 84, 1, 83, 1, 81, 1, 79, 1, 26, 0, 240, 17, 57]
1762250461293;F5:15:8C:96:83:4F;[32, 33, 34, 37, 0, 30, 37, 0, 27, 37, 0, 22, 37, 0, 33, 37, 0, 36, 37, 0, 36, 37, 0, 42, 37, 0, 24, 37, 0, 26, 37, 0, 28, 37, 0, 28, 37, 0, 41, 37, 0, 35, 37, 0, 34, 37, 0, 34, 37, 0, 26, 37, 0, 30, 37, 0, 27, 37, 0, 42, 37, 0, 36, 37, 0, 31, 37, 0, 25, 37, 0, 33, 37, 0, 29, 37, 0, 55, 0, 55, 0, 58, 0, 58, 0, 61, 0, 64, 0, 64, 0, 63, 0, 61, 0, 59, 0, 59, 0, 59, 0, 58, 0, 61, 0, 61, 0, 63, 0, 62, 0, 61, 0, 59, 0, 57, 0, 57, 0, 57, 0, 58, 0, 60, 0, 60, 0, 202, 239, 202, 239, 205, 239, 204, 239, 206, 239, 208, 239, 208, 239, 209, 239, 208, 239, 207, 239, 203, 239, 205, 239, 205, 239, 207, 239, 208, 239, 208, 239, 208, 239, 211, 239, 209, 239, 207, 239, 205, 239, 206, 239, 207, 239, 207, 239, 205, 239, 81, 1, 81, 1, 83, 1, 82, 1, 80, 1, 80, 1, 81, 1, 82, 1, 81, 1, 80, 1, 78, 1, 76, 1, 80, 1, 81, 1, 83, 1, 82, 1, 80, 1, 76, 1, 77, 1, 80, 1, 80, 1, 81, 1, 79, 1, 79, 1, 82, 1, 26, 0, 240, 17, 58]
1762250461569;F5:15:8C:96:83:4F;[36, 33, 37, 37, 0, 40, 37, 0, 33, 37, 0, 24, 37, 0, 21, 37, 0, 31, 37, 0, 36, 37, 0, 39, 37, 0, 38, 37, 0, 25, 37, 0, 30, 37, 0, 44, 37, 0, 26, 37, 0, 2, 37, 0, 4, 37, 0, 30, 37, 0, 69, 37, 0, 93, 37, 0, 44, 37, 0, 237, 36, 0, 217, 36, 0, 9, 37, 0, 54, 37, 0, 90, 37, 0, 71, 37, 0, 59, 0, 59, 0, 58, 0, 56, 0, 54, 0, 55, 0, 59, 0, 57, 0, 67, 0, 63, 0, 63, 0, 53, 0, 48, 0, 47, 0, 54, 0, 68, 0, 70, 0, 64, 0, 53, 0, 46, 0, 52, 0, 60, 0, 59, 0, 69, 0, 62, 0, 210, 239, 211, 239, 210, 239, 208, 239, 205, 239, 204, 239, 203, 239, 206, 239, 211, 239, 213, 239, 211, 239, 205, 239, 201, 239, 208, 239, 205, 239, 199, 239, 204, 239, 206, 239, 212, 239, 210, 239, 206, 239, 205, 239, 206, 239, 205, 239, 214, 239, 83, 1, 84, 1, 82, 1, 81, 1, 81, 1, 77, 1, 79, 1, 83, 1, 84, 1, 78, 1, 82, 1, 82, 1, 81, 1, 72, 1, 61, 1, 66, 1, 80, 1, 98, 1, 100, 1, 80, 1, 59, 1, 63, 1, 75, 1, 87, 1, 99, 1, 26, 0, 26, 0, 248, 17, 248, 17, 59]
1762250461796;F5:15:8C:96:83:4F;[32, 33, 19, 37, 0, 233, 36, 0, 250, 36, 0, 14, 37, 0, 37, 37, 0, 74, 37, 0, 77, 37, 0, 46, 37, 0, 0, 37, 0, 248, 36, 0, 5, 37, 0, 43, 37, 0, 77, 37, 0, 63, 37, 0, 31, 37, 0, 1, 37, 0, 7, 37, 0, 26, 37, 0, 48, 37, 0, 59, 37, 0, 49, 37, 0, 16, 37, 0, 13, 37, 0, 22, 37, 0, 47, 37, 0, 50, 0, 50, 0, 51, 0, 53, 0, 60, 0, 63, 0, 62, 0, 57, 0, 52, 0, 52, 0, 53, 0, 58, 0, 59, 0, 55, 0, 54, 0, 56, 0, 58, 0, 58, 0, 59, 0, 57, 0, 55, 0, 56, 0, 58, 0, 62, 0, 63, 0, 210, 239, 208, 239, 210, 239, 206, 239, 207, 239, 214, 239, 215, 239, 210, 239, 210, 239, 208, 239, 205, 239, 203, 239, 207, 239, 212, 239, 207, 239, 205, 239, 205, 239, 204, 239, 204, 239, 205, 239, 208, 239, 209, 239, 207, 239, 209, 239, 210, 239, 92, 1, 75, 1, 59, 1, 67, 1, 73, 1, 79, 1, 94, 1, 93, 1, 80, 1, 70, 1, 74, 1, 75, 1, 83, 1, 94, 1, 87, 1, 75, 1, 68, 1, 69, 1, 73, 1, 82, 1, 84, 1, 77, 1, 69, 1, 69, 1, 73, 1, 26, 0, 248, 17, 60]
1762250462087;F5:15:8C:96:83:4F;[32, 33, 70, 37, 0, 60, 37, 0, 32, 37, 0, 4, 37, 0, 4, 37, 0, 37, 37, 0, 61, 37, 0, 67, 37, 0, 53, 37, 0, 24, 37, 0, 14, 37, 0, 18, 37, 0, 39, 37, 0, 60, 37, 0, 62, 37, 0, 43, 37, 0, 20, 37, 0, 22, 37, 0, 32, 37, 0, 53, 37, 0, 65, 37, 0, 49, 37, 0, 26, 37, 0, 15, 37, 0, 20, 37, 0, 62, 0, 56, 0, 53, 0, 54, 0, 57, 0, 60, 0, 63, 0, 61, 0, 56, 0, 53, 0, 55, 0, 57, 0, 60, 0, 59, 0, 55, 0, 53, 0, 53, 0, 53, 0, 56, 0, 58, 0, 59, 0, 57, 0, 55, 0, 54, 0, 53, 0, 209, 239, 209, 239, 209, 239, 208, 239, 207, 239, 204, 239, 205, 239, 207, 239, 207, 239, 206, 239, 205, 239, 202, 239, 203, 239, 204, 239, 207, 239, 209, 239, 211, 239, 210, 239, 210, 239, 212, 239, 211, 239, 209, 239, 206, 239, 204, 239, 203, 239, 85, 1, 92, 1, 88, 1, 77, 1, 70, 1, 70, 1, 77, 1, 83, 1, 85, 1, 82, 1, 75, 1, 72, 1, 72, 1, 80, 1, 86, 1, 86, 1, 81, 1, 75, 1, 73, 1, 77, 1, 83, 1, 87, 1, 84, 1, 73, 1, 69, 1, 26, 0, 240, 17, 61]
1762250462310;F5:15:8C:96:83:4F;[32, 33, 49, 37, 0, 66, 37, 0, 61, 37, 0, 47, 37, 0, 28, 37, 0, 23, 37, 0, 33, 37, 0, 56, 37, 0, 59, 37, 0, 48, 37, 0, 32, 37, 0, 23, 37, 0, 34, 37, 0, 50, 37, 0, 59, 37, 0, 63, 37, 0, 47, 37, 0, 30, 37, 0, 30, 37, 0, 48, 37, 0, 65, 37, 0, 68, 37, 0, 52, 37, 0, 38, 37, 0, 25, 37, 0, 55, 0, 56, 0, 57, 0, 58, 0, 58, 0, 58, 0, 59, 0, 61, 0, 60, 0, 60, 0, 61, 0, 60, 0, 58, 0, 57, 0, 56, 0, 55, 0, 57, 0, 58, 0, 59, 0, 60, 0, 61, 0, 61, 0, 59, 0, 59, 0, 60, 0, 203, 239, 208, 239, 209, 239, 208, 239, 209, 239, 206, 239, 204, 239, 204, 239, 205, 239, 204, 239, 205, 239, 206, 239, 204, 239, 205, 239, 207, 239, 210, 239, 211, 239, 210, 239, 208, 239, 211, 239, 213, 239, 210, 239, 208, 239, 210, 239, 207, 239, 71, 1, 80, 1, 86, 1, 85, 1, 81, 1, 74, 1, 73, 1, 76, 1, 82, 1, 82, 1, 80, 1, 74, 1, 71, 1, 71, 1, 74, 1, 80, 1, 82, 1, 78, 1, 74, 1, 74, 1, 79, 1, 85, 1, 87, 1, 83, 1, 77, 1, 26, 0, 248, 17, 62]
1762250462549;F5:15:8C:96:83:4F;[36, 33, 35, 37, 0, 55, 37, 0, 66, 37, 0, 66, 37, 0, 47, 37, 0, 42, 37, 0, 39, 37, 0, 52, 37, 0, 68, 37, 0, 63, 37, 0, 58, 37, 0, 49, 37, 0, 40, 37, 0, 44, 37, 0, 54, 37, 0, 62, 37, 0, 59, 37, 0, 52, 37, 0, 46, 37, 0, 43, 37, 0, 55, 37, 0, 70, 37, 0, 74, 37, 0, 69, 37, 0, 50, 37, 0, 60, 0, 62, 0, 63, 0, 61, 0, 59, 0, 59, 0, 59, 0, 60, 0, 62, 0, 64, 0, 62, 0, 61, 0, 59, 0, 58, 0, 57, 0, 56, 0, 58, 0, 56, 0, 56, 0, 58, 0, 60, 0, 60, 0, 58, 0, 57, 0, 57, 0, 206, 239, 208, 239, 209, 239, 210, 239, 209, 239, 210, 239, 207, 239, 204, 239, 205, 239, 206, 239, 206, 239, 206, 239, 204, 239, 204, 239, 204, 239, 203, 239, 205, 239, 204, 239, 205, 239, 206, 239, 209, 239, 210, 239, 211, 239, 213, 239, 209, 239, 72, 1, 73, 1, 75, 1, 81, 1, 82, 1, 78, 1, 74, 1, 75, 1, 80, 1, 83, 1, 83, 1, 82, 1, 80, 1, 77, 1, 78, 1, 79, 1, 81, 1, 81, 1, 77, 1, 73, 1, 72, 1, 76, 1, 82, 1, 86, 1, 84, 1, 26, 0, 26, 0, 248, 17, 240, 17, 63]
1762250462838;F5:15:8C:96:83:4F;[32, 33, 44, 37, 0, 42, 37, 0, 62, 37, 0, 61, 37, 0, 59, 37, 0, 47, 37, 0, 47, 37, 0, 50, 37, 0, 61, 37, 0, 64, 37, 0, 58, 37, 0, 61, 37, 0, 60, 37, 0, 61, 37, 0, 65, 37, 0, 59, 37, 0, 60, 37, 0, 59, 37, 0, 51, 37, 0, 52, 37, 0, 52, 37, 0, 61, 37, 0, 59, 37, 0, 62, 37, 0, 66, 37, 0, 58, 0, 57, 0, 57, 0, 58, 0, 60, 0, 60, 0, 60, 0, 60, 0, 58, 0, 57, 0, 55, 0, 56, 0, 58, 0, 59, 0, 59, 0, 59, 0, 58, 0, 57, 0, 59, 0, 59, 0, 63, 0, 64, 0, 64, 0, 62, 0, 61, 0, 206, 239, 206, 239, 206, 239, 204, 239, 205, 239, 207, 239, 207, 239, 210, 239, 209, 239, 208, 239, 210, 239, 212, 239, 209, 239, 208, 239, 210, 239, 207, 239, 209, 239, 209, 239, 211, 239, 208, 239, 210, 239, 208, 239, 209, 239, 208, 239, 208, 239, 80, 1, 76, 1, 76, 1, 79, 1, 83, 1, 82, 1, 79, 1, 74, 1, 76, 1, 79, 1, 81, 1, 82, 1, 83, 1, 81, 1, 82, 1, 83, 1, 84, 1, 82, 1, 81, 1, 79, 1, 76, 1, 75, 1, 78, 1, 80, 1, 80, 1, 26, 0, 248, 17, 64]
1762250463024;F5:15:8C:96:83:4F;[32, 33, 62, 37, 0, 56, 37, 0, 63, 37, 0, 64, 37, 0, 53, 37, 0, 65, 37, 0, 62, 37, 0, 57, 37, 0, 61, 37, 0, 59, 37, 0, 54, 37, 0, 59, 37, 0, 61, 37, 0, 61, 37, 0, 53, 37, 0, 55, 37, 0, 60, 37, 0, 65, 37, 0, 71, 37, 0, 61, 37, 0, 57, 37, 0, 49, 37, 0, 57, 37, 0, 57, 37, 0, 65, 37, 0, 60, 0, 61, 0, 58, 0, 58, 0, 60, 0, 57, 0, 56, 0, 56, 0, 57, 0, 60, 0, 59, 0, 58, 0, 57, 0, 58, 0, 56, 0, 58, 0, 61, 0, 64, 0, 61, 0, 61, 0, 58, 0, 57, 0, 56, 0, 56, 0, 59, 0, 207, 239, 209, 239, 210, 239, 208, 239, 209, 239, 210, 239, 209, 239, 209, 239, 208, 239, 210, 239, 210, 239, 211, 239, 210, 239, 209, 239, 210, 239, 208, 239, 207, 239, 210, 239, 209, 239, 208, 239, 208, 239, 209, 239, 208, 239, 208, 239, 206, 239, 82, 1, 81, 1, 81, 1, 84, 1, 82, 1, 81, 1, 80, 1, 79, 1, 79, 1, 75, 1, 75, 1, 76, 1, 76, 1, 76, 1, 74, 1, 75, 1, 79, 1, 79, 1, 82, 1, 83, 1, 81, 1, 78, 1, 76, 1, 75, 1, 75, 1, 26, 0, 248, 17, 65]
1762250463276;F5:15:8C:96:83:4F;[32, 33, 71, 37, 0, 65, 37, 0, 55, 37, 0, 58, 37, 0, 64, 37, 0, 71, 37, 0, 70, 37, 0, 72, 37, 0, 65, 37, 0, 58, 37, 0, 58, 37, 0, 62, 37, 0, 63, 37, 0, 61, 37, 0, 58, 37, 0, 63, 37, 0, 63, 37, 0, 60, 37, 0, 75, 37, 0, 69, 37, 0, 66, 37, 0, 52, 37, 0, 53, 37, 0, 68, 37, 0, 71, 37, 0, 60, 0, 61, 0, 60, 0, 61, 0, 60, 0, 58, 0, 58, 0, 56, 0, 59, 0, 60, 0, 60, 0, 61, 0, 60, 0, 59, 0, 59, 0, 58, 0, 60, 0, 61, 0, 59, 0, 58, 0, 58, 0, 60, 0, 63, 0, 64, 0, 64, 0, 207, 239, 209, 239, 208, 239, 210, 239, 209, 239, 207, 239, 207, 239, 206, 239, 207, 239, 208, 239, 208, 239, 207, 239, 208, 239, 208, 239, 208, 239, 208, 239, 206, 239, 208, 239, 209, 239, 209, 239, 206, 239, 206, 239, 206, 239, 204, 239, 204, 239, 77, 1, 78, 1, 78, 1, 76, 1, 76, 1, 74, 1, 78, 1, 81, 1, 81, 1, 78, 1, 78, 1, 77, 1, 77, 1, 78, 1, 79, 1, 77, 1, 76, 1, 77, 1, 77, 1, 80, 1, 82, 1, 81, 1, 81, 1, 79, 1, 82, 1, 26, 0, 248, 17, 66]
1762250463529;F5:15:8C:96:83:4F;[36, 33, 67, 37, 0, 62, 37, 0, 52, 37, 0, 51, 37, 0, 66, 37, 0, 75, 37, 0, 76, 37, 0, 68, 37, 0, 59, 37, 0, 57, 37, 0, 56, 37, 0, 62, 37, 0, 71, 37, 0, 67, 37, 0, 64, 37, 0, 59, 37, 0, 58, 37, 0, 61, 37, 0, 67, 37, 0, 67, 37, 0, 56, 37, 0, 61, 37, 0, 64, 37, 0, 75, 37, 0, 72, 37, 0, 61, 0, 58, 0, 56, 0, 56, 0, 58, 0, 61, 0, 60, 0, 61, 0, 58, 0, 58, 0, 55, 0, 55, 0, 58, 0, 60, 0, 62, 0, 61, 0, 58, 0, 57, 0, 57, 0, 57, 0, 57, 0, 60, 0, 61, 0, 62, 0, 59, 0, 204, 239, 208, 239, 206, 239, 206, 239, 208, 239, 208, 239, 207, 239, 208, 239, 207, 239, 209, 239, 209, 239, 207, 239, 207, 239, 211, 239, 212, 239, 210, 239, 211, 239, 212, 239, 208, 239, 205, 239, 205, 239, 209, 239, 209, 239, 212, 239, 213, 239, 81, 1, 80, 1, 77, 1, 75, 1, 72, 1, 75, 1, 78, 1, 80, 1, 84, 1, 81, 1, 80, 1, 81, 1, 82, 1, 83, 1, 83, 1, 79, 1, 77, 1, 77, 1, 78, 1, 78, 1, 77, 1, 76, 1, 75, 1, 77, 1, 78, 1, 26, 0, 26, 0, 240, 17, 248, 17, 67]
1762250463772;F5:15:8C:96:83:4F;[32, 33, 69, 37, 0, 63, 37, 0, 58, 37, 0, 63, 37, 0, 59, 37, 0, 65, 37, 0, 65, 37, 0, 65, 37, 0, 67, 37, 0, 50, 37, 0, 62, 37, 0, 66, 37, 0, 79, 37, 0, 70, 37, 0, 67, 37, 0, 60, 37, 0, 57, 37, 0, 65, 37, 0, 71, 37, 0, 78, 37, 0, 75, 37, 0, 54, 37, 0, 47, 37, 0, 51, 37, 0, 64, 37, 0, 59, 0, 58, 0, 57, 0, 58, 0, 60, 0, 60, 0, 60, 0, 60, 0, 62, 0, 61, 0, 62, 0, 59, 0, 59, 0, 56, 0, 55, 0, 57, 0, 59, 0, 62, 0, 64, 0, 61, 0, 63, 0, 62, 0, 60, 0, 57, 0, 56, 0, 211, 239, 210, 239, 210, 239, 209, 239, 209, 239, 208, 239, 208, 239, 212, 239, 212, 239, 209, 239, 210, 239, 210, 239, 208, 239, 206, 239, 206, 239, 207, 239, 208, 239, 209, 239, 210, 239, 210, 239, 211, 239, 210, 239, 206, 239, 203, 239, 204, 239, 81, 1, 81, 1, 77, 1, 77, 1, 76, 1, 78, 1, 80, 1, 80, 1, 78, 1, 77, 1, 74, 1, 74, 1, 76, 1, 81, 1, 84, 1, 82, 1, 78, 1, 76, 1, 77, 1, 81, 1, 84, 1, 82, 1, 79, 1, 77, 1, 77, 1, 26, 0, 248, 17, 68]
1762250428101;F5:15:8C:96:83:4F;[32, 33, 123, 37, 0, 123, 37, 0, 122, 37, 0, 114, 37, 0, 118, 37, 0, 112, 37, 0, 119, 37, 0, 118, 37, 0, 115, 37, 0, 116, 37, 0, 114, 37, 0, 113, 37, 0, 112, 37, 0, 110, 37, 0, 110, 37, 0, 113, 37, 0, 109, 37, 0, 116, 37, 0, 117, 37, 0, 121, 37, 0, 106, 37, 0, 113, 37, 0, 105, 37, 0, 111, 37, 0, 112, 37, 0, 57, 0, 55, 0, 56, 0, 55, 0, 57, 0, 58, 0, 59, 0, 59, 0, 58, 0, 57, 0, 58, 0, 57, 0, 57, 0, 55, 0, 56, 0, 57, 0, 57, 0, 59, 0, 56, 0, 56, 0, 58, 0, 57, 0, 58, 0, 58, 0, 58, 0, 205, 239, 206, 239, 205, 239, 205, 239, 205, 239, 208, 239, 208, 239, 206, 239, 207, 239, 207, 239, 206, 239, 207, 239, 206, 239, 208, 239, 207, 239, 206, 239, 205, 239, 205, 239, 205, 239, 206, 239, 208, 239, 208, 239, 208, 239, 207, 239, 205, 239, 85, 1, 87, 1, 87, 1, 86, 1, 86, 1, 86, 1, 86, 1, 87, 1, 87, 1, 87, 1, 88, 1, 86, 1, 87, 1, 85, 1, 84, 1, 86, 1, 86, 1, 88, 1, 88, 1, 88, 1, 88, 1, 86, 1, 84, 1, 87, 1, 88, 1, 27, 0, 248, 17, 181]
1762250428387;F5:15:8C:96:83:4F;[32, 33, 118, 37, 0, 110, 37, 0, 110, 37, 0, 98, 37, 0, 101, 37, 0, 110, 37, 0, 110, 37, 0, 112, 37, 0, 109, 37, 0, 107, 37, 0, 97, 37, 0, 108, 37, 0, 109, 37, 0, 104, 37, 0, 112, 37, 0, 102, 37, 0, 101, 37, 0, 96, 37, 0, 107, 37, 0, 106, 37, 0, 105, 37, 0, 104, 37, 0, 98, 37, 0, 102, 37, 0, 99, 37, 0, 60, 0, 59, 0, 59, 0, 58, 0, 59, 0, 59, 0, 60, 0, 60, 0, 60, 0, 59, 0, 59, 0, 60, 0, 62, 0, 60, 0, 58, 0, 58, 0, 57, 0, 58, 0, 58, 0, 58, 0, 57, 0, 57, 0, 59, 0, 58, 0, 58, 0, 205, 239, 206, 239, 204, 239, 203, 239, 204, 239, 207, 239, 206, 239, 206, 239, 206, 239, 209, 239, 209, 239, 207, 239, 206, 239, 208, 239, 207, 239, 207, 239, 207, 239, 209, 239, 208, 239, 207, 239, 208, 239, 206, 239, 206, 239, 205, 239, 205, 239, 88, 1, 88, 1, 88, 1, 87, 1, 85, 1, 84, 1, 84, 1, 87, 1, 90, 1, 89, 1, 87, 1, 86, 1, 86, 1, 87, 1, 88, 1, 88, 1, 86, 1, 86, 1, 86, 1, 86, 1, 86, 1, 84, 1, 85, 1, 84, 1, 85, 1, 26, 0, 248, 17, 182]
1762250428634;F5:15:8C:96:83:4F;[36, 33, 106, 37, 0, 107, 37, 0, 106, 37, 0, 94, 37, 0, 89, 37, 0, 95, 37, 0, 102, 37, 0, 106, 37, 0, 107, 37, 0, 99, 37, 0, 98, 37, 0, 101, 37, 0, 95, 37, 0, 103, 37, 0, 105, 37, 0, 96, 37, 0, 98, 37, 0, 91, 37, 0, 103, 37, 0, 96, 37, 0, 98, 37, 0, 98, 37, 0, 97, 37, 0, 95, 37, 0, 90, 37, 0, 58, 0, 56, 0, 56, 0, 57, 0, 57, 0, 57, 0, 57, 0, 57, 0, 56, 0, 57, 0, 58, 0, 58, 0, 58, 0, 59, 0, 58, 0, 58, 0, 58, 0, 58, 0, 59, 0, 58, 0, 58, 0, 58, 0, 60, 0, 61, 0, 61, 0, 206, 239, 206, 239, 206, 239, 208, 239, 209, 239, 210, 239, 209, 239, 210, 239, 210, 239, 211, 239, 208, 239, 206, 239, 209, 239, 210, 239, 209, 239, 210, 239, 209, 239, 210, 239, 207, 239, 205, 239, 205, 239, 206, 239, 207, 239, 205, 239, 207, 239, 85, 1, 87, 1, 87, 1, 87, 1, 85, 1, 84, 1, 86, 1, 87, 1, 89, 1, 90, 1, 88, 1, 84, 1, 84, 1, 85, 1, 87, 1, 87, 1, 85, 1, 83, 1, 83, 1, 86, 1, 86, 1, 84, 1, 85, 1, 85, 1, 83, 1, 26, 0, 26, 0, 0, 18, 248, 17, 183]
1762250428851;F5:15:8C:96:83:4F;[32, 33, 99, 37, 0, 99, 37, 0, 97, 37, 0, 101, 37, 0, 93, 37, 0, 95, 37, 0, 91, 37, 0, 94, 37, 0, 98, 37, 0, 97, 37, 0, 96, 37, 0, 88, 37, 0, 87, 37, 0, 93, 37, 0, 101, 37, 0, 95, 37, 0, 86, 37, 0, 94, 37, 0, 91, 37, 0, 94, 37, 0, 97, 37, 0, 100, 37, 0, 87, 37, 0, 87, 37, 0, 92, 37, 0, 60, 0, 60, 0, 60, 0, 59, 0, 58, 0, 59, 0, 60, 0, 61, 0, 60, 0, 59, 0, 59, 0, 59, 0, 58, 0, 60, 0, 58, 0, 59, 0, 58, 0, 58, 0, 58, 0, 57, 0, 56, 0, 54, 0, 55, 0, 57, 0, 59, 0, 208, 239, 207, 239, 206, 239, 209, 239, 210, 239, 208, 239, 207, 239, 210, 239, 210, 239, 209, 239, 208, 239, 209, 239, 210, 239, 209, 239, 208, 239, 209, 239, 210, 239, 210, 239, 209, 239, 209, 239, 211, 239, 213, 239, 211, 239, 210, 239, 208, 239, 84, 1, 84, 1, 89, 1, 88, 1, 87, 1, 85, 1, 85, 1, 85, 1, 87, 1, 88, 1, 87, 1, 88, 1, 85, 1, 88, 1, 87, 1, 89, 1, 89, 1, 88, 1, 90, 1, 91, 1, 89, 1, 89, 1, 87, 1, 84, 1, 83, 1, 26, 0, 248, 17, 184]
1762250429163;F5:15:8C:96:83:4F;[32, 33, 94, 37, 0, 99, 37, 0, 96, 37, 0, 96, 37, 0, 84, 37, 0, 87, 37, 0, 95, 37, 0, 92, 37, 0, 103, 37, 0, 92, 37, 0, 91, 37, 0, 82, 37, 0, 83, 37, 0, 88, 37, 0, 101, 37, 0, 102, 37, 0, 103, 37, 0, 94, 37, 0, 89, 37, 0, 80, 37, 0, 84, 37, 0, 100, 37, 0, 105, 37, 0, 93, 37, 0, 94, 37, 0, 61, 0, 61, 0, 59, 0, 59, 0, 57, 0, 58, 0, 59, 0, 58, 0, 58, 0, 57, 0, 55, 0, 55, 0, 55, 0, 57, 0, 57, 0, 58, 0, 60, 0, 56, 0, 54, 0, 54, 0, 54, 0, 57, 0, 58, 0, 58, 0, 60, 0, 208, 239, 206, 239, 206, 239, 207, 239, 207, 239, 206, 239, 205, 239, 206, 239, 206, 239, 206, 239, 204, 239, 203, 239, 204, 239, 204, 239, 204, 239, 206, 239, 209, 239, 208, 239, 207, 239, 207, 239, 208, 239, 207, 239, 208, 239, 210, 239, 211, 239, 83, 1, 86, 1, 86, 1, 87, 1, 86, 1, 87, 1, 84, 1, 84, 1, 87, 1, 88, 1, 87, 1, 85, 1, 83, 1, 83, 1, 84, 1, 88, 1, 90, 1, 91, 1, 88, 1, 84, 1, 80, 1, 82, 1, 86, 1, 87, 1, 88, 1, 26, 0, 0, 18, 185]
1762250429353;F5:15:8C:96:83:4F;[32, 33, 89, 37, 0, 91, 37, 0, 93, 37, 0, 104, 37, 0, 99, 37, 0, 93, 37, 0, 93, 37, 0, 94, 37, 0, 96, 37, 0, 98, 37, 0, 100, 37, 0, 93, 37, 0, 96, 37, 0, 92, 37, 0, 91, 37, 0, 95, 37, 0, 98, 37, 0, 99, 37, 0, 97, 37, 0, 93, 37, 0, 87, 37, 0, 98, 37, 0, 95, 37, 0, 99, 37, 0, 94, 37, 0, 60, 0, 59, 0, 61, 0, 61, 0, 62, 0, 61, 0, 61, 0, 60, 0, 63, 0, 62, 0, 63, 0, 63, 0, 62, 0, 61, 0, 58, 0, 58, 0, 57, 0, 57, 0, 60, 0, 61, 0, 61, 0, 62, 0, 61, 0, 59, 0, 58, 0, 208, 239, 207, 239, 208, 239, 209, 239, 209, 239, 209, 239, 211, 239, 209, 239, 206, 239, 205, 239, 206, 239, 208, 239, 207, 239, 207, 239, 206, 239, 205, 239, 207, 239, 208, 239, 208, 239, 209, 239, 209, 239, 207, 239, 205, 239, 204, 239, 207, 239, 85, 1, 84, 1, 85, 1, 85, 1, 88, 1, 89, 1, 87, 1, 86, 1, 86, 1, 88, 1, 89, 1, 89, 1, 88, 1, 87, 1, 86, 1, 85, 1, 87, 1, 87, 1, 89, 1, 87, 1, 86, 1, 85, 1, 85, 1, 85, 1, 85, 1, 26, 0, 0, 18, 186]
1762250429670;F5:15:8C:96:83:4F;[36, 33, 93, 37, 0, 95, 37, 0, 97, 37, 0, 97, 37, 0, 95, 37, 0, 94, 37, 0, 96, 37, 0, 95, 37, 0, 107, 37, 0, 101, 37, 0, 103, 37, 0, 101, 37, 0, 99, 37, 0, 88, 37, 0, 91, 37, 0, 103, 37, 0, 109, 37, 0, 104, 37, 0, 99, 37, 0, 92, 37, 0, 94, 37, 0, 93, 37, 0, 104, 37, 0, 107, 37, 0, 101, 37, 0, 56, 0, 60, 0, 59, 0, 61, 0, 61, 0, 59, 0, 59, 0, 60, 0, 61, 0, 61, 0, 63, 0, 61, 0, 59, 0, 59, 0, 57, 0, 56, 0, 58, 0, 61, 0, 60, 0, 62, 0, 60, 0, 57, 0, 58, 0, 60, 0, 62, 0, 210, 239, 210, 239, 209, 239, 209, 239, 209, 239, 209, 239, 207, 239, 207, 239, 206, 239, 205, 239, 207, 239, 208, 239, 208, 239, 205, 239, 208, 239, 209, 239, 209, 239, 208, 239, 208, 239, 210, 239, 209, 239, 206, 239, 206, 239, 209, 239, 208, 239, 84, 1, 84, 1, 84, 1, 85, 1, 85, 1, 85, 1, 86, 1, 86, 1, 85, 1, 89, 1, 89, 1, 88, 1, 87, 1, 83, 1, 83, 1, 83, 1, 86, 1, 87, 1, 89, 1, 86, 1, 84, 1, 83, 1, 86, 1, 87, 1, 88, 1, 26, 0, 26, 0, 248, 17, 248, 17, 187]
1762250429855;F5:15:8C:96:83:4F;[32, 33, 107, 37, 0, 90, 37, 0, 92, 37, 0, 98, 37, 0, 101, 37, 0, 97, 37, 0, 108, 37, 0, 100, 37, 0, 94, 37, 0, 98, 37, 0, 105, 37, 0, 110, 37, 0, 109, 37, 0, 97, 37, 0, 100, 37, 0, 111, 37, 0, 111, 37, 0, 109, 37, 0, 105, 37, 0, 99, 37, 0, 105, 37, 0, 104, 37, 0, 112, 37, 0, 105, 37, 0, 114, 37, 0, 62, 0, 63, 0, 61, 0, 61, 0, 58, 0, 57, 0, 57, 0, 59, 0, 58, 0, 56, 0, 56, 0, 57, 0, 57, 0, 57, 0, 58, 0, 60, 0, 60, 0, 61, 0, 62, 0, 59, 0, 58, 0, 57, 0, 58, 0, 58, 0, 60, 0, 208, 239, 207, 239, 207, 239, 206, 239, 207, 239, 206, 239, 205, 239, 205, 239, 206, 239, 206, 239, 206, 239, 206, 239, 206, 239, 207, 239, 208, 239, 209, 239, 208, 239, 208, 239, 208, 239, 205, 239, 205, 239, 206, 239, 208, 239, 208, 239, 208, 239, 88, 1, 87, 1, 86, 1, 86, 1, 87, 1, 86, 1, 86, 1, 86, 1, 87, 1, 86, 1, 85, 1, 84, 1, 85, 1, 86, 1, 86, 1, 86, 1, 84, 1, 87, 1, 87, 1, 85, 1, 82, 1, 79, 1, 81, 1, 81, 1, 84, 1, 26, 0, 248, 17, 188]
1762250430095;F5:15:8C:96:83:4F;[32, 33, 105, 37, 0, 114, 37, 0, 111, 37, 0, 104, 37, 0, 110, 37, 0, 112, 37, 0, 108, 37, 0, 114, 37, 0, 111, 37, 0, 115, 37, 0, 114, 37, 0, 115, 37, 0, 110, 37, 0, 115, 37, 0, 109, 37, 0, 115, 37, 0, 115, 37, 0, 119, 37, 0, 115, 37, 0, 114, 37, 0, 105, 37, 0, 112, 37, 0, 114, 37, 0, 118, 37, 0, 120, 37, 0, 62, 0, 61, 0, 60, 0, 60, 0, 58, 0, 59, 0, 192, 190, 60, 0, 61, 0, 62, 0, 59, 0, 57, 0, 57, 0, 58, 0, 58, 0, 58, 0, 58, 0, 59, 0, 58, 0, 59, 0, 57, 0, 58, 0, 59, 0, 60, 0, 61, 0, 208, 239, 209, 239, 207, 239, 207, 239, 206, 239, 205, 239, 235, 202, 203, 239, 205, 239, 207, 239, 210, 239, 210, 239, 209, 239, 209, 239, 208, 239, 207, 239, 207, 239, 207, 239, 206, 239, 206, 239, 207, 239, 207, 239, 209, 239, 208, 239, 206, 239, 84, 1, 86, 1, 86, 1, 84, 1, 84, 1, 85, 1, 3, 0, 89, 1, 88, 1, 86, 1, 85, 1, 84, 1, 83, 1, 82, 1, 84, 1, 83, 1, 85, 1, 87, 1, 87, 1, 87, 1, 85, 1, 83, 1, 81, 1, 82, 1, 86, 1, 26, 0, 0, 18, 189]
1762250430385;F5:15:8C:96:83:4F;[32, 33, 117, 37, 0, 112, 37, 0, 110, 37, 0, 108, 37, 0, 115, 37, 0, 123, 37, 0, 122, 37, 0, 121, 37, 0, 119, 37, 0, 126, 37, 0, 125, 37, 0, 113, 37, 0, 117, 37, 0, 115, 37, 0, 122, 37, 0, 120, 37, 0, 128, 37, 0, 124, 37, 0, 121, 37, 0, 114, 37, 0, 118, 37, 0, 121, 37, 0, 124, 37, 0, 131, 37, 0, 125, 37, 0, 61, 0, 57, 0, 56, 0, 58, 0, 59, 0, 59, 0, 59, 0, 60, 0, 62, 0, 60, 0, 55, 0, 55, 0, 53, 0, 53, 0, 57, 0, 58, 0, 57, 0, 56, 0, 56, 0, 55, 0, 54, 0, 57, 0, 56, 0, 59, 0, 60, 0, 207, 239, 205, 239, 207, 239, 209, 239, 210, 239, 209, 239, 209, 239, 209, 239, 208, 239, 210, 239, 208, 239, 208, 239, 207, 239, 208, 239, 207, 239, 207, 239, 207, 239, 206, 239, 207, 239, 206, 239, 207, 239, 208, 239, 209, 239, 207, 239, 206, 239, 85, 1, 84, 1, 83, 1, 84, 1, 82, 1, 83, 1, 84, 1, 85, 1, 87, 1, 87, 1, 85, 1, 85, 1, 83, 1, 81, 1, 83, 1, 82, 1, 84, 1, 84, 1, 85, 1, 85, 1, 85, 1, 83, 1, 86, 1, 88, 1, 87, 1, 26, 0, 248, 17, 190]
1762250430603;F5:15:8C:96:83:4F;[36, 33, 115, 37, 0, 117, 37, 0, 119, 37, 0, 122, 37, 0, 122, 37, 0, 121, 37, 0, 121, 37, 0, 123, 37, 0, 122, 37, 0, 123, 37, 0, 125, 37, 0, 123, 37, 0, 119, 37, 0, 122, 37, 0, 121, 37, 0, 122, 37, 0, 120, 37, 0, 122, 37, 0, 114, 37, 0, 122, 37, 0, 110, 37, 0, 117, 37, 0, 120, 37, 0, 129, 37, 0, 128, 37, 0, 59, 0, 58, 0, 57, 0, 57, 0, 59, 0, 61, 0, 61, 0, 61, 0, 60, 0, 58, 0, 58, 0, 56, 0, 55, 0, 55, 0, 58, 0, 60, 0, 61, 0, 60, 0, 59, 0, 57, 0, 56, 0, 57, 0, 58, 0, 58, 0, 60, 0, 207, 239, 207, 239, 206, 239, 202, 239, 203, 239, 205, 239, 205, 239, 204, 239, 208, 239, 206, 239, 206, 239, 207, 239, 208, 239, 208, 239, 206, 239, 205, 239, 206, 239, 207, 239, 207, 239, 205, 239, 207, 239, 208, 239, 211, 239, 209, 239, 207, 239, 88, 1, 86, 1, 85, 1, 84, 1, 85, 1, 84, 1, 83, 1, 83, 1, 84, 1, 85, 1, 86, 1, 87, 1, 87, 1, 88, 1, 87, 1, 86, 1, 84, 1, 85, 1, 85, 1, 85, 1, 84, 1, 82, 1, 84, 1, 85, 1, 87, 1, 26, 0, 26, 0, 248, 17, 0, 18, 191]
1762250430906;F5:15:8C:96:83:4F;[32, 33, 124, 37, 0, 119, 37, 0, 125, 37, 0, 120, 37, 0, 124, 37, 0, 126, 37, 0, 130, 37, 0, 121, 37, 0, 132, 37, 0, 123, 37, 0, 114, 37, 0, 119, 37, 0, 122, 37, 0, 125, 37, 0, 123, 37, 0, 131, 37, 0, 128, 37, 0, 124, 37, 0, 126, 37, 0, 126, 37, 0, 124, 37, 0, 125, 37, 0, 115, 37, 0, 117, 37, 0, 123, 37, 0, 62, 0, 60, 0, 59, 0, 59, 0, 57, 0, 56, 0, 56, 0, 57, 0, 55, 0, 56, 0, 57, 0, 56, 0, 56, 0, 56, 0, 56, 0, 55, 0, 56, 0, 54, 0, 55, 0, 57, 0, 54, 0, 55, 0, 58, 0, 58, 0, 57, 0, 209, 239, 210, 239, 208, 239, 209, 239, 211, 239, 212, 239, 210, 239, 209, 239, 210, 239, 208, 239, 206, 239, 207, 239, 207, 239, 207, 239, 207, 239, 206, 239, 209, 239, 208, 239, 208, 239, 208, 239, 208, 239, 207, 239, 207, 239, 205, 239, 206, 239, 87, 1, 89, 1, 88, 1, 89, 1, 87, 1, 87, 1, 88, 1, 87, 1, 86, 1, 86, 1, 84, 1, 83, 1, 85, 1, 85, 1, 85, 1, 86, 1, 85, 1, 84, 1, 84, 1, 85, 1, 85, 1, 86, 1, 85, 1, 85, 1, 86, 1, 26, 0, 248, 17, 192]
1762250431120;F5:15:8C:96:83:4F;[32, 33, 124, 37, 0, 119, 37, 0, 127, 37, 0, 123, 37, 0, 122, 37, 0, 128, 37, 0, 127, 37, 0, 129, 37, 0, 122, 37, 0, 122, 37, 0, 121, 37, 0, 126, 37, 0, 125, 37, 0, 130, 37, 0, 123, 37, 0, 118, 37, 0, 116, 37, 0, 122, 37, 0, 132, 37, 0, 133, 37, 0, 123, 37, 0, 122, 37, 0, 119, 37, 0, 124, 37, 0, 136, 37, 0, 58, 0, 60, 0, 60, 0, 59, 0, 60, 0, 58, 0, 56, 0, 56, 0, 57, 0, 59, 0, 59, 0, 59, 0, 61, 0, 60, 0, 60, 0, 57, 0, 56, 0, 56, 0, 54, 0, 56, 0, 56, 0, 57, 0, 58, 0, 57, 0, 57, 0, 204, 239, 205, 239, 207, 239, 208, 239, 208, 239, 209, 239, 208, 239, 211, 239, 210, 239, 208, 239, 207, 239, 208, 239, 207, 239, 207, 239, 207, 239, 207, 239, 208, 239, 208, 239, 210, 239, 207, 239, 206, 239, 208, 239, 210, 239, 212, 239, 210, 239, 86, 1, 88, 1, 88, 1, 88, 1, 88, 1, 88, 1, 87, 1, 86, 1, 86, 1, 85, 1, 84, 1, 85, 1, 84, 1, 84, 1, 85, 1, 84, 1, 82, 1, 83, 1, 87, 1, 88, 1, 87, 1, 86, 1, 84, 1, 85, 1, 86, 1, 26, 0, 248, 17, 193]
1762250431406;F5:15:8C:96:83:4F;[32, 33, 124, 37, 0, 127, 37, 0, 119, 37, 0, 118, 37, 0, 120, 37, 0, 123, 37, 0, 137, 37, 0, 125, 37, 0, 120, 37, 0, 119, 37, 0, 120, 37, 0, 124, 37, 0, 120, 37, 0, 124, 37, 0, 124, 37, 0, 121, 37, 0, 123, 37, 0, 130, 37, 0, 124, 37, 0, 130, 37, 0, 127, 37, 0, 118, 37, 0, 115, 37, 0, 122, 37, 0, 122, 37, 0, 59, 0, 60, 0, 59, 0, 59, 0, 57, 0, 56, 0, 55, 0, 54, 0, 56, 0, 56, 0, 58, 0, 58, 0, 56, 0, 56, 0, 55, 0, 56, 0, 57, 0, 59, 0, 59, 0, 61, 0, 58, 0, 56, 0, 56, 0, 55, 0, 58, 0, 208, 239, 205, 239, 208, 239, 209, 239, 210, 239, 210, 239, 209, 239, 209, 239, 209, 239, 206, 239, 208, 239, 207, 239, 209, 239, 210, 239, 210, 239, 212, 239, 211, 239, 211, 239, 210, 239, 210, 239, 208, 239, 205, 239, 203, 239, 203, 239, 205, 239, 87, 1, 87, 1, 86, 1, 85, 1, 82, 1, 83, 1, 87, 1, 87, 1, 86, 1, 87, 1, 85, 1, 85, 1, 85, 1, 86, 1, 85, 1, 84, 1, 84, 1, 85, 1, 87, 1, 88, 1, 88, 1, 87, 1, 87, 1, 87, 1, 84, 1, 27, 0, 248, 17, 194]
1762250431607;F5:15:8C:96:83:4F;[36, 33, 142, 37, 0, 131, 37, 0, 121, 37, 0, 124, 37, 0, 118, 37, 0, 123, 37, 0, 126, 37, 0, 126, 37, 0, 132, 37, 0, 130, 37, 0, 122, 37, 0, 126, 37, 0, 119, 37, 0, 127, 37, 0, 137, 37, 0, 131, 37, 0, 129, 37, 0, 119, 37, 0, 120, 37, 0, 119, 37, 0, 125, 37, 0, 124, 37, 0, 120, 37, 0, 128, 37, 0, 119, 37, 0, 61, 0, 61, 0, 59, 0, 58, 0, 57, 0, 58, 0, 59, 0, 59, 0, 62, 0, 62, 0, 61, 0, 58, 0, 58, 0, 58, 0, 60, 0, 61, 0, 62, 0, 62, 0, 59, 0, 55, 0, 55, 0, 54, 0, 57, 0, 60, 0, 60, 0, 206, 239, 206, 239, 208, 239, 208, 239, 207, 239, 207, 239, 206, 239, 207, 239, 206, 239, 206, 239, 207, 239, 209, 239, 208, 239, 209, 239, 210, 239, 210, 239, 211, 239, 208, 239, 207, 239, 205, 239, 204, 239, 203, 239, 206, 239, 208, 239, 206, 239, 85, 1, 90, 1, 89, 1, 88, 1, 86, 1, 85, 1, 85, 1, 88, 1, 89, 1, 90, 1, 90, 1, 85, 1, 84, 1, 85, 1, 85, 1, 88, 1, 90, 1, 88, 1, 87, 1, 86, 1, 86, 1, 86, 1, 85, 1, 85, 1, 84, 1, 26, 0, 26, 0, 248, 17, 248, 17, 195]
1762250431909;F5:15:8C:96:83:4F;[32, 33, 118, 37, 0, 119, 37, 0, 122, 37, 0, 123, 37, 0, 130, 37, 0, 121, 37, 0, 125, 37, 0, 127, 37, 0, 119, 37, 0, 123, 37, 0, 115, 37, 0, 121, 37, 0, 122, 37, 0, 124, 37, 0, 119, 37, 0, 122, 37, 0, 118, 37, 0, 112, 37, 0, 116, 37, 0, 121, 37, 0, 120, 37, 0, 122, 37, 0, 121, 37, 0, 117, 37, 0, 120, 37, 0, 60, 0, 59, 0, 56, 0, 56, 0, 56, 0, 57, 0, 57, 0, 59, 0, 60, 0, 56, 0, 56, 0, 55, 0, 57, 0, 60, 0, 62, 0, 62, 0, 62, 0, 58, 0, 58, 0, 58, 0, 59, 0, 62, 0, 64, 0, 64, 0, 63, 0, 204, 239, 205, 239, 205, 239, 205, 239, 206, 239, 207, 239, 209, 239, 206, 239, 207, 239, 207, 239, 208, 239, 208, 239, 208, 239, 207, 239, 206, 239, 206, 239, 204, 239, 204, 239, 204, 239, 203, 239, 203, 239, 203, 239, 203, 239, 204, 239, 205, 239, 86, 1, 85, 1, 84, 1, 83, 1, 83, 1, 84, 1, 83, 1, 83, 1, 84, 1, 85, 1, 84, 1, 85, 1, 84, 1, 84, 1, 83, 1, 86, 1, 87, 1, 85, 1, 85, 1, 86, 1, 85, 1, 85, 1, 86, 1, 87, 1, 87, 1, 26, 0, 0, 18, 196]
1762250432119;F5:15:8C:96:83:4F;[32, 33, 116, 37, 0, 121, 37, 0, 116, 37, 0, 117, 37, 0, 112, 37, 0, 110, 37, 0, 112, 37, 0, 117, 37, 0, 121, 37, 0, 118, 37, 0, 112, 37, 0, 112, 37, 0, 106, 37, 0, 105, 37, 0, 109, 37, 0, 113, 37, 0, 107, 37, 0, 110, 37, 0, 105, 37, 0, 104, 37, 0, 102, 37, 0, 106, 37, 0, 113, 37, 0, 114, 37, 0, 114, 37, 0, 62, 0, 60, 0, 59, 0, 58, 0, 57, 0, 58, 0, 58, 0, 58, 0, 59, 0, 58, 0, 59, 0, 59, 0, 57, 0, 57, 0, 59, 0, 62, 0, 61, 0, 60, 0, 58, 0, 57, 0, 58, 0, 56, 0, 57, 0, 58, 0, 56, 0, 206, 239, 208, 239, 211, 239, 211, 239, 210, 239, 209, 239, 210, 239, 208, 239, 207, 239, 208, 239, 208, 239, 208, 239, 206, 239, 205, 239, 205, 239, 206, 239, 209, 239, 210, 239, 209, 239, 211, 239, 206, 239, 207, 239, 208, 239, 207, 239, 207, 239, 86, 1, 83, 1, 84, 1, 85, 1, 87, 1, 87, 1, 86, 1, 88, 1, 87, 1, 87, 1, 87, 1, 87, 1, 86, 1, 85, 1, 83, 1, 83, 1, 85, 1, 87, 1, 85, 1, 85, 1, 85, 1, 85, 1, 86, 1, 86, 1, 87, 1, 26, 0, 248, 17, 197]
1762250432362;F5:15:8C:96:83:4F;[32, 33, 102, 37, 0, 108, 37, 0, 107, 37, 0, 108, 37, 0, 105, 37, 0, 106, 37, 0, 112, 37, 0, 108, 37, 0, 100, 37, 0, 102, 37, 0, 99, 37, 0, 102, 37, 0, 99, 37, 0, 104, 37, 0, 98, 37, 0, 107, 37, 0, 108, 37, 0, 103, 37, 0, 101, 37, 0, 97, 37, 0, 92, 37, 0, 102, 37, 0, 108, 37, 0, 100, 37, 0, 96, 37, 0, 58, 0, 58, 0, 56, 0, 55, 0, 57, 0, 57, 0, 59, 0, 59, 0, 58, 0, 56, 0, 57, 0, 58, 0, 57, 0, 61, 0, 61, 0, 59, 0, 58, 0, 59, 0, 60, 0, 60, 0, 60, 0, 61, 0, 62, 0, 60, 0, 59, 0, 209, 239, 209, 239, 207, 239, 206, 239, 207, 239, 207, 239, 209, 239, 209, 239, 209, 239, 211, 239, 212, 239, 211, 239, 210, 239, 209, 239, 207, 239, 207, 239, 206, 239, 208, 239, 208, 239, 208, 239, 208, 239, 209, 239, 207, 239, 205, 239, 207, 239, 86, 1, 85, 1, 86, 1, 85, 1, 86, 1, 86, 1, 86, 1, 89, 1, 90, 1, 87, 1, 88, 1, 87, 1, 87, 1, 86, 1, 85, 1, 86, 1, 85, 1, 87, 1, 88, 1, 89, 1, 88, 1, 86, 1, 88, 1, 89, 1, 86, 1, 26, 0, 248, 17, 198]
1762250432660;F5:15:8C:96:83:4F;[36, 33, 102, 37, 0, 104, 37, 0, 105, 37, 0, 97, 37, 0, 90, 37, 0, 91, 37, 0, 102, 37, 0, 99, 37, 0, 98, 37, 0, 95, 37, 0, 94, 37, 0, 91, 37, 0, 90, 37, 0, 94, 37, 0, 97, 37, 0, 95, 37, 0, 93, 37, 0, 92, 37, 0, 90, 37, 0, 92, 37, 0, 91, 37, 0, 99, 37, 0, 93, 37, 0, 85, 37, 0, 87, 37, 0, 60, 0, 59, 0, 59, 0, 58, 0, 58, 0, 62, 0, 63, 0, 62, 0, 61, 0, 59, 0, 57, 0, 58, 0, 58, 0, 59, 0, 59, 0, 59, 0, 59, 0, 57, 0, 58, 0, 58, 0, 57, 0, 57, 0, 59, 0, 58, 0, 59, 0, 208, 239, 210, 239, 207, 239, 209, 239, 208, 239, 207, 239, 205, 239, 201, 239, 205, 239, 209, 239, 208, 239, 207, 239, 211, 239, 210, 239, 208, 239, 207, 239, 205, 239, 206, 239, 204, 239, 203, 239, 205, 239, 207, 239, 206, 239, 208, 239, 208, 239, 84, 1, 84, 1, 86, 1, 84, 1, 84, 1, 83, 1, 86, 1, 86, 1, 87, 1, 87, 1, 87, 1, 86, 1, 82, 1, 82, 1, 83, 1, 85, 1, 86, 1, 86, 1, 84, 1, 85, 1, 84, 1, 85, 1, 86, 1, 87, 1, 88, 1, 26, 0, 26, 0, 0, 18, 248, 17, 199]
1762250432874;F5:15:8C:96:83:4F;[32, 33, 89, 37, 0, 89, 37, 0, 96, 37, 0, 94, 37, 0, 80, 37, 0, 79, 37, 0, 76, 37, 0, 90, 37, 0, 91, 37, 0, 94, 37, 0, 93, 37, 0, 76, 37, 0, 80, 37, 0, 81, 37, 0, 88, 37, 0, 89, 37, 0, 97, 37, 0, 88, 37, 0, 89, 37, 0, 82, 37, 0, 78, 37, 0, 78, 37, 0, 81, 37, 0, 89, 37, 0, 82, 37, 0, 58, 0, 58, 0, 60, 0, 59, 0, 58, 0, 57, 0, 57, 0, 57, 0, 60, 0, 60, 0, 60, 0, 60, 0, 60, 0, 59, 0, 59, 0, 60, 0, 61, 0, 62, 0, 63, 0, 63, 0, 62, 0, 60, 0, 58, 0, 57, 0, 56, 0, 208, 239, 209, 239, 208, 239, 207, 239, 206, 239, 208, 239, 208, 239, 208, 239, 209, 239, 210, 239, 210, 239, 210, 239, 209, 239, 206, 239, 205, 239, 206, 239, 207, 239, 209, 239, 210, 239, 208, 239, 209, 239, 210, 239, 209, 239, 209, 239, 211, 239, 86, 1, 83, 1, 86, 1, 87, 1, 88, 1, 85, 1, 83, 1, 81, 1, 82, 1, 84, 1, 86, 1, 86, 1, 85, 1, 84, 1, 84, 1, 84, 1, 89, 1, 90, 1, 88, 1, 86, 1, 84, 1, 83, 1, 83, 1, 84, 1, 84, 1, 26, 0, 248, 17, 200]
1762250433152;F5:15:8C:96:83:4F;[32, 33, 84, 37, 0, 84, 37, 0, 80, 37, 0, 86, 37, 0, 85, 37, 0, 76, 37, 0, 78, 37, 0, 87, 37, 0, 81, 37, 0, 86, 37, 0, 83, 37, 0, 82, 37, 0, 74, 37, 0, 80, 37, 0, 79, 37, 0, 87, 37, 0, 88, 37, 0, 81, 37, 0, 82, 37, 0, 73, 37, 0, 76, 37, 0, 83, 37, 0, 93, 37, 0, 92, 37, 0, 80, 37, 0, 59, 0, 61, 0, 60, 0, 60, 0, 58, 0, 57, 0, 57, 0, 56, 0, 56, 0, 58, 0, 59, 0, 57, 0, 57, 0, 58, 0, 58, 0, 59, 0, 59, 0, 60, 0, 59, 0, 58, 0, 58, 0, 58, 0, 58, 0, 58, 0, 59, 0, 210, 239, 212, 239, 211, 239, 209, 239, 210, 239, 212, 239, 211, 239, 211, 239, 213, 239, 212, 239, 211, 239, 209, 239, 208, 239, 207, 239, 205, 239, 205, 239, 208, 239, 209, 239, 210, 239, 209, 239, 208, 239, 208, 239, 209, 239, 209, 239, 207, 239, 85, 1, 86, 1, 87, 1, 87, 1, 89, 1, 88, 1, 87, 1, 87, 1, 86, 1, 84, 1, 85, 1, 81, 1, 80, 1, 81, 1, 84, 1, 85, 1, 86, 1, 88, 1, 89, 1, 88, 1, 85, 1, 86, 1, 86, 1, 88, 1, 89, 1, 26, 0, 248, 17, 201]
1762250433400;F5:15:8C:96:83:4F;[32, 33, 78, 37, 0, 75, 37, 0, 78, 37, 0, 86, 37, 0, 88, 37, 0, 85, 37, 0, 61, 37, 0, 61, 37, 0, 88, 37, 0, 94, 37, 0, 78, 37, 0, 74, 37, 0, 68, 37, 0, 72, 37, 0, 94, 37, 0, 93, 37, 0, 87, 37, 0, 83, 37, 0, 77, 37, 0, 76, 37, 0, 82, 37, 0, 68, 37, 0, 75, 37, 0, 85, 37, 0, 81, 37, 0, 59, 0, 58, 0, 59, 0, 59, 0, 67, 0, 58, 0, 52, 0, 60, 0, 57, 0, 60, 0, 64, 0, 59, 0, 55, 0, 57, 0, 54, 0, 52, 0, 57, 0, 59, 0, 57, 0, 56, 0, 53, 0, 53, 0, 55, 0, 59, 0, 62, 0, 206, 239, 207, 239, 205, 239, 215, 239, 198, 239, 198, 239, 216, 239, 213, 239, 201, 239, 205, 239, 217, 239, 213, 239, 204, 239, 203, 239, 210, 239, 211, 239, 204, 239, 211, 239, 210, 239, 204, 239, 202, 239, 205, 239, 210, 239, 205, 239, 206, 239, 89, 1, 84, 1, 84, 1, 81, 1, 92, 1, 91, 1, 82, 1, 84, 1, 84, 1, 84, 1, 86, 1, 87, 1, 82, 1, 80, 1, 84, 1, 86, 1, 87, 1, 87, 1, 87, 1, 87, 1, 86, 1, 83, 1, 80, 1, 82, 1, 84, 1, 26, 0, 248, 17, 202]
1762250433598;F5:15:8C:96:83:4F;[36, 33, 82, 37, 0, 78, 37, 0, 73, 37, 0, 66, 37, 0, 77, 37, 0, 87, 37, 0, 82, 37, 0, 83, 37, 0, 67, 37, 0, 73, 37, 0, 63, 37, 0, 72, 37, 0, 79, 37, 0, 79, 37, 0, 80, 37, 0, 73, 37, 0, 76, 37, 0, 82, 37, 0, 69, 37, 0, 75, 37, 0, 74, 37, 0, 84, 37, 0, 84, 37, 0, 83, 37, 0, 75, 37, 0, 60, 0, 58, 0, 55, 0, 55, 0, 58, 0, 60, 0, 60, 0, 59, 0, 58, 0, 58, 0, 57, 0, 59, 0, 58, 0, 59, 0, 57, 0, 58, 0, 56, 0, 55, 0, 55, 0, 57, 0, 61, 0, 62, 0, 62, 0, 61, 0, 58, 0, 210, 239, 209, 239, 203, 239, 206, 239, 210, 239, 210, 239, 207, 239, 210, 239, 211, 239, 205, 239, 202, 239, 204, 239, 208, 239, 207, 239, 207, 239, 210, 239, 209, 239, 205, 239, 206, 239, 207, 239, 209, 239, 207, 239, 209, 239, 210, 239, 212, 239, 84, 1, 85, 1, 85, 1, 83, 1, 80, 1, 83, 1, 86, 1, 88, 1, 86, 1, 85, 1, 82, 1, 81, 1, 82, 1, 81, 1, 84, 1, 83, 1, 84, 1, 84, 1, 84, 1, 83, 1, 84, 1, 86, 1, 86, 1, 87, 1, 85, 1, 26, 0, 26, 0, 248, 17, 248, 17, 203]
1762250433848;F5:15:8C:96:83:4F;[32, 33, 75, 37, 0, 78, 37, 0, 76, 37, 0, 79, 37, 0, 83, 37, 0, 82, 37, 0, 82, 37, 0, 75, 37, 0, 72, 37, 0, 69, 37, 0, 74, 37, 0, 85, 37, 0, 86, 37, 0, 90, 37, 0, 84, 37, 0, 80, 37, 0, 75, 37, 0, 82, 37, 0, 87, 37, 0, 83, 37, 0, 78, 37, 0, 78, 37, 0, 79, 37, 0, 86, 37, 0, 92, 37, 0, 56, 0, 56, 0, 55, 0, 58, 0, 63, 0, 62, 0, 61, 0, 56, 0, 54, 0, 56, 0, 56, 0, 57, 0, 59, 0, 61, 0, 62, 0, 60, 0, 56, 0, 54, 0, 55, 0, 56, 0, 60, 0, 63, 0, 65, 0, 62, 0, 59, 0, 209, 239, 206, 239, 207, 239, 208, 239, 206, 239, 208, 239, 209, 239, 208, 239, 206, 239, 206, 239, 203, 239, 205, 239, 207, 239, 207, 239, 208, 239, 209, 239, 209, 239, 207, 239, 206, 239, 206, 239, 208, 239, 204, 239, 202, 239, 207, 239, 208, 239, 85, 1, 87, 1, 85, 1, 84, 1, 84, 1, 84, 1, 84, 1, 83, 1, 83, 1, 82, 1, 83, 1, 84, 1, 86, 1, 87, 1, 86, 1, 83, 1, 84, 1, 84, 1, 85, 1, 86, 1, 86, 1, 86, 1, 86, 1, 85, 1, 85, 1, 26, 0, 248, 17, 204]
1762250434087;F5:15:8C:96:83:4F;[32, 33, 84, 37, 0, 78, 37, 0, 69, 37, 0, 81, 37, 0, 87, 37, 0, 90, 37, 0, 90, 37, 0, 90, 37, 0, 81, 37, 0, 81, 37, 0, 76, 37, 0, 90, 37, 0, 92, 37, 0, 88, 37, 0, 81, 37, 0, 78, 37, 0, 81, 37, 0, 82, 37, 0, 80, 37, 0, 88, 37, 0, 88, 37, 0, 93, 37, 0, 84, 37, 0, 92, 37, 0, 85, 37, 0, 56, 0, 53, 0, 55, 0, 58, 0, 62, 0, 64, 0, 63, 0, 60, 0, 60, 0, 56, 0, 55, 0, 58, 0, 60, 0, 61, 0, 60, 0, 60, 0, 57, 0, 56, 0, 56, 0, 56, 0, 59, 0, 62, 0, 62, 0, 61, 0, 59, 0, 206, 239, 202, 239, 204, 239, 207, 239, 208, 239, 209, 239, 212, 239, 209, 239, 206, 239, 203, 239, 203, 239, 205, 239, 208, 239, 206, 239, 210, 239, 210, 239, 208, 239, 205, 239, 206, 239, 207, 239, 207, 239, 210, 239, 211, 239, 211, 239, 212, 239, 86, 1, 86, 1, 83, 1, 81, 1, 82, 1, 86, 1, 86, 1, 87, 1, 86, 1, 86, 1, 84, 1, 84, 1, 84, 1, 86, 1, 85, 1, 85, 1, 83, 1, 81, 1, 82, 1, 84, 1, 86, 1, 87, 1, 89, 1, 87, 1, 86, 1, 26, 0, 248, 17, 205]
1762250434373;F5:15:8C:96:83:4F;[32, 33, 88, 37, 0, 82, 37, 0, 91, 37, 0, 87, 37, 0, 85, 37, 0, 89, 37, 0, 90, 37, 0, 91, 37, 0, 89, 37, 0, 89, 37, 0, 91, 37, 0, 93, 37, 0, 83, 37, 0, 97, 37, 0, 98, 37, 0, 104, 37, 0, 92, 37, 0, 93, 37, 0, 92, 37, 0, 91, 37, 0, 99, 37, 0, 98, 37, 0, 98, 37, 0, 92, 37, 0, 96, 37, 0, 59, 0, 59, 0, 60, 0, 60, 0, 60, 0, 61, 0, 60, 0, 60, 0, 59, 0, 59, 0, 59, 0, 60, 0, 60, 0, 62, 0, 62, 0, 61, 0, 61, 0, 60, 0, 59, 0, 58, 0, 58, 0, 59, 0, 58, 0, 58, 0, 59, 0, 211, 239, 213, 239, 209, 239, 210, 239, 208, 239, 209, 239, 210, 239, 210, 239, 209, 239, 208, 239, 209, 239, 211, 239, 211, 239, 209, 239, 211, 239, 210, 239, 206, 239, 205, 239, 206, 239, 208, 239, 208, 239, 207, 239, 208, 239, 211, 239, 209, 239, 88, 1, 87, 1, 85, 1, 86, 1, 85, 1, 84, 1, 84, 1, 84, 1, 84, 1, 83, 1, 83, 1, 83, 1, 85, 1, 86, 1, 86, 1, 86, 1, 85, 1, 85, 1, 85, 1, 85, 1, 86, 1, 84, 1, 83, 1, 82, 1, 82, 1, 26, 0, 248, 17, 206]
1762250434586;F5:15:8C:96:83:4F;[36, 33, 92, 37, 0, 96, 37, 0, 96, 37, 0, 90, 37, 0, 95, 37, 0, 96, 37, 0, 101, 37, 0, 101, 37, 0, 101, 37, 0, 94, 37, 0, 94, 37, 0, 92, 37, 0, 98, 37, 0, 100, 37, 0, 105, 37, 0, 110, 37, 0, 100, 37, 0, 96, 37, 0, 86, 37, 0, 93, 37, 0, 104, 37, 0, 110, 37, 0, 107, 37, 0, 104, 37, 0, 99, 37, 0, 59, 0, 59, 0, 57, 0, 57, 0, 58, 0, 59, 0, 59, 0, 62, 0, 61, 0, 59, 0, 57, 0, 58, 0, 58, 0, 59, 0, 60, 0, 61, 0, 61, 0, 60, 0, 58, 0, 55, 0, 54, 0, 56, 0, 60, 0, 61, 0, 63, 0, 208, 239, 206, 239, 207, 239, 207, 239, 206, 239, 211, 239, 215, 239, 212, 239, 207, 239, 207, 239, 206, 239, 204, 239, 203, 239, 205, 239, 209, 239, 210, 239, 209, 239, 208, 239, 209, 239, 207, 239, 206, 239, 207, 239, 210, 239, 210, 239, 210, 239, 85, 1, 85, 1, 86, 1, 84, 1, 83, 1, 81, 1, 80, 1, 84, 1, 87, 1, 86, 1, 85, 1, 84, 1, 85, 1, 85, 1, 85, 1, 88, 1, 88, 1, 86, 1, 85, 1, 85, 1, 85, 1, 86, 1, 87, 1, 86, 1, 84, 1, 26, 0, 26, 0, 0, 18, 248, 17, 207]
1762250434899;F5:15:8C:96:83:4F;[32, 33, 103, 37, 0, 119, 37, 0, 107, 37, 0, 105, 37, 0, 96, 37, 0, 94, 37, 0, 101, 37, 0, 106, 37, 0, 113, 37, 0, 107, 37, 0, 102, 37, 0, 94, 37, 0, 99, 37, 0, 114, 37, 0, 113, 37, 0, 109, 37, 0, 108, 37, 0, 101, 37, 0, 99, 37, 0, 104, 37, 0, 107, 37, 0, 110, 37, 0, 110, 37, 0, 104, 37, 0, 106, 37, 0, 61, 0, 61, 0, 58, 0, 56, 0, 55, 0, 59, 0, 58, 0, 60, 0, 61, 0, 60, 0, 57, 0, 57, 0, 56, 0, 56, 0, 57, 0, 60, 0, 60, 0, 60, 0, 58, 0, 54, 0, 56, 0, 54, 0, 56, 0, 59, 0, 59, 0, 211, 239, 211, 239, 211, 239, 209, 239, 205, 239, 206, 239, 206, 239, 206, 239, 206, 239, 205, 239, 206, 239, 205, 239, 206, 239, 206, 239, 208, 239, 208, 239, 209, 239, 211, 239, 211, 239, 211, 239, 211, 239, 210, 239, 211, 239, 211, 239, 211, 239, 82, 1, 82, 1, 83, 1, 85, 1, 85, 1, 83, 1, 82, 1, 84, 1, 86, 1, 88, 1, 86, 1, 85, 1, 82, 1, 82, 1, 84, 1, 87, 1, 89, 1, 86, 1, 85, 1, 85, 1, 85, 1, 86, 1, 86, 1, 86, 1, 84, 1, 26, 0, 248, 17, 208]
1762250435111;F5:15:8C:96:83:4F;[32, 33, 107, 37, 0, 109, 37, 0, 105, 37, 0, 107, 37, 0, 105, 37, 0, 106, 37, 0, 107, 37, 0, 110, 37, 0, 111, 37, 0, 108, 37, 0, 108, 37, 0, 107, 37, 0, 109, 37, 0, 107, 37, 0, 109, 37, 0, 124, 37, 0, 113, 37, 0, 111, 37, 0, 106, 37, 0, 100, 37, 0, 105, 37, 0, 108, 37, 0, 117, 37, 0, 110, 37, 0, 109, 37, 0, 58, 0, 57, 0, 57, 0, 55, 0, 57, 0, 58, 0, 59, 0, 62, 0, 63, 0, 62, 0, 61, 0, 58, 0, 55, 0, 56, 0, 59, 0, 60, 0, 61, 0, 62, 0, 61, 0, 61, 0, 58, 0, 56, 0, 57, 0, 57, 0, 57, 0, 209, 239, 207, 239, 206, 239, 205, 239, 205, 239, 207, 239, 209, 239, 207, 239, 209, 239, 211, 239, 210, 239, 207, 239, 208, 239, 208, 239, 208, 239, 208, 239, 212, 239, 212, 239, 212, 239, 209, 239, 207, 239, 204, 239, 206, 239, 205, 239, 206, 239, 84, 1, 84, 1, 85, 1, 86, 1, 86, 1, 86, 1, 85, 1, 87, 1, 89, 1, 89, 1, 90, 1, 86, 1, 82, 1, 81, 1, 83, 1, 85, 1, 88, 1, 86, 1, 87, 1, 85, 1, 86, 1, 85, 1, 87, 1, 87, 1, 88, 1, 26, 0, 248, 17, 209]
1762250435400;F5:15:8C:96:83:4F;[32, 33, 106, 37, 0, 106, 37, 0, 115, 37, 0, 111, 37, 0, 109, 37, 0, 107, 37, 0, 104, 37, 0, 106, 37, 0, 112, 37, 0, 112, 37, 0, 115, 37, 0, 111, 37, 0, 103, 37, 0, 103, 37, 0, 109, 37, 0, 115, 37, 0, 115, 37, 0, 115, 37, 0, 119, 37, 0, 106, 37, 0, 112, 37, 0, 111, 37, 0, 108, 37, 0, 106, 37, 0, 113, 37, 0, 57, 0, 58, 0, 59, 0, 57, 0, 55, 0, 55, 0, 57, 0, 59, 0, 59, 0, 61, 0, 61, 0, 61, 0, 58, 0, 57, 0, 55, 0, 56, 0, 57, 0, 60, 0, 61, 0, 62, 0, 62, 0, 61, 0, 57, 0, 56, 0, 57, 0, 209, 239, 208, 239, 205, 239, 205, 239, 205, 239, 205, 239, 202, 239, 204, 239, 206, 239, 208, 239, 208, 239, 208, 239, 208, 239, 207, 239, 207, 239, 204, 239, 205, 239, 208, 239, 211, 239, 213, 239, 213, 239, 212, 239, 210, 239, 207, 239, 207, 239, 87, 1, 86, 1, 85, 1, 85, 1, 85, 1, 84, 1, 83, 1, 84, 1, 84, 1, 85, 1, 86, 1, 84, 1, 82, 1, 82, 1, 83, 1, 86, 1, 86, 1, 87, 1, 87, 1, 87, 1, 90, 1, 88, 1, 88, 1, 86, 1, 85, 1, 26, 0, 0, 18, 210]
1762250435612;F5:15:8C:96:83:4F;[36, 33, 104, 37, 0, 116, 37, 0, 109, 37, 0, 113, 37, 0, 113, 37, 0, 106, 37, 0, 106, 37, 0, 112, 37, 0, 112, 37, 0, 112, 37, 0, 110, 37, 0, 109, 37, 0, 105, 37, 0, 112, 37, 0, 111, 37, 0, 107, 37, 0, 110, 37, 0, 101, 37, 0, 107, 37, 0, 111, 37, 0, 111, 37, 0, 118, 37, 0, 111, 37, 0, 102, 37, 0, 108, 37, 0, 59, 0, 60, 0, 60, 0, 61, 0, 60, 0, 59, 0, 58, 0, 59, 0, 58, 0, 59, 0, 61, 0, 62, 0, 61, 0, 60, 0, 58, 0, 56, 0, 55, 0, 56, 0, 57, 0, 58, 0, 58, 0, 58, 0, 57, 0, 57, 0, 57, 0, 206, 239, 206, 239, 209, 239, 211, 239, 209, 239, 208, 239, 207, 239, 206, 239, 206, 239, 208, 239, 208, 239, 210, 239, 212, 239, 212, 239, 209, 239, 208, 239, 207, 239, 205, 239, 203, 239, 205, 239, 208, 239, 210, 239, 210, 239, 209, 239, 209, 239, 86, 1, 86, 1, 87, 1, 87, 1, 87, 1, 86, 1, 84, 1, 84, 1, 85, 1, 86, 1, 85, 1, 85, 1, 84, 1, 84, 1, 85, 1, 84, 1, 85, 1, 85, 1, 85, 1, 83, 1, 84, 1, 87, 1, 87, 1, 85, 1, 85, 1, 26, 0, 27, 0, 0, 18, 0, 18, 211]
1762250435899;F5:15:8C:96:83:4F;[32, 33, 104, 37, 0, 114, 37, 0, 116, 37, 0, 106, 37, 0, 106, 37, 0, 107, 37, 0, 113, 37, 0, 115, 37, 0, 109, 37, 0, 114, 37, 0, 108, 37, 0, 104, 37, 0, 102, 37, 0, 118, 37, 0, 123, 37, 0, 121, 37, 0, 109, 37, 0, 106, 37, 0, 106, 37, 0, 100, 37, 0, 114, 37, 0, 120, 37, 0, 108, 37, 0, 97, 37, 0, 105, 37, 0, 59, 0, 60, 0, 60, 0, 60, 0, 61, 0, 61, 0, 62, 0, 60, 0, 57, 0, 56, 0, 56, 0, 57, 0, 58, 0, 59, 0, 59, 0, 58, 0, 57, 0, 57, 0, 54, 0, 55, 0, 55, 0, 56, 0, 57, 0, 59, 0, 58, 0, 209, 239, 207, 239, 209, 239, 210, 239, 212, 239, 210, 239, 208, 239, 210, 239, 209, 239, 208, 239, 205, 239, 205, 239, 207, 239, 208, 239, 207, 239, 207, 239, 206, 239, 205, 239, 204, 239, 204, 239, 204, 239, 207, 239, 206, 239, 208, 239, 209, 239, 84, 1, 86, 1, 87, 1, 87, 1, 85, 1, 81, 1, 82, 1, 81, 1, 82, 1, 81, 1, 84, 1, 83, 1, 83, 1, 85, 1, 90, 1, 92, 1, 93, 1, 89, 1, 86, 1, 84, 1, 84, 1, 86, 1, 89, 1, 86, 1, 83, 1, 26, 0, 248, 17, 212]
1762250436111;F5:15:8C:96:83:4F;[32, 33, 114, 37, 0, 121, 37, 0, 113, 37, 0, 118, 37, 0, 106, 37, 0, 105, 37, 0, 111, 37, 0, 119, 37, 0, 116, 37, 0, 112, 37, 0, 109, 37, 0, 102, 37, 0, 105, 37, 0, 106, 37, 0, 110, 37, 0, 111, 37, 0, 108, 37, 0, 108, 37, 0, 105, 37, 0, 114, 37, 0, 122, 37, 0, 110, 37, 0, 113, 37, 0, 106, 37, 0, 106, 37, 0, 58, 0, 57, 0, 57, 0, 57, 0, 58, 0, 60, 0, 61, 0, 61, 0, 59, 0, 58, 0, 58, 0, 59, 0, 59, 0, 60, 0, 61, 0, 59, 0, 61, 0, 60, 0, 60, 0, 60, 0, 59, 0, 59, 0, 56, 0, 58, 0, 59, 0, 207, 239, 206, 239, 206, 239, 207, 239, 207, 239, 205, 239, 208, 239, 208, 239, 207, 239, 209, 239, 210, 239, 209, 239, 207, 239, 205, 239, 207, 239, 207, 239, 210, 239, 210, 239, 209, 239, 207, 239, 206, 239, 203, 239, 203, 239, 204, 239, 208, 239, 83, 1, 85, 1, 87, 1, 88, 1, 88, 1, 86, 1, 86, 1, 84, 1, 85, 1, 87, 1, 85, 1, 83, 1, 84, 1, 85, 1, 86, 1, 88, 1, 86, 1, 86, 1, 85, 1, 86, 1, 86, 1, 84, 1, 84, 1, 83, 1, 83, 1, 26, 0, 248, 17, 213]
1762250436402;F5:15:8C:96:83:4F;[32, 33, 110, 37, 0, 106, 37, 0, 115, 37, 0, 107, 37, 0, 112, 37, 0, 105, 37, 0, 107, 37, 0, 112, 37, 0, 111, 37, 0, 105, 37, 0, 106, 37, 0, 107, 37, 0, 103, 37, 0, 100, 37, 0, 109, 37, 0, 106, 37, 0, 117, 37, 0, 105, 37, 0, 101, 37, 0, 104, 37, 0, 105, 37, 0, 102, 37, 0, 104, 37, 0, 100, 37, 0, 104, 37, 0, 59, 0, 59, 0, 58, 0, 58, 0, 59, 0, 59, 0, 58, 0, 61, 0, 64, 0, 65, 0, 64, 0, 62, 0, 59, 0, 57, 0, 58, 0, 59, 0, 60, 0, 59, 0, 59, 0, 60, 0, 60, 0, 59, 0, 57, 0, 57, 0, 59, 0, 208, 239, 208, 239, 209, 239, 210, 239, 208, 239, 207, 239, 206, 239, 207, 239, 206, 239, 209, 239, 211, 239, 210, 239, 210, 239, 208, 239, 208, 239, 207, 239, 206, 239, 206, 239, 207, 239, 206, 239, 208, 239, 206, 239, 208, 239, 208, 239, 208, 239, 83, 1, 83, 1, 83, 1, 84, 1, 83, 1, 85, 1, 85, 1, 85, 1, 88, 1, 90, 1, 89, 1, 87, 1, 87, 1, 86, 1, 84, 1, 85, 1, 85, 1, 85, 1, 84, 1, 83, 1, 83, 1, 84, 1, 85, 1, 86, 1, 87, 1, 26, 0, 0, 18, 214]
1762250436591;F5:15:8C:96:83:4F;[36, 33, 97, 37, 0, 95, 37, 0, 96, 37, 0, 109, 37, 0, 98, 37, 0, 101, 37, 0, 98, 37, 0, 101, 37, 0, 97, 37, 0, 97, 37, 0, 107, 37, 0, 101, 37, 0, 103, 37, 0, 100, 37, 0, 98, 37, 0, 96, 37, 0, 95, 37, 0, 98, 37, 0, 97, 37, 0, 94, 37, 0, 90, 37, 0, 91, 37, 0, 99, 37, 0, 95, 37, 0, 93, 37, 0, 59, 0, 60, 0, 60, 0, 60, 0, 60, 0, 59, 0, 58, 0, 58, 0, 58, 0, 60, 0, 61, 0, 60, 0, 60, 0, 57, 0, 58, 0, 60, 0, 59, 0, 60, 0, 61, 0, 63, 0, 63, 0, 60, 0, 60, 0, 57, 0, 56, 0, 209, 239, 209, 239, 209, 239, 208, 239, 209, 239, 210, 239, 209, 239, 208, 239, 209, 239, 210, 239, 209, 239, 211, 239, 211, 239, 211, 239, 210, 239, 209, 239, 207, 239, 206, 239, 208, 239, 209, 239, 209, 239, 210, 239, 211, 239, 209, 239, 207, 239, 87, 1, 85, 1, 85, 1, 85, 1, 83, 1, 85, 1, 85, 1, 86, 1, 87, 1, 85, 1, 86, 1, 87, 1, 86, 1, 86, 1, 88, 1, 87, 1, 85, 1, 86, 1, 86, 1, 86, 1, 84, 1, 86, 1, 84, 1, 85, 1, 86, 1, 26, 0, 26, 0, 248, 17, 240, 17, 215]
1762250436883;F5:15:8C:96:83:4F;[32, 33, 92, 37, 0, 98, 37, 0, 97, 37, 0, 98, 37, 0, 99, 37, 0, 96, 37, 0, 102, 37, 0, 89, 37, 0, 91, 37, 0, 90, 37, 0, 88, 37, 0, 91, 37, 0, 93, 37, 0, 97, 37, 0, 93, 37, 0, 89, 37, 0, 83, 37, 0, 93, 37, 0, 93, 37, 0, 96, 37, 0, 91, 37, 0, 95, 37, 0, 91, 37, 0, 87, 37, 0, 90, 37, 0, 57, 0, 57, 0, 57, 0, 58, 0, 59, 0, 59, 0, 60, 0, 59, 0, 59, 0, 57, 0, 57, 0, 56, 0, 58, 0, 60, 0, 59, 0, 58, 0, 55, 0, 54, 0, 54, 0, 55, 0, 59, 0, 60, 0, 59, 0, 58, 0, 58, 0, 205, 239, 207, 239, 208, 239, 208, 239, 210, 239, 210, 239, 209, 239, 206, 239, 204, 239, 206, 239, 205, 239, 205, 239, 208, 239, 211, 239, 211, 239, 209, 239, 210, 239, 207, 239, 206, 239, 207, 239, 207, 239, 210, 239, 212, 239, 211, 239, 209, 239, 86, 1, 86, 1, 86, 1, 87, 1, 86, 1, 86, 1, 86, 1, 85, 1, 83, 1, 82, 1, 82, 1, 82, 1, 84, 1, 85, 1, 86, 1, 87, 1, 85, 1, 85, 1, 86, 1, 85, 1, 86, 1, 87, 1, 87, 1, 85, 1, 84, 1, 26, 0, 248, 17, 216]
1762250437109;F5:15:8C:96:83:4F;[32, 33, 86, 37, 0, 89, 37, 0, 96, 37, 0, 84, 37, 0, 87, 37, 0, 88, 37, 0, 90, 37, 0, 89, 37, 0, 79, 37, 0, 83, 37, 0, 89, 37, 0, 83, 37, 0, 86, 37, 0, 86, 37, 0, 84, 37, 0, 86, 37, 0, 84, 37, 0, 79, 37, 0, 89, 37, 0, 83, 37, 0, 82, 37, 0, 74, 37, 0, 79, 37, 0, 76, 37, 0, 79, 37, 0, 56, 0, 55, 0, 56, 0, 55, 0, 58, 0, 60, 0, 60, 0, 59, 0, 58, 0, 56, 0, 55, 0, 57, 0, 60, 0, 61, 0, 62, 0, 61, 0, 59, 0, 60, 0, 59, 0, 60, 0, 59, 0, 61, 0, 61, 0, 60, 0, 59, 0, 207, 239, 206, 239, 206, 239, 205, 239, 207, 239, 208, 239, 209, 239, 211, 239, 210, 239, 209, 239, 208, 239, 208, 239, 206, 239, 206, 239, 208, 239, 209, 239, 210, 239, 208, 239, 208, 239, 207, 239, 206, 239, 207, 239, 209, 239, 206, 239, 207, 239, 85, 1, 86, 1, 85, 1, 85, 1, 84, 1, 86, 1, 85, 1, 86, 1, 85, 1, 85, 1, 85, 1, 85, 1, 86, 1, 84, 1, 82, 1, 81, 1, 81, 1, 83, 1, 86, 1, 86, 1, 87, 1, 87, 1, 84, 1, 85, 1, 85, 1, 26, 0, 248, 17, 217]
1762250437400;F5:15:8C:96:83:4F;[32, 33, 82, 37, 0, 77, 37, 0, 81, 37, 0, 67, 37, 0, 71, 37, 0, 83, 37, 0, 86, 37, 0, 83, 37, 0, 81, 37, 0, 76, 37, 0, 72, 37, 0, 72, 37, 0, 82, 37, 0, 75, 37, 0, 75, 37, 0, 74, 37, 0, 75, 37, 0, 78, 37, 0, 81, 37, 0, 76, 37, 0, 72, 37, 0, 75, 37, 0, 67, 37, 0, 75, 37, 0, 80, 37, 0, 59, 0, 59, 0, 57, 0, 57, 0, 56, 0, 57, 0, 60, 0, 58, 0, 60, 0, 59, 0, 59, 0, 59, 0, 58, 0, 56, 0, 57, 0, 60, 0, 60, 0, 59, 0, 57, 0, 57, 0, 56, 0, 58, 0, 57, 0, 60, 0, 61, 0, 209, 239, 210, 239, 208, 239, 205, 239, 206, 239, 204, 239, 206, 239, 209, 239, 211, 239, 211, 239, 209, 239, 205, 239, 206, 239, 214, 239, 209, 239, 206, 239, 211, 239, 212, 239, 209, 239, 208, 239, 207, 239, 208, 239, 205, 239, 205, 239, 207, 239, 85, 1, 84, 1, 84, 1, 82, 1, 82, 1, 82, 1, 85, 1, 87, 1, 88, 1, 89, 1, 88, 1, 87, 1, 85, 1, 85, 1, 87, 1, 86, 1, 82, 1, 81, 1, 79, 1, 80, 1, 82, 1, 83, 1, 83, 1, 84, 1, 85, 1, 26, 0, 248, 17, 218]
1762250437590;F5:15:8C:96:83:4F;[36, 33, 81, 37, 0, 76, 37, 0, 65, 37, 0, 68, 37, 0, 66, 37, 0, 78, 37, 0, 73, 37, 0, 77, 37, 0, 70, 37, 0, 65, 37, 0, 69, 37, 0, 72, 37, 0, 77, 37, 0, 78, 37, 0, 69, 37, 0, 59, 37, 0, 59, 37, 0, 61, 37, 0, 79, 37, 0, 73, 37, 0, 71, 37, 0, 63, 37, 0, 60, 37, 0, 64, 37, 0, 73, 37, 0, 61, 0, 58, 0, 57, 0, 56, 0, 56, 0, 56, 0, 56, 0, 58, 0, 60, 0, 60, 0, 60, 0, 59, 0, 58, 0, 58, 0, 59, 0, 58, 0, 57, 0, 59, 0, 61, 0, 63, 0, 63, 0, 61, 0, 60, 0, 58, 0, 60, 0, 205, 239, 206, 239, 207, 239, 205, 239, 204, 239, 205, 239, 208, 239, 209, 239, 209, 239, 208, 239, 208, 239, 208, 239, 209, 239, 209, 239, 208, 239, 207, 239, 207, 239, 209, 239, 211, 239, 213, 239, 214, 239, 211, 239, 208, 239, 206, 239, 205, 239, 87, 1, 87, 1, 86, 1, 87, 1, 84, 1, 83, 1, 84, 1, 84, 1, 84, 1, 84, 1, 83, 1, 83, 1, 83, 1, 87, 1, 87, 1, 86, 1, 82, 1, 81, 1, 81, 1, 84, 1, 86, 1, 84, 1, 81, 1, 78, 1, 80, 1, 26, 0, 26, 0, 0, 18, 248, 17, 219]
1762250437899;F5:15:8C:96:83:4F;[32, 33, 78, 37, 0, 77, 37, 0, 70, 37, 0, 57, 37, 0, 64, 37, 0, 69, 37, 0, 70, 37, 0, 75, 37, 0, 67, 37, 0, 65, 37, 0, 63, 37, 0, 63, 37, 0, 67, 37, 0, 69, 37, 0, 73, 37, 0, 77, 37, 0, 61, 37, 0, 70, 37, 0, 71, 37, 0, 63, 37, 0, 73, 37, 0, 65, 37, 0, 71, 37, 0, 69, 37, 0, 70, 37, 0, 60, 0, 63, 0, 62, 0, 61, 0, 60, 0, 58, 0, 58, 0, 58, 0, 59, 0, 62, 0, 62, 0, 61, 0, 61, 0, 61, 0, 59, 0, 58, 0, 58, 0, 57, 0, 57, 0, 58, 0, 57, 0, 59, 0, 58, 0, 55, 0, 57, 0, 205, 239, 205, 239, 206, 239, 210, 239, 209, 239, 207, 239, 208, 239, 207, 239, 209, 239, 206, 239, 206, 239, 206, 239, 208, 239, 209, 239, 209, 239, 206, 239, 209, 239, 208, 239, 208, 239, 209, 239, 210, 239, 210, 239, 210, 239, 208, 239, 207, 239, 84, 1, 85, 1, 86, 1, 83, 1, 80, 1, 81, 1, 83, 1, 84, 1, 85, 1, 86, 1, 84, 1, 85, 1, 85, 1, 84, 1, 84, 1, 84, 1, 83, 1, 83, 1, 83, 1, 83, 1, 85, 1, 85, 1, 84, 1, 84, 1, 84, 1, 26, 0, 0, 18, 220]
1762250438079;F5:15:8C:96:83:4F;[32, 33, 67, 37, 0, 64, 37, 0, 63, 37, 0, 59, 37, 0, 65, 37, 0, 70, 37, 0, 76, 37, 0, 73, 37, 0, 67, 37, 0, 67, 37, 0, 63, 37, 0, 69, 37, 0, 69, 37, 0, 71, 37, 0, 60, 37, 0, 66, 37, 0, 64, 37, 0, 67, 37, 0, 67, 37, 0, 66, 37, 0, 64, 37, 0, 75, 37, 0, 73, 37, 0, 82, 37, 0, 75, 37, 0, 58, 0, 56, 0, 56, 0, 56, 0, 55, 0, 55, 0, 56, 0, 56, 0, 56, 0, 55, 0, 56, 0, 55, 0, 55, 0, 57, 0, 57, 0, 61, 0, 60, 0, 59, 0, 57, 0, 57, 0, 58, 0, 57, 0, 58, 0, 58, 0, 59, 0, 208, 239, 205, 239, 205, 239, 208, 239, 207, 239, 207, 239, 207, 239, 206, 239, 207, 239, 205, 239, 206, 239, 208, 239, 208, 239, 209, 239, 208, 239, 207, 239, 206, 239, 206, 239, 207, 239, 206, 239, 205, 239, 206, 239, 207, 239, 208, 239, 210, 239, 86, 1, 86, 1, 84, 1, 83, 1, 84, 1, 85, 1, 87, 1, 87, 1, 87, 1, 87, 1, 86, 1, 85, 1, 84, 1, 84, 1, 84, 1, 81, 1, 83, 1, 83, 1, 85, 1, 84, 1, 84, 1, 86, 1, 87, 1, 87, 1, 88, 1, 26, 0, 248, 17, 221]
1762250438365;F5:15:8C:96:83:4F;[32, 33, 61, 37, 0, 64, 37, 0, 62, 37, 0, 70, 37, 0, 76, 37, 0, 77, 37, 0, 72, 37, 0, 67, 37, 0, 68, 37, 0, 75, 37, 0, 77, 37, 0, 78, 37, 0, 76, 37, 0, 72, 37, 0, 67, 37, 0, 71, 37, 0, 75, 37, 0, 74, 37, 0, 69, 37, 0, 66, 37, 0, 73, 37, 0, 73, 37, 0, 80, 37, 0, 81, 37, 0, 75, 37, 0, 57, 0, 57, 0, 56, 0, 55, 0, 55, 0, 56, 0, 57, 0, 57, 0, 57, 0, 59, 0, 59, 0, 57, 0, 57, 0, 59, 0, 59, 0, 59, 0, 60, 0, 60, 0, 60, 0, 59, 0, 60, 0, 59, 0, 59, 0, 59, 0, 60, 0, 211, 239, 208, 239, 208, 239, 206, 239, 208, 239, 208, 239, 210, 239, 212, 239, 210, 239, 210, 239, 207, 239, 209, 239, 208, 239, 206, 239, 206, 239, 207, 239, 208, 239, 208, 239, 208, 239, 209, 239, 208, 239, 205, 239, 204, 239, 207, 239, 207, 239, 87, 1, 83, 1, 82, 1, 83, 1, 82, 1, 82, 1, 81, 1, 79, 1, 77, 1, 77, 1, 81, 1, 86, 1, 88, 1, 87, 1, 85, 1, 84, 1, 85, 1, 86, 1, 85, 1, 83, 1, 79, 1, 79, 1, 80, 1, 82, 1, 84, 1, 27, 0, 248, 17, 222]
1762250438606;F5:15:8C:96:83:4F;[36, 33, 69, 37, 0, 74, 37, 0, 73, 37, 0, 78, 37, 0, 77, 37, 0, 73, 37, 0, 71, 37, 0, 75, 37, 0, 70, 37, 0, 76, 37, 0, 80, 37, 0, 75, 37, 0, 77, 37, 0, 68, 37, 0, 70, 37, 0, 78, 37, 0, 85, 37, 0, 77, 37, 0, 79, 37, 0, 72, 37, 0, 74, 37, 0, 75, 37, 0, 76, 37, 0, 84, 37, 0, 83, 37, 0, 61, 0, 62, 0, 60, 0, 57, 0, 56, 0, 58, 0, 58, 0, 59, 0, 62, 0, 61, 0, 61, 0, 60, 0, 60, 0, 60, 0, 59, 0, 59, 0, 61, 0, 61, 0, 60, 0, 60, 0, 60, 0, 59, 0, 59, 0, 60, 0, 60, 0, 206, 239, 208, 239, 208, 239, 207, 239, 206, 239, 205, 239, 206, 239, 206, 239, 205, 239, 205, 239, 208, 239, 209, 239, 208, 239, 207, 239, 206, 239, 206, 239, 206, 239, 207, 239, 209, 239, 210, 239, 210, 239, 206, 239, 205, 239, 206, 239, 209, 239, 84, 1, 85, 1, 85, 1, 86, 1, 86, 1, 86, 1, 84, 1, 83, 1, 84, 1, 83, 1, 81, 1, 83, 1, 84, 1, 83, 1, 82, 1, 83, 1, 84, 1, 86, 1, 87, 1, 85, 1, 83, 1, 82, 1, 82, 1, 83, 1, 83, 1, 26, 0, 26, 0, 248, 17, 248, 17, 223]
1762250438854;F5:15:8C:96:83:4F;[32, 33, 74, 37, 0, 74, 37, 0, 81, 37, 0, 77, 37, 0, 87, 37, 0, 80, 37, 0, 87, 37, 0, 84, 37, 0, 81, 37, 0, 77, 37, 0, 84, 37, 0, 88, 37, 0, 77, 37, 0, 78, 37, 0, 85, 37, 0, 88, 37, 0, 83, 37, 0, 88, 37, 0, 82, 37, 0, 80, 37, 0, 88, 37, 0, 86, 37, 0, 92, 37, 0, 90, 37, 0, 84, 37, 0, 61, 0, 60, 0, 59, 0, 60, 0, 60, 0, 59, 0, 59, 0, 60, 0, 60, 0, 59, 0, 59, 0, 59, 0, 59, 0, 59, 0, 59, 0, 60, 0, 61, 0, 61, 0, 58, 0, 59, 0, 61, 0, 61, 0, 60, 0, 61, 0, 59, 0, 207, 239, 207, 239, 207, 239, 206, 239, 206, 239, 208, 239, 209, 239, 207, 239, 207, 239, 208, 239, 211, 239, 210, 239, 209, 239, 210, 239, 210, 239, 207, 239, 206, 239, 205, 239, 204, 239, 205, 239, 203, 239, 204, 239, 206, 239, 210, 239, 206, 239, 83, 1, 82, 1, 81, 1, 81, 1, 82, 1, 84, 1, 83, 1, 85, 1, 86, 1, 85, 1, 87, 1, 85, 1, 83, 1, 80, 1, 81, 1, 81, 1, 84, 1, 86, 1, 82, 1, 81, 1, 82, 1, 82, 1, 84, 1, 86, 1, 85, 1, 26, 0, 248, 17, 224]
1762250439114;F5:15:8C:96:83:4F;[32, 33, 78, 37, 0, 79, 37, 0, 95, 37, 0, 98, 37, 0, 94, 37, 0, 90, 37, 0, 86, 37, 0, 79, 37, 0, 95, 37, 0, 98, 37, 0, 93, 37, 0, 93, 37, 0, 99, 37, 0, 91, 37, 0, 84, 37, 0, 91, 37, 0, 92, 37, 0, 95, 37, 0, 96, 37, 0, 93, 37, 0, 91, 37, 0, 91, 37, 0, 98, 37, 0, 102, 37, 0, 97, 37, 0, 59, 0, 58, 0, 58, 0, 58, 0, 59, 0, 62, 0, 60, 0, 61, 0, 60, 0, 54, 0, 60, 0, 64, 0, 61, 0, 61, 0, 59, 0, 58, 0, 57, 0, 58, 0, 60, 0, 59, 0, 62, 0, 62, 0, 60, 0, 58, 0, 59, 0, 202, 239, 204, 239, 206, 239, 206, 239, 207, 239, 209, 239, 210, 239, 209, 239, 209, 239, 206, 239, 217, 239, 212, 239, 206, 239, 205, 239, 209, 239, 205, 239, 203, 239, 205, 239, 204, 239, 203, 239, 204, 239, 207, 239, 206, 239, 209, 239, 210, 239, 83, 1, 81, 1, 80, 1, 83, 1, 83, 1, 81, 1, 83, 1, 81, 1, 86, 1, 90, 1, 88, 1, 89, 1, 91, 1, 88, 1, 82, 1, 85, 1, 86, 1, 85, 1, 85, 1, 85, 1, 83, 1, 83, 1, 85, 1, 87, 1, 86, 1, 27, 0, 248, 17, 225]
1762250439357;F5:15:8C:96:83:4F;[32, 33, 91, 37, 0, 93, 37, 0, 97, 37, 0, 104, 37, 0, 95, 37, 0, 92, 37, 0, 101, 37, 0, 90, 37, 0, 98, 37, 0, 98, 37, 0, 102, 37, 0, 101, 37, 0, 99, 37, 0, 88, 37, 0, 96, 37, 0, 96, 37, 0, 102, 37, 0, 102, 37, 0, 101, 37, 0, 98, 37, 0, 92, 37, 0, 93, 37, 0, 98, 37, 0, 106, 37, 0, 106, 37, 0, 60, 0, 61, 0, 61, 0, 61, 0, 58, 0, 58, 0, 58, 0, 58, 0, 60, 0, 61, 0, 61, 0, 60, 0, 59, 0, 59, 0, 60, 0, 60, 0, 61, 0, 62, 0, 61, 0, 61, 0, 60, 0, 59, 0, 60, 0, 60, 0, 60, 0, 208, 239, 206, 239, 204, 239, 203, 239, 206, 239, 207, 239, 204, 239, 205, 239, 206, 239, 208, 239, 206, 239, 204, 239, 203, 239, 199, 239, 199, 239, 201, 239, 203, 239, 206, 239, 209, 239, 210, 239, 209, 239, 209, 239, 209, 239, 208, 239, 207, 239, 86, 1, 83, 1, 83, 1, 84, 1, 82, 1, 80, 1, 82, 1, 81, 1, 79, 1, 79, 1, 80, 1, 83, 1, 85, 1, 85, 1, 85, 1, 83, 1, 85, 1, 86, 1, 86, 1, 85, 1, 82, 1, 81, 1, 79, 1, 83, 1, 84, 1, 26, 0, 248, 17, 226]
1762250439635;F5:15:8C:96:83:4F;[36, 33, 105, 37, 0, 97, 37, 0, 94, 37, 0, 100, 37, 0, 106, 37, 0, 114, 37, 0, 98, 37, 0, 94, 37, 0, 100, 37, 0, 100, 37, 0, 99, 37, 0, 96, 37, 0, 96, 37, 0, 93, 37, 0, 96, 37, 0, 101, 37, 0, 102, 37, 0, 107, 37, 0, 110, 37, 0, 98, 37, 0, 94, 37, 0, 105, 37, 0, 101, 37, 0, 109, 37, 0, 104, 37, 0, 60, 0, 61, 0, 61, 0, 61, 0, 60, 0, 61, 0, 60, 0, 59, 0, 58, 0, 59, 0, 60, 0, 61, 0, 62, 0, 62, 0, 62, 0, 63, 0, 60, 0, 57, 0, 57, 0, 58, 0, 58, 0, 59, 0, 59, 0, 58, 0, 57, 0, 210, 239, 210, 239, 212, 239, 212, 239, 210, 239, 209, 239, 208, 239, 206, 239, 207, 239, 205, 239, 206, 239, 207, 239, 207, 239, 206, 239, 205, 239, 205, 239, 204, 239, 207, 239, 209, 239, 208, 239, 208, 239, 209, 239, 208, 239, 206, 239, 204, 239, 84, 1, 84, 1, 83, 1, 84, 1, 83, 1, 83, 1, 82, 1, 82, 1, 83, 1, 82, 1, 81, 1, 82, 1, 82, 1, 81, 1, 83, 1, 82, 1, 82, 1, 82, 1, 83, 1, 84, 1, 83, 1, 82, 1, 83, 1, 84, 1, 85, 1, 26, 0, 26, 0, 248, 17, 248, 17, 227]
1762250439827;F5:15:8C:96:83:4F;[32, 33, 101, 37, 0, 95, 37, 0, 88, 37, 0, 92, 37, 0, 95, 37, 0, 108, 37, 0, 104, 37, 0, 97, 37, 0, 98, 37, 0, 102, 37, 0, 102, 37, 0, 109, 37, 0, 100, 37, 0, 95, 37, 0, 95, 37, 0, 98, 37, 0, 104, 37, 0, 106, 37, 0, 100, 37, 0, 93, 37, 0, 104, 37, 0, 101, 37, 0, 110, 37, 0, 106, 37, 0, 107, 37, 0, 56, 0, 54, 0, 54, 0, 56, 0, 56, 0, 59, 0, 60, 0, 59, 0, 60, 0, 57, 0, 57, 0, 57, 0, 58, 0, 59, 0, 59, 0, 61, 0, 60, 0, 57, 0, 55, 0, 55, 0, 56, 0, 57, 0, 59, 0, 63, 0, 62, 0, 202, 239, 205, 239, 204, 239, 205, 239, 210, 239, 213, 239, 210, 239, 209, 239, 211, 239, 209, 239, 206, 239, 207, 239, 206, 239, 207, 239, 205, 239, 204, 239, 208, 239, 209, 239, 211, 239, 209, 239, 208, 239, 208, 239, 209, 239, 209, 239, 213, 239, 87, 1, 83, 1, 81, 1, 79, 1, 78, 1, 82, 1, 83, 1, 84, 1, 82, 1, 82, 1, 84, 1, 85, 1, 86, 1, 84, 1, 83, 1, 79, 1, 78, 1, 80, 1, 81, 1, 83, 1, 84, 1, 82, 1, 84, 1, 88, 1, 90, 1, 26, 0, 248, 17, 228]
1762250440076;F5:15:8C:96:83:4F;[32, 33, 107, 37, 0, 96, 37, 0, 95, 37, 0, 96, 37, 0, 100, 37, 0, 107, 37, 0, 103, 37, 0, 104, 37, 0, 99, 37, 0, 94, 37, 0, 95, 37, 0, 100, 37, 0, 103, 37, 0, 114, 37, 0, 102, 37, 0, 102, 37, 0, 106, 37, 0, 100, 37, 0, 96, 37, 0, 104, 37, 0, 98, 37, 0, 102, 37, 0, 101, 37, 0, 106, 37, 0, 111, 37, 0, 61, 0, 56, 0, 56, 0, 57, 0, 57, 0, 61, 0, 192, 190, 61, 0, 61, 0, 58, 0, 57, 0, 56, 0, 57, 0, 59, 0, 60, 0, 60, 0, 60, 0, 58, 0, 57, 0, 56, 0, 56, 0, 56, 0, 57, 0, 59, 0, 60, 0, 211, 239, 212, 239, 211, 239, 208, 239, 207, 239, 209, 239, 235, 202, 207, 239, 208, 239, 207, 239, 206, 239, 206, 239, 207, 239, 206, 239, 207, 239, 208, 239, 208, 239, 211, 239, 209, 239, 208, 239, 207, 239, 206, 239, 203, 239, 204, 239, 206, 239, 90, 1, 88, 1, 84, 1, 80, 1, 78, 1, 78, 1, 3, 0, 81, 1, 80, 1, 80, 1, 80, 1, 80, 1, 83, 1, 85, 1, 84, 1, 84, 1, 84, 1, 82, 1, 83, 1, 83, 1, 81, 1, 82, 1, 81, 1, 84, 1, 83, 1, 26, 0, 0, 18, 229]
1762250440366;F5:15:8C:96:83:4F;[32, 33, 104, 37, 0, 107, 37, 0, 100, 37, 0, 104, 37, 0, 102, 37, 0, 109, 37, 0, 102, 37, 0, 96, 37, 0, 100, 37, 0, 100, 37, 0, 95, 37, 0, 106, 37, 0, 103, 37, 0, 103, 37, 0, 105, 37, 0, 114, 37, 0, 103, 37, 0, 107, 37, 0, 102, 37, 0, 104, 37, 0, 104, 37, 0, 111, 37, 0, 103, 37, 0, 93, 37, 0, 96, 37, 0, 60, 0, 57, 0, 56, 0, 58, 0, 57, 0, 58, 0, 59, 0, 59, 0, 58, 0, 57, 0, 57, 0, 58, 0, 57, 0, 58, 0, 60, 0, 58, 0, 58, 0, 58, 0, 58, 0, 58, 0, 59, 0, 58, 0, 60, 0, 59, 0, 58, 0, 207, 239, 207, 239, 209, 239, 208, 239, 209, 239, 208, 239, 207, 239, 207, 239, 209, 239, 209, 239, 207, 239, 207, 239, 207, 239, 208, 239, 209, 239, 207, 239, 207, 239, 208, 239, 208, 239, 208, 239, 207, 239, 208, 239, 207, 239, 205, 239, 204, 239, 83, 1, 84, 1, 85, 1, 83, 1, 82, 1, 85, 1, 87, 1, 86, 1, 85, 1, 82, 1, 82, 1, 80, 1, 80, 1, 81, 1, 82, 1, 84, 1, 86, 1, 88, 1, 86, 1, 85, 1, 84, 1, 85, 1, 86, 1, 85, 1, 84, 1, 26, 0, 248, 17, 230]
1762250440572;F5:15:8C:96:83:4F;[36, 33, 96, 37, 0, 110, 37, 0, 101, 37, 0, 107, 37, 0, 107, 37, 0, 104, 37, 0, 104, 37, 0, 106, 37, 0, 101, 37, 0, 100, 37, 0, 104, 37, 0, 98, 37, 0, 105, 37, 0, 107, 37, 0, 109, 37, 0, 98, 37, 0, 95, 37, 0, 97, 37, 0, 96, 37, 0, 105, 37, 0, 105, 37, 0, 107, 37, 0, 101, 37, 0, 100, 37, 0, 102, 37, 0, 56, 0, 55, 0, 54, 0, 55, 0, 57, 0, 59, 0, 58, 0, 58, 0, 59, 0, 59, 0, 60, 0, 60, 0, 62, 0, 65, 0, 64, 0, 61, 0, 58, 0, 56, 0, 54, 0, 55, 0, 56, 0, 59, 0, 59, 0, 58, 0, 59, 0, 204, 239, 205, 239, 204, 239, 207, 239, 208, 239, 208, 239, 207, 239, 208, 239, 207, 239, 206, 239, 204, 239, 205, 239, 206, 239, 206, 239, 206, 239, 207, 239, 208, 239, 207, 239, 207, 239, 206, 239, 208, 239, 206, 239, 205, 239, 206, 239, 207, 239, 82, 1, 83, 1, 85, 1, 84, 1, 85, 1, 84, 1, 84, 1, 85, 1, 85, 1, 84, 1, 84, 1, 84, 1, 85, 1, 83, 1, 83, 1, 83, 1, 82, 1, 80, 1, 78, 1, 81, 1, 84, 1, 86, 1, 87, 1, 84, 1, 84, 1, 26, 0, 26, 0, 248, 17, 248, 17, 231]
1762250440882;F5:15:8C:96:83:4F;[32, 33, 104, 37, 0, 96, 37, 0, 103, 37, 0, 101, 37, 0, 105, 37, 0, 102, 37, 0, 104, 37, 0, 102, 37, 0, 97, 37, 0, 101, 37, 0, 100, 37, 0, 102, 37, 0, 106, 37, 0, 119, 37, 0, 99, 37, 0, 94, 37, 0, 91, 37, 0, 95, 37, 0, 98, 37, 0, 102, 37, 0, 99, 37, 0, 95, 37, 0, 89, 37, 0, 93, 37, 0, 104, 37, 0, 57, 0, 56, 0, 56, 0, 55, 0, 57, 0, 59, 0, 62, 0, 58, 0, 56, 0, 55, 0, 57, 0, 59, 0, 61, 0, 61, 0, 60, 0, 57, 0, 55, 0, 56, 0, 55, 0, 56, 0, 58, 0, 57, 0, 57, 0, 57, 0, 58, 0, 208, 239, 207, 239, 208, 239, 209, 239, 209, 239, 208, 239, 209, 239, 209, 239, 209, 239, 208, 239, 208, 239, 209, 239, 209, 239, 210, 239, 210, 239, 207, 239, 207, 239, 206, 239, 205, 239, 206, 239, 206, 239, 205, 239, 205, 239, 204, 239, 205, 239, 84, 1, 85, 1, 85, 1, 82, 1, 81, 1, 81, 1, 81, 1, 82, 1, 81, 1, 80, 1, 81, 1, 82, 1, 83, 1, 85, 1, 85, 1, 84, 1, 81, 1, 80, 1, 81, 1, 82, 1, 84, 1, 83, 1, 82, 1, 82, 1, 82, 1, 26, 0, 248, 17, 232]
1762250441090;F5:15:8C:96:83:4F;[32, 33, 101, 37, 0, 100, 37, 0, 99, 37, 0, 95, 37, 0, 92, 37, 0, 88, 37, 0, 94, 37, 0, 92, 37, 0, 95, 37, 0, 89, 37, 0, 90, 37, 0, 92, 37, 0, 93, 37, 0, 95, 37, 0, 94, 37, 0, 88, 37, 0, 89, 37, 0, 96, 37, 0, 97, 37, 0, 97, 37, 0, 90, 37, 0, 87, 37, 0, 95, 37, 0, 89, 37, 0, 91, 37, 0, 58, 0, 58, 0, 58, 0, 59, 0, 59, 0, 58, 0, 59, 0, 59, 0, 56, 0, 57, 0, 58, 0, 57, 0, 58, 0, 59, 0, 59, 0, 56, 0, 56, 0, 57, 0, 58, 0, 60, 0, 60, 0, 61, 0, 60, 0, 58, 0, 58, 0, 206, 239, 206, 239, 208, 239, 206, 239, 205, 239, 206, 239, 204, 239, 204, 239, 202, 239, 204, 239, 204, 239, 206, 239, 205, 239, 206, 239, 206, 239, 206, 239, 204, 239, 206, 239, 207, 239, 206, 239, 208, 239, 208, 239, 210, 239, 210, 239, 209, 239, 84, 1, 85, 1, 86, 1, 83, 1, 83, 1, 80, 1, 79, 1, 80, 1, 83, 1, 82, 1, 82, 1, 81, 1, 82, 1, 84, 1, 85, 1, 83, 1, 83, 1, 82, 1, 82, 1, 83, 1, 81, 1, 81, 1, 82, 1, 82, 1, 85, 1, 26, 0, 248, 17, 233]
1762250441348;F5:15:8C:96:83:4F;[32, 33, 81, 37, 0, 91, 37, 0, 86, 37, 0, 85, 37, 0, 91, 37, 0, 92, 37, 0, 93, 37, 0, 92, 37, 0, 82, 37, 0, 77, 37, 0, 89, 37, 0, 86, 37, 0, 93, 37, 0, 84, 37, 0, 82, 37, 0, 75, 37, 0, 84, 37, 0, 92, 37, 0, 88, 37, 0, 86, 37, 0, 80, 37, 0, 80, 37, 0, 87, 37, 0, 88, 37, 0, 89, 37, 0, 56, 0, 58, 0, 60, 0, 62, 0, 59, 0, 59, 0, 59, 0, 59, 0, 59, 0, 61, 0, 62, 0, 64, 0, 62, 0, 62, 0, 60, 0, 57, 0, 56, 0, 57, 0, 58, 0, 58, 0, 60, 0, 62, 0, 61, 0, 58, 0, 56, 0, 209, 239, 209, 239, 209, 239, 206, 239, 207, 239, 210, 239, 209, 239, 208, 239, 204, 239, 204, 239, 205, 239, 205, 239, 206, 239, 209, 239, 210, 239, 210, 239, 210, 239, 210, 239, 208, 239, 208, 239, 207, 239, 207, 239, 209, 239, 209, 239, 210, 239, 85, 1, 83, 1, 83, 1, 82, 1, 82, 1, 82, 1, 84, 1, 85, 1, 83, 1, 84, 1, 84, 1, 83, 1, 84, 1, 85, 1, 85, 1, 80, 1, 80, 1, 82, 1, 84, 1, 86, 1, 84, 1, 84, 1, 83, 1, 84, 1, 85, 1, 26, 0, 248, 17, 234]
1762250441631;F5:15:8C:96:83:4F;[36, 33, 78, 37, 0, 80, 37, 0, 75, 37, 0, 79, 37, 0, 89, 37, 0, 83, 37, 0, 88, 37, 0, 83, 37, 0, 76, 37, 0, 72, 37, 0, 76, 37, 0, 86, 37, 0, 85, 37, 0, 85, 37, 0, 81, 37, 0, 69, 37, 0, 73, 37, 0, 72, 37, 0, 85, 37, 0, 83, 37, 0, 73, 37, 0, 76, 37, 0, 73, 37, 0, 77, 37, 0, 85, 37, 0, 56, 0, 56, 0, 58, 0, 61, 0, 61, 0, 62, 0, 62, 0, 59, 0, 56, 0, 56, 0, 59, 0, 60, 0, 60, 0, 59, 0, 59, 0, 58, 0, 56, 0, 56, 0, 57, 0, 58, 0, 61, 0, 58, 0, 59, 0, 58, 0, 58, 0, 209, 239, 210, 239, 210, 239, 210, 239, 207, 239, 213, 239, 212, 239, 211, 239, 210, 239, 208, 239, 206, 239, 206, 239, 209, 239, 208, 239, 210, 239, 210, 239, 209, 239, 209, 239, 209, 239, 207, 239, 208, 239, 209, 239, 209, 239, 209, 239, 209, 239, 85, 1, 84, 1, 81, 1, 78, 1, 79, 1, 79, 1, 81, 1, 82, 1, 83, 1, 82, 1, 83, 1, 85, 1, 85, 1, 85, 1, 84, 1, 83, 1, 81, 1, 78, 1, 81, 1, 84, 1, 85, 1, 82, 1, 82, 1, 80, 1, 83, 1, 26, 0, 26, 0, 248, 17, 248, 17, 235]
1762250441828;F5:15:8C:96:83:4F;[32, 33, 78, 37, 0, 75, 37, 0, 76, 37, 0, 70, 37, 0, 73, 37, 0, 79, 37, 0, 69, 37, 0, 73, 37, 0, 75, 37, 0, 72, 37, 0, 74, 37, 0, 76, 37, 0, 63, 37, 0, 73, 37, 0, 71, 37, 0, 66, 37, 0, 63, 37, 0, 70, 37, 0, 74, 37, 0, 74, 37, 0, 74, 37, 0, 64, 37, 0, 61, 37, 0, 66, 37, 0, 68, 37, 0, 59, 0, 59, 0, 58, 0, 60, 0, 59, 0, 59, 0, 59, 0, 58, 0, 59, 0, 61, 0, 61, 0, 61, 0, 61, 0, 60, 0, 60, 0, 60, 0, 58, 0, 61, 0, 62, 0, 64, 0, 61, 0, 59, 0, 56, 0, 56, 0, 54, 0, 210, 239, 208, 239, 208, 239, 208, 239, 209, 239, 208, 239, 205, 239, 205, 239, 204, 239, 207, 239, 209, 239, 212, 239, 212, 239, 215, 239, 212, 239, 210, 239, 207, 239, 207, 239, 206, 239, 207, 239, 209, 239, 211, 239, 210, 239, 210, 239, 208, 239, 81, 1, 81, 1, 83, 1, 82, 1, 80, 1, 80, 1, 84, 1, 85, 1, 86, 1, 85, 1, 84, 1, 83, 1, 83, 1, 83, 1, 85, 1, 86, 1, 86, 1, 83, 1, 85, 1, 86, 1, 86, 1, 84, 1, 82, 1, 82, 1, 81, 1, 26, 0, 248, 17, 236]
1762250442139;F5:15:8C:96:83:4F;[32, 33, 66, 37, 0, 73, 37, 0, 69, 37, 0, 64, 37, 0, 71, 37, 0, 66, 37, 0, 71, 37, 0, 60, 37, 0, 62, 37, 0, 61, 37, 0, 69, 37, 0, 64, 37, 0, 65, 37, 0, 60, 37, 0, 65, 37, 0, 59, 37, 0, 70, 37, 0, 69, 37, 0, 71, 37, 0, 68, 37, 0, 59, 37, 0, 63, 37, 0, 60, 37, 0, 59, 37, 0, 60, 37, 0, 54, 0, 57, 0, 61, 0, 62, 0, 60, 0, 61, 0, 59, 0, 58, 0, 58, 0, 60, 0, 62, 0, 60, 0, 58, 0, 57, 0, 56, 0, 55, 0, 56, 0, 58, 0, 60, 0, 60, 0, 60, 0, 57, 0, 56, 0, 53, 0, 54, 0, 208, 239, 207, 239, 207, 239, 207, 239, 208, 239, 208, 239, 203, 239, 205, 239, 204, 239, 203, 239, 205, 239, 208, 239, 209, 239, 208, 239, 208, 239, 204, 239, 203, 239, 204, 239, 206, 239, 208, 239, 209, 239, 209, 239, 207, 239, 205, 239, 204, 239, 81, 1, 83, 1, 85, 1, 85, 1, 86, 1, 86, 1, 86, 1, 86, 1, 86, 1, 84, 1, 84, 1, 83, 1, 81, 1, 80, 1, 80, 1, 81, 1, 81, 1, 81, 1, 85, 1, 85, 1, 86, 1, 88, 1, 85, 1, 85, 1, 82, 1, 26, 0, 248, 17, 237]
1762250442332;F5:15:8C:96:83:4F;[32, 33, 62, 37, 0, 59, 37, 0, 62, 37, 0, 62, 37, 0, 62, 37, 0, 55, 37, 0, 56, 37, 0, 54, 37, 0, 64, 37, 0, 76, 37, 0, 66, 37, 0, 61, 37, 0, 60, 37, 0, 60, 37, 0, 60, 37, 0, 56, 37, 0, 64, 37, 0, 59, 37, 0, 66, 37, 0, 64, 37, 0, 58, 37, 0, 58, 37, 0, 55, 37, 0, 63, 37, 0, 64, 37, 0, 56, 0, 56, 0, 57, 0, 56, 0, 55, 0, 56, 0, 54, 0, 56, 0, 60, 0, 62, 0, 63, 0, 64, 0, 63, 0, 60, 0, 57, 0, 58, 0, 60, 0, 61, 0, 63, 0, 63, 0, 60, 0, 58, 0, 59, 0, 59, 0, 59, 0, 202, 239, 205, 239, 206, 239, 208, 239, 209, 239, 208, 239, 205, 239, 204, 239, 205, 239, 207, 239, 209, 239, 210, 239, 211, 239, 210, 239, 210, 239, 209, 239, 208, 239, 207, 239, 209, 239, 212, 239, 213, 239, 212, 239, 208, 239, 205, 239, 203, 239, 82, 1, 84, 1, 85, 1, 83, 1, 83, 1, 82, 1, 79, 1, 78, 1, 82, 1, 86, 1, 86, 1, 85, 1, 83, 1, 83, 1, 82, 1, 83, 1, 81, 1, 82, 1, 83, 1, 84, 1, 84, 1, 85, 1, 85, 1, 84, 1, 83, 1, 26, 0, 248, 17, 238]
1762250442615;F5:15:8C:96:83:4F;[36, 33, 63, 37, 0, 60, 37, 0, 61, 37, 0, 54, 37, 0, 58, 37, 0, 58, 37, 0, 61, 37, 0, 63, 37, 0, 64, 37, 0, 56, 37, 0, 64, 37, 0, 62, 37, 0, 58, 37, 0, 61, 37, 0, 60, 37, 0, 58, 37, 0, 64, 37, 0, 64, 37, 0, 61, 37, 0, 56, 37, 0, 54, 37, 0, 53, 37, 0, 57, 37, 0, 60, 37, 0, 61, 37, 0, 60, 0, 61, 0, 61, 0, 60, 0, 58, 0, 57, 0, 57, 0, 57, 0, 59, 0, 60, 0, 61, 0, 62, 0, 60, 0, 60, 0, 61, 0, 61, 0, 59, 0, 60, 0, 60, 0, 60, 0, 61, 0, 60, 0, 59, 0, 59, 0, 59, 0, 202, 239, 203, 239, 208, 239, 210, 239, 210, 239, 208, 239, 207, 239, 205, 239, 206, 239, 206, 239, 206, 239, 207, 239, 208, 239, 207, 239, 206, 239, 207, 239, 206, 239, 206, 239, 205, 239, 207, 239, 209, 239, 209, 239, 209, 239, 208, 239, 209, 239, 83, 1, 83, 1, 82, 1, 80, 1, 81, 1, 82, 1, 83, 1, 83, 1, 84, 1, 84, 1, 84, 1, 85, 1, 84, 1, 83, 1, 81, 1, 82, 1, 83, 1, 83, 1, 83, 1, 82, 1, 81, 1, 81, 1, 82, 1, 83, 1, 83, 1, 26, 0, 26, 0, 248, 17, 248, 17, 239]
1762250442831;F5:15:8C:96:83:4F;[32, 33, 58, 37, 0, 58, 37, 0, 62, 37, 0, 64, 37, 0, 64, 37, 0, 63, 37, 0, 61, 37, 0, 60, 37, 0, 57, 37, 0, 57, 37, 0, 60, 37, 0, 55, 37, 0, 56, 37, 0, 52, 37, 0, 58, 37, 0, 59, 37, 0, 69, 37, 0, 60, 37, 0, 54, 37, 0, 56, 37, 0, 57, 37, 0, 66, 37, 0, 67, 37, 0, 67, 37, 0, 51, 37, 0, 57, 0, 58, 0, 57, 0, 58, 0, 59, 0, 60, 0, 61, 0, 61, 0, 58, 0, 57, 0, 56, 0, 56, 0, 58, 0, 58, 0, 60, 0, 63, 0, 62, 0, 59, 0, 58, 0, 56, 0, 56, 0, 59, 0, 62, 0, 62, 0, 61, 0, 208, 239, 205, 239, 207, 239, 208, 239, 208, 239, 208, 239, 208, 239, 208, 239, 207, 239, 205, 239, 206, 239, 208, 239, 208, 239, 205, 239, 207, 239, 209, 239, 206, 239, 206, 239, 205, 239, 205, 239, 208, 239, 209, 239, 208, 239, 210, 239, 210, 239, 84, 1, 83, 1, 84, 1, 84, 1, 87, 1, 88, 1, 87, 1, 87, 1, 85, 1, 83, 1, 82, 1, 81, 1, 81, 1, 82, 1, 82, 1, 84, 1, 87, 1, 89, 1, 85, 1, 83, 1, 81, 1, 81, 1, 82, 1, 83, 1, 82, 1, 26, 0, 248, 17, 240]
1762250443142;F5:15:8C:96:83:4F;[32, 33, 57, 37, 0, 60, 37, 0, 56, 37, 0, 60, 37, 0, 67, 37, 0, 63, 37, 0, 61, 37, 0, 66, 37, 0, 62, 37, 0, 59, 37, 0, 55, 37, 0, 69, 37, 0, 61, 37, 0, 65, 37, 0, 64, 37, 0, 66, 37, 0, 66, 37, 0, 69, 37, 0, 61, 37, 0, 64, 37, 0, 60, 37, 0, 67, 37, 0, 70, 37, 0, 62, 37, 0, 69, 37, 0, 58, 0, 56, 0, 57, 0, 59, 0, 62, 0, 64, 0, 66, 0, 64, 0, 60, 0, 57, 0, 56, 0, 55, 0, 59, 0, 62, 0, 63, 0, 62, 0, 59, 0, 56, 0, 54, 0, 54, 0, 55, 0, 57, 0, 59, 0, 59, 0, 58, 0, 207, 239, 207, 239, 206, 239, 205, 239, 203, 239, 205, 239, 209, 239, 208, 239, 208, 239, 207, 239, 208, 239, 208, 239, 206, 239, 206, 239, 208, 239, 211, 239, 211, 239, 209, 239, 209, 239, 209, 239, 208, 239, 204, 239, 208, 239, 209, 239, 209, 239, 80, 1, 78, 1, 79, 1, 80, 1, 82, 1, 84, 1, 85, 1, 85, 1, 85, 1, 84, 1, 85, 1, 84, 1, 83, 1, 83, 1, 83, 1, 83, 1, 84, 1, 84, 1, 85, 1, 84, 1, 82, 1, 83, 1, 85, 1, 86, 1, 87, 1, 27, 0, 248, 17, 241]
1762250443313;F5:15:8C:96:83:4F;[32, 33, 65, 37, 0, 57, 37, 0, 58, 37, 0, 62, 37, 0, 70, 37, 0, 69, 37, 0, 69, 37, 0, 66, 37, 0, 66, 37, 0, 69, 37, 0, 68, 37, 0, 62, 37, 0, 63, 37, 0, 61, 37, 0, 66, 37, 0, 71, 37, 0, 77, 37, 0, 73, 37, 0, 66, 37, 0, 58, 37, 0, 66, 37, 0, 71, 37, 0, 71, 37, 0, 65, 37, 0, 67, 37, 0, 57, 0, 56, 0, 56, 0, 56, 0, 58, 0, 59, 0, 57, 0, 58, 0, 58, 0, 58, 0, 57, 0, 58, 0, 58, 0, 59, 0, 58, 0, 60, 0, 60, 0, 60, 0, 57, 0, 57, 0, 56, 0, 57, 0, 57, 0, 56, 0, 56, 0, 208, 239, 207, 239, 206, 239, 205, 239, 203, 239, 204, 239, 208, 239, 209, 239, 209, 239, 210, 239, 210, 239, 206, 239, 205, 239, 205, 239, 207, 239, 208, 239, 208, 239, 211, 239, 210, 239, 209, 239, 205, 239, 205, 239, 206, 239, 205, 239, 205, 239, 87, 1, 82, 1, 82, 1, 82, 1, 85, 1, 86, 1, 85, 1, 84, 1, 82, 1, 80, 1, 81, 1, 82, 1, 82, 1, 82, 1, 82, 1, 85, 1, 85, 1, 86, 1, 84, 1, 83, 1, 82, 1, 83, 1, 84, 1, 84, 1, 85, 1, 26, 0, 248, 17, 242]
1762250443570;F5:15:8C:96:83:4F;[36, 33, 72, 37, 0, 67, 37, 0, 64, 37, 0, 62, 37, 0, 63, 37, 0, 69, 37, 0, 68, 37, 0, 71, 37, 0, 75, 37, 0, 75, 37, 0, 64, 37, 0, 68, 37, 0, 71, 37, 0, 66, 37, 0, 71, 37, 0, 69, 37, 0, 63, 37, 0, 70, 37, 0, 70, 37, 0, 77, 37, 0, 75, 37, 0, 73, 37, 0, 68, 37, 0, 76, 37, 0, 85, 37, 0, 57, 0, 58, 0, 61, 0, 61, 0, 61, 0, 60, 0, 59, 0, 58, 0, 60, 0, 60, 0, 59, 0, 60, 0, 61, 0, 61, 0, 61, 0, 61, 0, 59, 0, 61, 0, 60, 0, 59, 0, 60, 0, 58, 0, 58, 0, 57, 0, 57, 0, 206, 239, 207, 239, 207, 239, 206, 239, 206, 239, 207, 239, 209, 239, 208, 239, 211, 239, 211, 239, 211, 239, 208, 239, 206, 239, 206, 239, 206, 239, 206, 239, 209, 239, 211, 239, 213, 239, 209, 239, 209, 239, 208, 239, 208, 239, 206, 239, 206, 239, 84, 1, 84, 1, 84, 1, 85, 1, 85, 1, 83, 1, 83, 1, 86, 1, 88, 1, 88, 1, 88, 1, 87, 1, 86, 1, 84, 1, 86, 1, 84, 1, 83, 1, 80, 1, 81, 1, 81, 1, 82, 1, 80, 1, 81, 1, 82, 1, 82, 1, 26, 0, 26, 0, 248, 17, 240, 17, 243]
1762250443812;F5:15:8C:96:83:4F;[32, 33, 76, 37, 0, 81, 37, 0, 76, 37, 0, 77, 37, 0, 77, 37, 0, 79, 37, 0, 72, 37, 0, 78, 37, 0, 63, 37, 0, 72, 37, 0, 82, 37, 0, 84, 37, 0, 86, 37, 0, 81, 37, 0, 78, 37, 0, 72, 37, 0, 78, 37, 0, 83, 37, 0, 84, 37, 0, 80, 37, 0, 86, 37, 0, 78, 37, 0, 76, 37, 0, 88, 37, 0, 81, 37, 0, 58, 0, 60, 0, 63, 0, 65, 0, 64, 0, 61, 0, 57, 0, 54, 0, 56, 0, 57, 0, 60, 0, 63, 0, 62, 0, 61, 0, 58, 0, 56, 0, 55, 0, 55, 0, 57, 0, 61, 0, 64, 0, 63, 0, 63, 0, 61, 0, 58, 0, 206, 239, 208, 239, 211, 239, 208, 239, 209, 239, 209, 239, 208, 239, 205, 239, 206, 239, 207, 239, 208, 239, 210, 239, 211, 239, 210, 239, 208, 239, 204, 239, 204, 239, 206, 239, 207, 239, 210, 239, 210, 239, 211, 239, 210, 239, 209, 239, 208, 239, 84, 1, 84, 1, 85, 1, 84, 1, 83, 1, 84, 1, 83, 1, 85, 1, 83, 1, 83, 1, 84, 1, 85, 1, 86, 1, 88, 1, 84, 1, 81, 1, 80, 1, 81, 1, 80, 1, 81, 1, 84, 1, 82, 1, 80, 1, 80, 1, 81, 1, 27, 0, 248, 17, 244]
1762250444097;F5:15:8C:96:83:4F;[32, 33, 80, 37, 0, 83, 37, 0, 84, 37, 0, 83, 37, 0, 88, 37, 0, 92, 37, 0, 84, 37, 0, 82, 37, 0, 86, 37, 0, 85, 37, 0, 80, 37, 0, 88, 37, 0, 84, 37, 0, 87, 37, 0, 82, 37, 0, 88, 37, 0, 85, 37, 0, 87, 37, 0, 90, 37, 0, 90, 37, 0, 79, 37, 0, 85, 37, 0, 86, 37, 0, 87, 37, 0, 86, 37, 0, 58, 0, 60, 0, 62, 0, 64, 0, 62, 0, 62, 0, 59, 0, 57, 0, 57, 0, 58, 0, 62, 0, 65, 0, 66, 0, 66, 0, 63, 0, 58, 0, 57, 0, 59, 0, 60, 0, 62, 0, 62, 0, 62, 0, 63, 0, 59, 0, 58, 0, 207, 239, 207, 239, 205, 239, 207, 239, 209, 239, 210, 239, 208, 239, 208, 239, 207, 239, 207, 239, 206, 239, 204, 239, 204, 239, 207, 239, 210, 239, 209, 239, 209, 239, 210, 239, 209, 239, 207, 239, 207, 239, 206, 239, 208, 239, 208, 239, 210, 239, 81, 1, 82, 1, 83, 1, 83, 1, 85, 1, 85, 1, 85, 1, 86, 1, 84, 1, 83, 1, 84, 1, 84, 1, 82, 1, 83, 1, 82, 1, 79, 1, 80, 1, 84, 1, 84, 1, 85, 1, 84, 1, 82, 1, 82, 1, 81, 1, 82, 1, 27, 0, 248, 17, 245]
1762250444310;F5:15:8C:96:83:4F;[32, 33, 89, 37, 0, 91, 37, 0, 88, 37, 0, 90, 37, 0, 92, 37, 0, 88, 37, 0, 85, 37, 0, 89, 37, 0, 85, 37, 0, 87, 37, 0, 92, 37, 0, 91, 37, 0, 87, 37, 0, 88, 37, 0, 86, 37, 0, 92, 37, 0, 89, 37, 0, 92, 37, 0, 94, 37, 0, 88, 37, 0, 86, 37, 0, 89, 37, 0, 92, 37, 0, 94, 37, 0, 89, 37, 0, 59, 0, 61, 0, 60, 0, 60, 0, 59, 0, 60, 0, 61, 0, 59, 0, 59, 0, 62, 0, 60, 0, 57, 0, 57, 0, 57, 0, 58, 0, 58, 0, 58, 0, 59, 0, 59, 0, 57, 0, 57, 0, 56, 0, 56, 0, 58, 0, 59, 0, 209, 239, 209, 239, 209, 239, 210, 239, 211, 239, 210, 239, 211, 239, 213, 239, 212, 239, 212, 239, 210, 239, 208, 239, 207, 239, 207, 239, 207, 239, 209, 239, 210, 239, 210, 239, 209, 239, 209, 239, 208, 239, 208, 239, 205, 239, 204, 239, 207, 239, 82, 1, 84, 1, 83, 1, 84, 1, 84, 1, 86, 1, 84, 1, 84, 1, 84, 1, 83, 1, 85, 1, 86, 1, 86, 1, 86, 1, 85, 1, 84, 1, 85, 1, 86, 1, 86, 1, 82, 1, 81, 1, 82, 1, 84, 1, 84, 1, 82, 1, 26, 0, 248, 17, 246]
1762250444598;F5:15:8C:96:83:4F;[36, 33, 85, 37, 0, 91, 37, 0, 87, 37, 0, 96, 37, 0, 93, 37, 0, 89, 37, 0, 86, 37, 0, 86, 37, 0, 94, 37, 0, 92, 37, 0, 93, 37, 0, 95, 37, 0, 82, 37, 0, 86, 37, 0, 93, 37, 0, 96, 37, 0, 95, 37, 0, 98, 37, 0, 95, 37, 0, 87, 37, 0, 85, 37, 0, 95, 37, 0, 88, 37, 0, 88, 37, 0, 85, 37, 0, 60, 0, 61, 0, 61, 0, 59, 0, 59, 0, 58, 0, 58, 0, 58, 0, 57, 0, 60, 0, 63, 0, 64, 0, 59, 0, 58, 0, 58, 0, 57, 0, 62, 0, 62, 0, 63, 0, 62, 0, 62, 0, 62, 0, 62, 0, 60, 0, 60, 0, 208, 239, 208, 239, 208, 239, 208, 239, 206, 239, 205, 239, 205, 239, 205, 239, 207, 239, 207, 239, 208, 239, 210, 239, 211, 239, 210, 239, 207, 239, 207, 239, 209, 239, 210, 239, 209, 239, 210, 239, 211, 239, 211, 239, 208, 239, 204, 239, 206, 239, 82, 1, 83, 1, 84, 1, 84, 1, 84, 1, 84, 1, 82, 1, 80, 1, 79, 1, 80, 1, 84, 1, 85, 1, 85, 1, 83, 1, 81, 1, 82, 1, 82, 1, 84, 1, 85, 1, 82, 1, 80, 1, 78, 1, 80, 1, 78, 1, 78, 1, 26, 0, 26, 0, 248, 17, 248, 17, 247]
1762250444810;F5:15:8C:96:83:4F;[32, 33, 86, 37, 0, 87, 37, 0, 89, 37, 0, 97, 37, 0, 88, 37, 0, 89, 37, 0, 87, 37, 0, 86, 37, 0, 96, 37, 0, 92, 37, 0, 102, 37, 0, 95, 37, 0, 89, 37, 0, 80, 37, 0, 92, 37, 0, 94, 37, 0, 100, 37, 0, 88, 37, 0, 80, 37, 0, 86, 37, 0, 90, 37, 0, 96, 37, 0, 101, 37, 0, 102, 37, 0, 89, 37, 0, 61, 0, 59, 0, 58, 0, 55, 0, 56, 0, 58, 0, 58, 0, 59, 0, 59, 0, 60, 0, 60, 0, 58, 0, 57, 0, 58, 0, 60, 0, 58, 0, 57, 0, 56, 0, 56, 0, 55, 0, 55, 0, 57, 0, 60, 0, 62, 0, 63, 0, 205, 239, 205, 239, 208, 239, 210, 239, 212, 239, 212, 239, 210, 239, 208, 239, 206, 239, 206, 239, 207, 239, 210, 239, 209, 239, 208, 239, 209, 239, 209, 239, 208, 239, 206, 239, 206, 239, 207, 239, 205, 239, 206, 239, 207, 239, 209, 239, 211, 239, 78, 1, 80, 1, 81, 1, 82, 1, 82, 1, 83, 1, 82, 1, 81, 1, 82, 1, 82, 1, 84, 1, 83, 1, 82, 1, 78, 1, 78, 1, 79, 1, 81, 1, 82, 1, 82, 1, 81, 1, 79, 1, 80, 1, 82, 1, 83, 1, 83, 1, 26, 0, 248, 17, 248]
1762250445119;F5:15:8C:96:83:4F;[32, 33, 89, 37, 0, 88, 37, 0, 93, 37, 0, 91, 37, 0, 97, 37, 0, 95, 37, 0, 98, 37, 0, 90, 37, 0, 92, 37, 0, 92, 37, 0, 94, 37, 0, 86, 37, 0, 89, 37, 0, 92, 37, 0, 94, 37, 0, 99, 37, 0, 97, 37, 0, 100, 37, 0, 88, 37, 0, 89, 37, 0, 82, 37, 0, 103, 37, 0, 97, 37, 0, 100, 37, 0, 91, 37, 0, 63, 0, 61, 0, 59, 0, 59, 0, 60, 0, 61, 0, 62, 0, 61, 0, 62, 0, 61, 0, 60, 0, 58, 0, 58, 0, 61, 0, 62, 0, 63, 0, 64, 0, 62, 0, 60, 0, 57, 0, 58, 0, 60, 0, 60, 0, 61, 0, 61, 0, 209, 239, 208, 239, 208, 239, 209, 239, 208, 239, 209, 239, 211, 239, 211, 239, 208, 239, 208, 239, 208, 239, 207, 239, 207, 239, 209, 239, 211, 239, 212, 239, 210, 239, 211, 239, 208, 239, 208, 239, 207, 239, 207, 239, 209, 239, 210, 239, 212, 239, 81, 1, 81, 1, 80, 1, 80, 1, 84, 1, 85, 1, 82, 1, 82, 1, 82, 1, 82, 1, 82, 1, 81, 1, 79, 1, 78, 1, 78, 1, 79, 1, 80, 1, 82, 1, 81, 1, 79, 1, 79, 1, 80, 1, 83, 1, 84, 1, 84, 1, 26, 0, 248, 17, 249]
1762250445331;F5:15:8C:96:83:4F;[32, 33, 88, 37, 0, 92, 37, 0, 95, 37, 0, 94, 37, 0, 98, 37, 0, 90, 37, 0, 91, 37, 0, 95, 37, 0, 100, 37, 0, 101, 37, 0, 99, 37, 0, 96, 37, 0, 87, 37, 0, 95, 37, 0, 96, 37, 0, 102, 37, 0, 98, 37, 0, 91, 37, 0, 86, 37, 0, 87, 37, 0, 92, 37, 0, 102, 37, 0, 99, 37, 0, 91, 37, 0, 88, 37, 0, 59, 0, 60, 0, 57, 0, 56, 0, 59, 0, 60, 0, 61, 0, 61, 0, 59, 0, 58, 0, 58, 0, 58, 0, 59, 0, 59, 0, 58, 0, 59, 0, 58, 0, 59, 0, 58, 0, 58, 0, 57, 0, 56, 0, 55, 0, 54, 0, 54, 0, 210, 239, 207, 239, 208, 239, 210, 239, 209, 239, 206, 239, 207, 239, 207, 239, 206, 239, 207, 239, 209, 239, 211, 239, 211, 239, 210, 239, 211, 239, 211, 239, 211, 239, 210, 239, 210, 239, 209, 239, 209, 239, 209, 239, 209, 239, 209, 239, 210, 239, 81, 1, 81, 1, 81, 1, 81, 1, 81, 1, 81, 1, 82, 1, 81, 1, 81, 1, 81, 1, 81, 1, 80, 1, 82, 1, 81, 1, 82, 1, 83, 1, 83, 1, 83, 1, 82, 1, 79, 1, 78, 1, 81, 1, 82, 1, 82, 1, 81, 1, 26, 0, 248, 17, 250]
1762250445618;F5:15:8C:96:83:4F;[36, 33, 89, 37, 0, 91, 37, 0, 100, 37, 0, 101, 37, 0, 95, 37, 0, 89, 37, 0, 86, 37, 0, 88, 37, 0, 95, 37, 0, 101, 37, 0, 93, 37, 0, 93, 37, 0, 91, 37, 0, 91, 37, 0, 96, 37, 0, 95, 37, 0, 98, 37, 0, 91, 37, 0, 81, 37, 0, 81, 37, 0, 85, 37, 0, 96, 37, 0, 101, 37, 0, 95, 37, 0, 91, 37, 0, 55, 0, 57, 0, 58, 0, 59, 0, 58, 0, 59, 0, 56, 0, 55, 0, 55, 0, 55, 0, 57, 0, 61, 0, 61, 0, 61, 0, 60, 0, 59, 0, 58, 0, 59, 0, 60, 0, 61, 0, 60, 0, 60, 0, 58, 0, 58, 0, 58, 0, 210, 239, 210, 239, 210, 239, 210, 239, 211, 239, 211, 239, 209, 239, 209, 239, 208, 239, 209, 239, 211, 239, 211, 239, 210, 239, 209, 239, 208, 239, 206, 239, 207, 239, 207, 239, 207, 239, 207, 239, 207, 239, 208, 239, 211, 239, 210, 239, 209, 239, 80, 1, 80, 1, 83, 1, 85, 1, 87, 1, 83, 1, 82, 1, 81, 1, 81, 1, 82, 1, 83, 1, 83, 1, 82, 1, 82, 1, 82, 1, 83, 1, 86, 1, 89, 1, 87, 1, 83, 1, 82, 1, 83, 1, 83, 1, 84, 1, 85, 1, 26, 0, 26, 0, 248, 17, 248, 17, 251]
1762250445831;F5:15:8C:96:83:4F;[32, 33, 76, 37, 0, 85, 37, 0, 92, 37, 0, 97, 37, 0, 91, 37, 0, 85, 37, 0, 79, 37, 0, 81, 37, 0, 84, 37, 0, 92, 37, 0, 92, 37, 0, 85, 37, 0, 75, 37, 0, 78, 37, 0, 83, 37, 0, 91, 37, 0, 86, 37, 0, 83, 37, 0, 80, 37, 0, 83, 37, 0, 77, 37, 0, 83, 37, 0, 82, 37, 0, 89, 37, 0, 79, 37, 0, 58, 0, 59, 0, 63, 0, 61, 0, 62, 0, 61, 0, 60, 0, 58, 0, 58, 0, 59, 0, 60, 0, 60, 0, 60, 0, 60, 0, 60, 0, 60, 0, 59, 0, 61, 0, 60, 0, 59, 0, 59, 0, 58, 0, 58, 0, 59, 0, 59, 0, 206, 239, 208, 239, 209, 239, 208, 239, 208, 239, 208, 239, 208, 239, 207, 239, 206, 239, 207, 239, 205, 239, 204, 239, 205, 239, 206, 239, 205, 239, 206, 239, 207, 239, 207, 239, 208, 239, 209, 239, 208, 239, 207, 239, 210, 239, 208, 239, 205, 239, 83, 1, 81, 1, 82, 1, 83, 1, 83, 1, 85, 1, 81, 1, 79, 1, 80, 1, 83, 1, 85, 1, 84, 1, 83, 1, 82, 1, 81, 1, 83, 1, 84, 1, 84, 1, 84, 1, 82, 1, 80, 1, 81, 1, 80, 1, 82, 1, 81, 1, 27, 0, 248, 17, 252]
1762250446132;F5:15:8C:96:83:4F;[32, 33, 83, 37, 0, 80, 37, 0, 78, 37, 0, 79, 37, 0, 78, 37, 0, 81, 37, 0, 79, 37, 0, 74, 37, 0, 80, 37, 0, 82, 37, 0, 76, 37, 0, 83, 37, 0, 79, 37, 0, 75, 37, 0, 70, 37, 0, 78, 37, 0, 78, 37, 0, 81, 37, 0, 74, 37, 0, 72, 37, 0, 69, 37, 0, 71, 37, 0, 76, 37, 0, 71, 37, 0, 78, 37, 0, 60, 0, 60, 0, 59, 0, 58, 0, 58, 0, 59, 0, 60, 0, 61, 0, 62, 0, 61, 0, 59, 0, 58, 0, 59, 0, 60, 0, 60, 0, 62, 0, 64, 0, 64, 0, 63, 0, 61, 0, 59, 0, 58, 0, 59, 0, 62, 0, 64, 0, 206, 239, 207, 239, 209, 239, 208, 239, 207, 239, 208, 239, 209, 239, 208, 239, 208, 239, 208, 239, 207, 239, 207, 239, 207, 239, 208, 239, 207, 239, 206, 239, 208, 239, 206, 239, 208, 239, 208, 239, 209, 239, 209, 239, 208, 239, 206, 239, 206, 239, 81, 1, 82, 1, 81, 1, 80, 1, 79, 1, 81, 1, 81, 1, 80, 1, 79, 1, 82, 1, 83, 1, 84, 1, 84, 1, 81, 1, 80, 1, 81, 1, 82, 1, 84, 1, 84, 1, 81, 1, 82, 1, 81, 1, 82, 1, 83, 1, 84, 1, 26, 0, 248, 17, 253]
1762250446317;F5:15:8C:96:83:4F;[32, 33, 69, 37, 0, 64, 37, 0, 80, 37, 0, 69, 37, 0, 74, 37, 0, 70, 37, 0, 71, 37, 0, 69, 37, 0, 72, 37, 0, 70, 37, 0, 73, 37, 0, 68, 37, 0, 66, 37, 0, 71, 37, 0, 76, 37, 0, 64, 37, 0, 79, 37, 0, 74, 37, 0, 64, 37, 0, 63, 37, 0, 65, 37, 0, 65, 37, 0, 72, 37, 0, 68, 37, 0, 63, 37, 0, 63, 0, 63, 0, 62, 0, 61, 0, 60, 0, 57, 0, 59, 0, 60, 0, 62, 0, 63, 0, 62, 0, 60, 0, 58, 0, 59, 0, 59, 0, 60, 0, 60, 0, 59, 0, 59, 0, 59, 0, 56, 0, 55, 0, 55, 0, 58, 0, 58, 0, 208, 239, 208, 239, 207, 239, 206, 239, 208, 239, 208, 239, 207, 239, 206, 239, 208, 239, 209, 239, 210, 239, 208, 239, 207, 239, 207, 239, 207, 239, 205, 239, 208, 239, 210, 239, 209, 239, 209, 239, 210, 239, 209, 239, 208, 239, 208, 239, 208, 239, 84, 1, 83, 1, 82, 1, 82, 1, 83, 1, 82, 1, 83, 1, 84, 1, 84, 1, 85, 1, 83, 1, 84, 1, 82, 1, 80, 1, 81, 1, 82, 1, 84, 1, 83, 1, 82, 1, 82, 1, 82, 1, 82, 1, 83, 1, 83, 1, 83, 1, 26, 0, 248, 17, 254]
1762250446625;F5:15:8C:96:83:4F;[36, 33, 69, 37, 0, 61, 37, 0, 66, 37, 0, 62, 37, 0, 65, 37, 0, 70, 37, 0, 57, 37, 0, 56, 37, 0, 57, 37, 0, 63, 37, 0, 66, 37, 0, 65, 37, 0, 62, 37, 0, 66, 37, 0, 62, 37, 0, 65, 37, 0, 62, 37, 0, 68, 37, 0, 64, 37, 0, 59, 37, 0, 55, 37, 0, 56, 37, 0, 63, 37, 0, 58, 37, 0, 62, 37, 0, 60, 0, 60, 0, 59, 0, 58, 0, 57, 0, 58, 0, 57, 0, 59, 0, 59, 0, 61, 0, 60, 0, 59, 0, 59, 0, 60, 0, 60, 0, 60, 0, 60, 0, 60, 0, 61, 0, 59, 0, 58, 0, 59, 0, 59, 0, 61, 0, 62, 0, 209, 239, 208, 239, 208, 239, 208, 239, 210, 239, 206, 239, 206, 239, 206, 239, 205, 239, 206, 239, 206, 239, 206, 239, 209, 239, 208, 239, 207, 239, 209, 239, 210, 239, 211, 239, 211, 239, 210, 239, 210, 239, 209, 239, 207, 239, 207, 239, 207, 239, 84, 1, 84, 1, 84, 1, 85, 1, 85, 1, 86, 1, 85, 1, 83, 1, 82, 1, 81, 1, 81, 1, 83, 1, 81, 1, 81, 1, 81, 1, 83, 1, 84, 1, 84, 1, 86, 1, 84, 1, 82, 1, 79, 1, 79, 1, 81, 1, 83, 1, 26, 0, 26, 0, 248, 17, 0, 18, 255]
1762250446817;F5:15:8C:96:83:4F;[32, 33, 60, 37, 0, 55, 37, 0, 54, 37, 0, 57, 37, 0, 58, 37, 0, 62, 37, 0, 60, 37, 0, 54, 37, 0, 51, 37, 0, 52, 37, 0, 60, 37, 0, 63, 37, 0, 57, 37, 0, 59, 37, 0, 61, 37, 0, 49, 37, 0, 47, 37, 0, 59, 37, 0, 53, 37, 0, 56, 37, 0, 52, 37, 0, 49, 37, 0, 55, 37, 0, 52, 37, 0, 66, 37, 0, 62, 0, 59, 0, 59, 0, 61, 0, 60, 0, 59, 0, 58, 0, 58, 0, 58, 0, 57, 0, 57, 0, 60, 0, 60, 0, 61, 0, 62, 0, 60, 0, 59, 0, 59, 0, 60, 0, 60, 0, 61, 0, 61, 0, 62, 0, 62, 0, 59, 0, 208, 239, 208, 239, 208, 239, 209, 239, 209, 239, 210, 239, 209, 239, 210, 239, 210, 239, 207, 239, 206, 239, 207, 239, 207, 239, 206, 239, 208, 239, 210, 239, 211, 239, 209, 239, 208, 239, 209, 239, 209, 239, 208, 239, 208, 239, 208, 239, 206, 239, 83, 1, 82, 1, 80, 1, 79, 1, 79, 1, 79, 1, 80, 1, 82, 1, 79, 1, 80, 1, 79, 1, 79, 1, 82, 1, 83, 1, 82, 1, 82, 1, 79, 1, 78, 1, 80, 1, 82, 1, 82, 1, 81, 1, 83, 1, 84, 1, 84, 1, 26, 0, 248, 17, 0]
1762250447102;F5:15:8C:96:83:4F;[32, 33, 55, 37, 0, 46, 37, 0, 44, 37, 0, 57, 37, 0, 53, 37, 0, 62, 37, 0, 54, 37, 0, 53, 37, 0, 51, 37, 0, 51, 37, 0, 59, 37, 0, 54, 37, 0, 54, 37, 0, 54, 37, 0, 49, 37, 0, 49, 37, 0, 56, 37, 0, 49, 37, 0, 53, 37, 0, 55, 37, 0, 53, 37, 0, 50, 37, 0, 48, 37, 0, 49, 37, 0, 53, 37, 0, 56, 0, 53, 0, 53, 0, 57, 0, 59, 0, 60, 0, 61, 0, 59, 0, 60, 0, 60, 0, 60, 0, 62, 0, 63, 0, 62, 0, 62, 0, 60, 0, 58, 0, 56, 0, 56, 0, 56, 0, 60, 0, 61, 0, 61, 0, 59, 0, 58, 0, 206, 239, 206, 239, 207, 239, 209, 239, 209, 239, 210, 239, 210, 239, 210, 239, 209, 239, 206, 239, 206, 239, 206, 239, 204, 239, 205, 239, 205, 239, 207, 239, 207, 239, 207, 239, 209, 239, 207, 239, 208, 239, 205, 239, 206, 239, 208, 239, 209, 239, 86, 1, 83, 1, 82, 1, 80, 1, 81, 1, 82, 1, 85, 1, 84, 1, 84, 1, 83, 1, 82, 1, 83, 1, 86, 1, 85, 1, 83, 1, 81, 1, 82, 1, 82, 1, 82, 1, 83, 1, 81, 1, 80, 1, 81, 1, 80, 1, 81, 1, 26, 0, 248, 17, 1]
1762250447342;F5:15:8C:96:83:4F;[32, 33, 56, 37, 0, 45, 37, 0, 40, 37, 0, 44, 37, 0, 51, 37, 0, 55, 37, 0, 57, 37, 0, 46, 37, 0, 46, 37, 0, 46, 37, 0, 50, 37, 0, 57, 37, 0, 61, 37, 0, 46, 37, 0, 48, 37, 0, 47, 37, 0, 50, 37, 0, 51, 37, 0, 51, 37, 0, 53, 37, 0, 55, 37, 0, 44, 37, 0, 49, 37, 0, 46, 37, 0, 45, 37, 0, 56, 0, 56, 0, 57, 0, 60, 0, 61, 0, 63, 0, 62, 0, 59, 0, 57, 0, 57, 0, 59, 0, 61, 0, 61, 0, 60, 0, 57, 0, 56, 0, 53, 0, 54, 0, 56, 0, 58, 0, 61, 0, 64, 0, 65, 0, 62, 0, 60, 0, 209, 239, 209, 239, 207, 239, 206, 239, 208, 239, 207, 239, 211, 239, 209, 239, 208, 239, 206, 239, 207, 239, 208, 239, 210, 239, 211, 239, 212, 239, 211, 239, 211, 239, 209, 239, 208, 239, 206, 239, 205, 239, 205, 239, 206, 239, 207, 239, 205, 239, 83, 1, 82, 1, 80, 1, 79, 1, 78, 1, 79, 1, 83, 1, 82, 1, 79, 1, 79, 1, 79, 1, 78, 1, 83, 1, 86, 1, 85, 1, 82, 1, 78, 1, 78, 1, 81, 1, 82, 1, 82, 1, 82, 1, 82, 1, 80, 1, 81, 1, 26, 0, 248, 17, 2]
1762250447616;F5:15:8C:96:83:4F;[36, 33, 49, 37, 0, 48, 37, 0, 56, 37, 0, 48, 37, 0, 49, 37, 0, 52, 37, 0, 45, 37, 0, 54, 37, 0, 52, 37, 0, 46, 37, 0, 49, 37, 0, 53, 37, 0, 50, 37, 0, 51, 37, 0, 47, 37, 0, 46, 37, 0, 49, 37, 0, 56, 37, 0, 49, 37, 0, 47, 37, 0, 54, 37, 0, 50, 37, 0, 53, 37, 0, 48, 37, 0, 54, 37, 0, 59, 0, 59, 0, 58, 0, 59, 0, 59, 0, 61, 0, 57, 0, 58, 0, 58, 0, 60, 0, 61, 0, 62, 0, 62, 0, 61, 0, 58, 0, 57, 0, 57, 0, 58, 0, 60, 0, 60, 0, 58, 0, 59, 0, 58, 0, 56, 0, 57, 0, 204, 239, 205, 239, 205, 239, 208, 239, 208, 239, 209, 239, 209, 239, 208, 239, 206, 239, 207, 239, 208, 239, 209, 239, 209, 239, 210, 239, 209, 239, 210, 239, 209, 239, 210, 239, 212, 239, 212, 239, 213, 239, 213, 239, 214, 239, 212, 239, 210, 239, 82, 1, 82, 1, 83, 1, 83, 1, 83, 1, 82, 1, 82, 1, 82, 1, 81, 1, 79, 1, 78, 1, 78, 1, 80, 1, 79, 1, 80, 1, 80, 1, 80, 1, 80, 1, 80, 1, 83, 1, 82, 1, 80, 1, 78, 1, 80, 1, 79, 1, 26, 0, 26, 0, 248, 17, 248, 17, 3]
1762250447816;F5:15:8C:96:83:4F;[32, 33, 49, 37, 0, 47, 37, 0, 50, 37, 0, 53, 37, 0, 49, 37, 0, 49, 37, 0, 54, 37, 0, 58, 37, 0, 54, 37, 0, 52, 37, 0, 54, 37, 0, 49, 37, 0, 53, 37, 0, 55, 37, 0, 56, 37, 0, 61, 37, 0, 48, 37, 0, 53, 37, 0, 56, 37, 0, 66, 37, 0, 53, 37, 0, 43, 37, 0, 46, 37, 0, 56, 37, 0, 62, 37, 0, 59, 0, 60, 0, 61, 0, 61, 0, 61, 0, 60, 0, 61, 0, 61, 0, 61, 0, 60, 0, 60, 0, 61, 0, 59, 0, 58, 0, 57, 0, 58, 0, 59, 0, 63, 0, 62, 0, 63, 0, 62, 0, 59, 0, 57, 0, 57, 0, 58, 0, 210, 239, 210, 239, 212, 239, 211, 239, 212, 239, 212, 239, 212, 239, 211, 239, 207, 239, 203, 239, 207, 239, 210, 239, 209, 239, 210, 239, 210, 239, 210, 239, 208, 239, 208, 239, 206, 239, 206, 239, 206, 239, 208, 239, 210, 239, 207, 239, 208, 239, 79, 1, 81, 1, 80, 1, 82, 1, 81, 1, 81, 1, 79, 1, 81, 1, 84, 1, 85, 1, 81, 1, 82, 1, 82, 1, 81, 1, 83, 1, 83, 1, 83, 1, 81, 1, 81, 1, 84, 1, 84, 1, 80, 1, 78, 1, 76, 1, 79, 1, 26, 0, 248, 17, 4]
1762250448085;F5:15:8C:96:83:4F;[32, 33, 58, 37, 0, 55, 37, 0, 57, 37, 0, 45, 37, 0, 39, 37, 0, 56, 37, 0, 58, 37, 0, 58, 37, 0, 54, 37, 0, 64, 37, 0, 55, 37, 0, 48, 37, 0, 53, 37, 0, 61, 37, 0, 66, 37, 0, 55, 37, 0, 62, 37, 0, 60, 37, 0, 69, 37, 0, 67, 37, 0, 54, 37, 0, 54, 37, 0, 51, 37, 0, 62, 37, 0, 62, 37, 0, 59, 0, 61, 0, 61, 0, 58, 0, 59, 0, 59, 0, 60, 0, 60, 0, 61, 0, 60, 0, 60, 0, 58, 0, 57, 0, 56, 0, 56, 0, 57, 0, 60, 0, 62, 0, 62, 0, 64, 0, 60, 0, 58, 0, 59, 0, 61, 0, 59, 0, 209, 239, 210, 239, 209, 239, 206, 239, 206, 239, 207, 239, 206, 239, 206, 239, 209, 239, 208, 239, 205, 239, 207, 239, 212, 239, 209, 239, 209, 239, 210, 239, 210, 239, 209, 239, 209, 239, 208, 239, 208, 239, 209, 239, 210, 239, 207, 239, 206, 239, 81, 1, 82, 1, 82, 1, 81, 1, 76, 1, 76, 1, 77, 1, 78, 1, 81, 1, 81, 1, 82, 1, 79, 1, 77, 1, 79, 1, 81, 1, 83, 1, 82, 1, 82, 1, 86, 1, 87, 1, 89, 1, 86, 1, 82, 1, 79, 1, 80, 1, 26, 0, 248, 17, 5]
1762250448342;F5:15:8C:96:83:4F;[32, 33, 55, 37, 0, 62, 37, 0, 69, 37, 0, 57, 37, 0, 49, 37, 0, 57, 37, 0, 59, 37, 0, 65, 37, 0, 71, 37, 0, 66, 37, 0, 62, 37, 0, 56, 37, 0, 61, 37, 0, 64, 37, 0, 69, 37, 0, 70, 37, 0, 60, 37, 0, 60, 37, 0, 64, 37, 0, 69, 37, 0, 74, 37, 0, 63, 37, 0, 61, 37, 0, 63, 37, 0, 72, 37, 0, 61, 0, 66, 0, 63, 0, 61, 0, 62, 0, 59, 0, 61, 0, 62, 0, 62, 0, 62, 0, 60, 0, 59, 0, 58, 0, 57, 0, 59, 0, 60, 0, 62, 0, 64, 0, 64, 0, 62, 0, 61, 0, 59, 0, 60, 0, 60, 0, 62, 0, 211, 239, 214, 239, 209, 239, 208, 239, 210, 239, 208, 239, 205, 239, 206, 239, 210, 239, 212, 239, 209, 239, 209, 239, 210, 239, 211, 239, 208, 239, 211, 239, 207, 239, 210, 239, 206, 239, 208, 239, 206, 239, 208, 239, 206, 239, 208, 239, 206, 239, 78, 1, 80, 1, 83, 1, 82, 1, 79, 1, 78, 1, 80, 1, 83, 1, 86, 1, 87, 1, 87, 1, 83, 1, 80, 1, 80, 1, 82, 1, 83, 1, 83, 1, 82, 1, 83, 1, 82, 1, 81, 1, 80, 1, 79, 1, 76, 1, 78, 1, 26, 0, 248, 17, 6]
1762250448564;F5:15:8C:96:83:4F;[36, 33, 78, 37, 0, 78, 37, 0, 69, 37, 0, 60, 37, 0, 54, 37, 0, 59, 37, 0, 76, 37, 0, 76, 37, 0, 80, 37, 0, 71, 37, 0, 60, 37, 0, 62, 37, 0, 66, 37, 0, 72, 37, 0, 68, 37, 0, 74, 37, 0, 72, 37, 0, 78, 37, 0, 68, 37, 0, 64, 37, 0, 71, 37, 0, 71, 37, 0, 79, 37, 0, 74, 37, 0, 80, 37, 0, 62, 0, 63, 0, 62, 0, 59, 0, 57, 0, 57, 0, 58, 0, 59, 0, 61, 0, 63, 0, 62, 0, 60, 0, 58, 0, 55, 0, 55, 0, 58, 0, 58, 0, 59, 0, 58, 0, 58, 0, 56, 0, 55, 0, 54, 0, 56, 0, 57, 0, 208, 239, 207, 239, 205, 239, 207, 239, 209, 239, 208, 239, 207, 239, 209, 239, 210, 239, 210, 239, 210, 239, 210, 239, 209, 239, 208, 239, 209, 239, 209, 239, 208, 239, 210, 239, 209, 239, 209, 239, 210, 239, 208, 239, 207, 239, 206, 239, 205, 239, 82, 1, 85, 1, 83, 1, 81, 1, 79, 1, 76, 1, 79, 1, 80, 1, 80, 1, 82, 1, 83, 1, 82, 1, 80, 1, 80, 1, 80, 1, 81, 1, 83, 1, 84, 1, 86, 1, 84, 1, 82, 1, 81, 1, 79, 1, 78, 1, 78, 1, 26, 0, 26, 0, 248, 17, 240, 17, 7]
1762250448826;F5:15:8C:96:83:4F;[32, 33, 76, 37, 0, 80, 37, 0, 76, 37, 0, 69, 37, 0, 76, 37, 0, 81, 37, 0, 80, 37, 0, 79, 37, 0, 80, 37, 0, 74, 37, 0, 76, 37, 0, 71, 37, 0, 76, 37, 0, 76, 37, 0, 85, 37, 0, 83, 37, 0, 84, 37, 0, 84, 37, 0, 86, 37, 0, 84, 37, 0, 87, 37, 0, 83, 37, 0, 86, 37, 0, 82, 37, 0, 80, 37, 0, 58, 0, 58, 0, 58, 0, 57, 0, 57, 0, 58, 0, 59, 0, 58, 0, 57, 0, 60, 0, 60, 0, 60, 0, 60, 0, 62, 0, 63, 0, 64, 0, 62, 0, 60, 0, 59, 0, 57, 0, 59, 0, 59, 0, 60, 0, 62, 0, 61, 0, 207, 239, 208, 239, 208, 239, 208, 239, 208, 239, 209, 239, 209, 239, 211, 239, 211, 239, 210, 239, 210, 239, 207, 239, 209, 239, 208, 239, 206, 239, 206, 239, 206, 239, 208, 239, 208, 239, 208, 239, 208, 239, 209, 239, 209, 239, 209, 239, 209, 239, 78, 1, 77, 1, 77, 1, 78, 1, 79, 1, 79, 1, 81, 1, 82, 1, 82, 1, 82, 1, 82, 1, 82, 1, 81, 1, 81, 1, 82, 1, 79, 1, 82, 1, 82, 1, 83, 1, 82, 1, 82, 1, 81, 1, 82, 1, 82, 1, 82, 1, 26, 0, 248, 17, 8]
1762250449110;F5:15:8C:96:83:4F;[32, 33, 79, 37, 0, 79, 37, 0, 77, 37, 0, 76, 37, 0, 80, 37, 0, 84, 37, 0, 81, 37, 0, 80, 37, 0, 81, 37, 0, 76, 37, 0, 84, 37, 0, 81, 37, 0, 84, 37, 0, 76, 37, 0, 80, 37, 0, 79, 37, 0, 83, 37, 0, 80, 37, 0, 81, 37, 0, 82, 37, 0, 79, 37, 0, 81, 37, 0, 84, 37, 0, 81, 37, 0, 80, 37, 0, 59, 0, 58, 0, 57, 0, 58, 0, 60, 0, 60, 0, 61, 0, 60, 0, 58, 0, 59, 0, 58, 0, 59, 0, 62, 0, 63, 0, 61, 0, 60, 0, 60, 0, 60, 0, 58, 0, 58, 0, 62, 0, 62, 0, 63, 0, 58, 0, 59, 0, 208, 239, 205, 239, 205, 239, 205, 239, 207, 239, 206, 239, 206, 239, 208, 239, 209, 239, 210, 239, 210, 239, 210, 239, 209, 239, 207, 239, 205, 239, 206, 239, 207, 239, 206, 239, 207, 239, 207, 239, 208, 239, 206, 239, 203, 239, 205, 239, 207, 239, 82, 1, 81, 1, 80, 1, 81, 1, 80, 1, 83, 1, 83, 1, 84, 1, 83, 1, 83, 1, 83, 1, 84, 1, 83, 1, 81, 1, 81, 1, 80, 1, 80, 1, 82, 1, 83, 1, 84, 1, 84, 1, 85, 1, 85, 1, 85, 1, 84, 1, 27, 0, 248, 17, 9]
1762250449323;F5:15:8C:96:83:4F;[32, 33, 92, 37, 0, 84, 37, 0, 81, 37, 0, 87, 37, 0, 86, 37, 0, 80, 37, 0, 83, 37, 0, 89, 37, 0, 84, 37, 0, 82, 37, 0, 85, 37, 0, 83, 37, 0, 89, 37, 0, 81, 37, 0, 79, 37, 0, 81, 37, 0, 81, 37, 0, 87, 37, 0, 82, 37, 0, 84, 37, 0, 83, 37, 0, 84, 37, 0, 76, 37, 0, 81, 37, 0, 84, 37, 0, 58, 0, 58, 0, 62, 0, 61, 0, 63, 0, 62, 0, 62, 0, 60, 0, 58, 0, 57, 0, 56, 0, 57, 0, 60, 0, 60, 0, 60, 0, 60, 0, 59, 0, 58, 0, 57, 0, 58, 0, 59, 0, 60, 0, 58, 0, 58, 0, 61, 0, 207, 239, 207, 239, 204, 239, 206, 239, 209, 239, 210, 239, 210, 239, 210, 239, 208, 239, 208, 239, 206, 239, 207, 239, 209, 239, 207, 239, 209, 239, 209, 239, 209, 239, 208, 239, 207, 239, 207, 239, 207, 239, 207, 239, 204, 239, 206, 239, 208, 239, 84, 1, 80, 1, 82, 1, 81, 1, 81, 1, 82, 1, 83, 1, 82, 1, 82, 1, 81, 1, 80, 1, 80, 1, 80, 1, 84, 1, 83, 1, 81, 1, 81, 1, 82, 1, 83, 1, 83, 1, 80, 1, 82, 1, 83, 1, 82, 1, 84, 1, 27, 0, 248, 17, 10]
1762250449612;F5:15:8C:96:83:4F;[36, 33, 85, 37, 0, 86, 37, 0, 81, 37, 0, 87, 37, 0, 81, 37, 0, 83, 37, 0, 79, 37, 0, 93, 37, 0, 82, 37, 0, 82, 37, 0, 81, 37, 0, 77, 37, 0, 81, 37, 0, 84, 37, 0, 86, 37, 0, 86, 37, 0, 82, 37, 0, 86, 37, 0, 88, 37, 0, 86, 37, 0, 88, 37, 0, 87, 37, 0, 81, 37, 0, 79, 37, 0, 80, 37, 0, 61, 0, 61, 0, 59, 0, 59, 0, 60, 0, 63, 0, 63, 0, 63, 0, 64, 0, 65, 0, 63, 0, 63, 0, 61, 0, 60, 0, 59, 0, 57, 0, 59, 0, 61, 0, 59, 0, 59, 0, 59, 0, 59, 0, 59, 0, 59, 0, 60, 0, 209, 239, 209, 239, 209, 239, 208, 239, 206, 239, 205, 239, 208, 239, 209, 239, 207, 239, 206, 239, 208, 239, 209, 239, 209, 239, 208, 239, 207, 239, 210, 239, 210, 239, 206, 239, 206, 239, 206, 239, 206, 239, 205, 239, 206, 239, 208, 239, 207, 239, 85, 1, 85, 1, 85, 1, 83, 1, 83, 1, 83, 1, 81, 1, 82, 1, 84, 1, 82, 1, 80, 1, 79, 1, 79, 1, 79, 1, 78, 1, 80, 1, 83, 1, 84, 1, 84, 1, 82, 1, 81, 1, 80, 1, 79, 1, 79, 1, 79, 1, 26, 0, 26, 0, 240, 17, 248, 17, 11]
1762250449803;F5:15:8C:96:83:4F;[32, 33, 89, 37, 0, 85, 37, 0, 84, 37, 0, 86, 37, 0, 88, 37, 0, 85, 37, 0, 83, 37, 0, 83, 37, 0, 87, 37, 0, 81, 37, 0, 88, 37, 0, 85, 37, 0, 81, 37, 0, 84, 37, 0, 81, 37, 0, 84, 37, 0, 90, 37, 0, 86, 37, 0, 83, 37, 0, 80, 37, 0, 89, 37, 0, 79, 37, 0, 80, 37, 0, 77, 37, 0, 88, 37, 0, 61, 0, 61, 0, 60, 0, 60, 0, 61, 0, 60, 0, 61, 0, 62, 0, 60, 0, 60, 0, 62, 0, 62, 0, 61, 0, 60, 0, 60, 0, 58, 0, 58, 0, 59, 0, 59, 0, 59, 0, 58, 0, 60, 0, 59, 0, 60, 0, 63, 0, 206, 239, 207, 239, 207, 239, 206, 239, 206, 239, 207, 239, 209, 239, 209, 239, 207, 239, 207, 239, 209, 239, 208, 239, 205, 239, 205, 239, 206, 239, 206, 239, 202, 239, 204, 239, 206, 239, 208, 239, 206, 239, 206, 239, 208, 239, 208, 239, 207, 239, 80, 1, 82, 1, 81, 1, 82, 1, 82, 1, 83, 1, 82, 1, 81, 1, 81, 1, 81, 1, 80, 1, 82, 1, 81, 1, 81, 1, 78, 1, 79, 1, 80, 1, 79, 1, 82, 1, 84, 1, 84, 1, 84, 1, 85, 1, 83, 1, 84, 1, 26, 0, 248, 17, 12]
1762250450052;F5:15:8C:96:83:4F;[32, 33, 87, 37, 0, 87, 37, 0, 92, 37, 0, 86, 37, 0, 84, 37, 0, 88, 37, 0, 84, 37, 0, 88, 37, 0, 85, 37, 0, 91, 37, 0, 84, 37, 0, 82, 37, 0, 79, 37, 0, 94, 37, 0, 84, 37, 0, 87, 37, 0, 79, 37, 0, 80, 37, 0, 81, 37, 0, 87, 37, 0, 78, 37, 0, 86, 37, 0, 77, 37, 0, 85, 37, 0, 81, 37, 0, 64, 0, 63, 0, 61, 0, 61, 0, 58, 0, 59, 0, 192, 190, 59, 0, 59, 0, 58, 0, 58, 0, 58, 0, 59, 0, 56, 0, 56, 0, 58, 0, 58, 0, 56, 0, 56, 0, 58, 0, 59, 0, 58, 0, 58, 0, 58, 0, 59, 0, 204, 239, 209, 239, 210, 239, 208, 239, 205, 239, 209, 239, 235, 202, 205, 239, 206, 239, 207, 239, 208, 239, 206, 239, 204, 239, 206, 239, 206, 239, 206, 239, 208, 239, 208, 239, 206, 239, 207, 239, 207, 239, 209, 239, 210, 239, 209, 239, 210, 239, 87, 1, 84, 1, 84, 1, 84, 1, 83, 1, 81, 1, 3, 0, 82, 1, 83, 1, 83, 1, 82, 1, 83, 1, 83, 1, 81, 1, 83, 1, 85, 1, 85, 1, 84, 1, 84, 1, 81, 1, 81, 1, 81, 1, 83, 1, 82, 1, 83, 1, 26, 0, 248, 17, 13]
1762250450335;F5:15:8C:96:83:4F;[32, 33, 85, 37, 0, 86, 37, 0, 80, 37, 0, 82, 37, 0, 80, 37, 0, 78, 37, 0, 77, 37, 0, 77, 37, 0, 91, 37, 0, 82, 37, 0, 87, 37, 0, 84, 37, 0, 80, 37, 0, 78, 37, 0, 84, 37, 0, 83, 37, 0, 84, 37, 0, 74, 37, 0, 81, 37, 0, 70, 37, 0, 85, 37, 0, 75, 37, 0, 77, 37, 0, 84, 37, 0, 81, 37, 0, 58, 0, 59, 0, 60, 0, 59, 0, 59, 0, 61, 0, 59, 0, 59, 0, 58, 0, 59, 0, 60, 0, 60, 0, 60, 0, 60, 0, 61, 0, 59, 0, 60, 0, 59, 0, 62, 0, 61, 0, 60, 0, 59, 0, 58, 0, 59, 0, 56, 0, 210, 239, 210, 239, 210, 239, 211, 239, 211, 239, 211, 239, 211, 239, 210, 239, 210, 239, 210, 239, 211, 239, 209, 239, 208, 239, 209, 239, 211, 239, 210, 239, 209, 239, 209, 239, 212, 239, 210, 239, 211, 239, 211, 239, 213, 239, 209, 239, 208, 239, 84, 1, 82, 1, 84, 1, 84, 1, 84, 1, 83, 1, 84, 1, 84, 1, 85, 1, 84, 1, 84, 1, 83, 1, 82, 1, 80, 1, 81, 1, 81, 1, 82, 1, 81, 1, 81, 1, 82, 1, 81, 1, 81, 1, 80, 1, 81, 1, 83, 1, 26, 0, 248, 17, 14]
1762250450550;F5:15:8C:96:83:4F;[36, 33, 83, 37, 0, 74, 37, 0, 78, 37, 0, 72, 37, 0, 77, 37, 0, 82, 37, 0, 78, 37, 0, 82, 37, 0, 75, 37, 0, 78, 37, 0, 73, 37, 0, 78, 37, 0, 83, 37, 0, 72, 37, 0, 84, 37, 0, 75, 37, 0, 86, 37, 0, 73, 37, 0, 81, 37, 0, 76, 37, 0, 70, 37, 0, 70, 37, 0, 73, 37, 0, 66, 37, 0, 69, 37, 0, 57, 0, 56, 0, 53, 0, 56, 0, 56, 0, 55, 0, 55, 0, 56, 0, 56, 0, 57, 0, 58, 0, 59, 0, 59, 0, 59, 0, 56, 0, 57, 0, 56, 0, 57, 0, 56, 0, 55, 0, 56, 0, 55, 0, 54, 0, 54, 0, 55, 0, 209, 239, 210, 239, 207, 239, 208, 239, 207, 239, 207, 239, 207, 239, 208, 239, 206, 239, 207, 239, 207, 239, 209, 239, 209, 239, 210, 239, 210, 239, 209, 239, 206, 239, 209, 239, 209, 239, 207, 239, 209, 239, 208, 239, 208, 239, 209, 239, 208, 239, 84, 1, 83, 1, 82, 1, 81, 1, 80, 1, 79, 1, 80, 1, 83, 1, 84, 1, 84, 1, 82, 1, 83, 1, 85, 1, 85, 1, 84, 1, 84, 1, 83, 1, 80, 1, 81, 1, 83, 1, 84, 1, 82, 1, 81, 1, 81, 1, 82, 1, 26, 0, 26, 0, 240, 17, 240, 17, 15]
1762250450837;F5:15:8C:96:83:4F;[32, 33, 72, 37, 0, 75, 37, 0, 70, 37, 0, 74, 37, 0, 78, 37, 0, 72, 37, 0, 74, 37, 0, 68, 37, 0, 70, 37, 0, 64, 37, 0, 68, 37, 0, 68, 37, 0, 69, 37, 0, 67, 37, 0, 69, 37, 0, 78, 37, 0, 74, 37, 0, 70, 37, 0, 76, 37, 0, 70, 37, 0, 70, 37, 0, 66, 37, 0, 67, 37, 0, 62, 37, 0, 72, 37, 0, 56, 0, 58, 0, 57, 0, 59, 0, 59, 0, 59, 0, 60, 0, 59, 0, 59, 0, 58, 0, 58, 0, 58, 0, 57, 0, 58, 0, 60, 0, 59, 0, 57, 0, 57, 0, 57, 0, 57, 0, 59, 0, 58, 0, 58, 0, 59, 0, 59, 0, 208, 239, 207, 239, 207, 239, 208, 239, 209, 239, 211, 239, 210, 239, 210, 239, 210, 239, 210, 239, 209, 239, 209, 239, 209, 239, 209, 239, 209, 239, 209, 239, 209, 239, 207, 239, 205, 239, 206, 239, 208, 239, 207, 239, 207, 239, 209, 239, 206, 239, 81, 1, 81, 1, 82, 1, 83, 1, 82, 1, 82, 1, 83, 1, 83, 1, 82, 1, 82, 1, 82, 1, 79, 1, 78, 1, 78, 1, 80, 1, 81, 1, 81, 1, 81, 1, 82, 1, 83, 1, 83, 1, 85, 1, 84, 1, 82, 1, 83, 1, 26, 0, 248, 17, 16]
1762250451070;F5:15:8C:96:83:4F;[32, 33, 68, 37, 0, 69, 37, 0, 70, 37, 0, 65, 37, 0, 67, 37, 0, 64, 37, 0, 63, 37, 0, 68, 37, 0, 66, 37, 0, 74, 37, 0, 61, 37, 0, 59, 37, 0, 59, 37, 0, 65, 37, 0, 63, 37, 0, 63, 37, 0, 63, 37, 0, 63, 37, 0, 65, 37, 0, 62, 37, 0, 59, 37, 0, 61, 37, 0, 66, 37, 0, 70, 37, 0, 64, 37, 0, 60, 0, 59, 0, 61, 0, 59, 0, 57, 0, 58, 0, 57, 0, 57, 0, 58, 0, 60, 0, 58, 0, 58, 0, 57, 0, 57, 0, 56, 0, 58, 0, 59, 0, 61, 0, 62, 0, 59, 0, 58, 0, 59, 0, 58, 0, 60, 0, 60, 0, 206, 239, 207, 239, 208, 239, 205, 239, 208, 239, 208, 239, 206, 239, 207, 239, 209, 239, 209, 239, 209, 239, 208, 239, 209, 239, 207, 239, 209, 239, 210, 239, 210, 239, 209, 239, 207, 239, 206, 239, 205, 239, 207, 239, 207, 239, 206, 239, 212, 239, 82, 1, 80, 1, 81, 1, 82, 1, 81, 1, 80, 1, 80, 1, 81, 1, 82, 1, 83, 1, 83, 1, 81, 1, 80, 1, 80, 1, 81, 1, 80, 1, 82, 1, 82, 1, 81, 1, 81, 1, 79, 1, 80, 1, 81, 1, 82, 1, 81, 1, 26, 0, 248, 17, 17]
1762250451338;F5:15:8C:96:83:4F;[32, 33, 58, 37, 0, 61, 37, 0, 54, 37, 0, 60, 37, 0, 64, 37, 0, 56, 37, 0, 50, 37, 0, 50, 37, 0, 51, 37, 0, 60, 37, 0, 67, 37, 0, 58, 37, 0, 49, 37, 0, 48, 37, 0, 50, 37, 0, 59, 37, 0, 60, 37, 0, 58, 37, 0, 57, 37, 0, 49, 37, 0, 56, 37, 0, 51, 37, 0, 60, 37, 0, 55, 37, 0, 50, 37, 0, 60, 0, 59, 0, 60, 0, 62, 0, 61, 0, 60, 0, 61, 0, 59, 0, 62, 0, 62, 0, 58, 0, 60, 0, 59, 0, 62, 0, 61, 0, 62, 0, 62, 0, 60, 0, 60, 0, 59, 0, 61, 0, 61, 0, 62, 0, 61, 0, 61, 0, 210, 239, 208, 239, 207, 239, 209, 239, 210, 239, 208, 239, 206, 239, 208, 239, 208, 239, 209, 239, 206, 239, 210, 239, 207, 239, 207, 239, 206, 239, 206, 239, 208, 239, 209, 239, 207, 239, 204, 239, 209, 239, 209, 239, 209, 239, 208, 239, 209, 239, 81, 1, 83, 1, 81, 1, 82, 1, 83, 1, 82, 1, 80, 1, 76, 1, 77, 1, 81, 1, 83, 1, 85, 1, 85, 1, 83, 1, 81, 1, 82, 1, 82, 1, 84, 1, 83, 1, 81, 1, 79, 1, 79, 1, 81, 1, 81, 1, 81, 1, 26, 0, 248, 17, 18]
1762250451555;F5:15:8C:96:83:4F;[36, 33, 44, 37, 0, 48, 37, 0, 53, 37, 0, 53, 37, 0, 52, 37, 0, 51, 37, 0, 51, 37, 0, 47, 37, 0, 52, 37, 0, 54, 37, 0, 47, 37, 0, 56, 37, 0, 55, 37, 0, 52, 37, 0, 44, 37, 0, 56, 37, 0, 51, 37, 0, 53, 37, 0, 52, 37, 0, 47, 37, 0, 47, 37, 0, 46, 37, 0, 49, 37, 0, 46, 37, 0, 49, 37, 0, 61, 0, 61, 0, 60, 0, 61, 0, 62, 0, 63, 0, 62, 0, 61, 0, 61, 0, 61, 0, 61, 0, 62, 0, 63, 0, 62, 0, 61, 0, 60, 0, 60, 0, 60, 0, 57, 0, 59, 0, 59, 0, 58, 0, 59, 0, 57, 0, 58, 0, 209, 239, 208, 239, 209, 239, 210, 239, 208, 239, 206, 239, 207, 239, 210, 239, 209, 239, 208, 239, 210, 239, 209, 239, 209, 239, 208, 239, 208, 239, 209, 239, 207, 239, 207, 239, 208, 239, 208, 239, 209, 239, 208, 239, 210, 239, 210, 239, 209, 239, 80, 1, 81, 1, 78, 1, 80, 1, 81, 1, 82, 1, 81, 1, 80, 1, 79, 1, 80, 1, 82, 1, 82, 1, 82, 1, 83, 1, 80, 1, 81, 1, 82, 1, 82, 1, 82, 1, 83, 1, 82, 1, 81, 1, 80, 1, 80, 1, 79, 1, 26, 0, 26, 0, 248, 17, 248, 17, 19]
1762250451864;F5:15:8C:96:83:4F;[32, 33, 48, 37, 0, 45, 37, 0, 48, 37, 0, 49, 37, 0, 51, 37, 0, 40, 37, 0, 47, 37, 0, 46, 37, 0, 50, 37, 0, 51, 37, 0, 51, 37, 0, 47, 37, 0, 46, 37, 0, 43, 37, 0, 47, 37, 0, 44, 37, 0, 43, 37, 0, 45, 37, 0, 42, 37, 0, 43, 37, 0, 41, 37, 0, 44, 37, 0, 39, 37, 0, 47, 37, 0, 47, 37, 0, 60, 0, 59, 0, 59, 0, 61, 0, 60, 0, 58, 0, 58, 0, 59, 0, 61, 0, 63, 0, 61, 0, 60, 0, 60, 0, 60, 0, 60, 0, 60, 0, 58, 0, 57, 0, 59, 0, 59, 0, 60, 0, 60, 0, 59, 0, 58, 0, 57, 0, 210, 239, 210, 239, 210, 239, 209, 239, 209, 239, 208, 239, 207, 239, 208, 239, 208, 239, 209, 239, 207, 239, 207, 239, 210, 239, 212, 239, 212, 239, 210, 239, 209, 239, 209, 239, 209, 239, 209, 239, 208, 239, 208, 239, 208, 239, 207, 239, 207, 239, 79, 1, 79, 1, 80, 1, 81, 1, 81, 1, 81, 1, 80, 1, 81, 1, 81, 1, 82, 1, 82, 1, 81, 1, 82, 1, 82, 1, 81, 1, 79, 1, 80, 1, 80, 1, 78, 1, 79, 1, 80, 1, 79, 1, 82, 1, 83, 1, 82, 1, 26, 0, 248, 17, 20]
1762250392227;F5:15:8C:96:83:4F;[32, 33, 122, 63, 0, 115, 63, 0, 120, 63, 0, 124, 63, 0, 120, 63, 0, 120, 63, 0, 120, 63, 0, 125, 63, 0, 124, 63, 0, 115, 63, 0, 125, 63, 0, 122, 63, 0, 122, 63, 0, 124, 63, 0, 116, 63, 0, 107, 63, 0, 112, 63, 0, 114, 63, 0, 118, 63, 0, 131, 63, 0, 132, 63, 0, 133, 63, 0, 121, 63, 0, 114, 63, 0, 112, 63, 0, 53, 0, 52, 0, 51, 0, 49, 0, 50, 0, 49, 0, 51, 0, 51, 0, 51, 0, 50, 0, 50, 0, 51, 0, 51, 0, 50, 0, 51, 0, 52, 0, 51, 0, 52, 0, 52, 0, 52, 0, 52, 0, 49, 0, 49, 0, 48, 0, 47, 0, 50, 240, 47, 240, 51, 240, 51, 240, 52, 240, 51, 240, 52, 240, 47, 240, 47, 240, 48, 240, 49, 240, 47, 240, 53, 240, 52, 240, 49, 240, 50, 240, 49, 240, 49, 240, 49, 240, 52, 240, 49, 240, 50, 240, 51, 240, 49, 240, 51, 240, 220, 3, 224, 3, 224, 3, 225, 3, 225, 3, 224, 3, 224, 3, 226, 3, 226, 3, 225, 3, 226, 3, 225, 3, 222, 3, 224, 3, 224, 3, 222, 3, 222, 3, 221, 3, 220, 3, 219, 3, 226, 3, 226, 3, 225, 3, 226, 3, 222, 3, 26, 0, 0, 18, 37]
1762250392512;F5:15:8C:96:83:4F;[32, 33, 110, 63, 0, 113, 63, 0, 123, 63, 0, 125, 63, 0, 120, 63, 0, 115, 63, 0, 112, 63, 0, 111, 63, 0, 122, 63, 0, 130, 63, 0, 127, 63, 0, 131, 63, 0, 125, 63, 0, 108, 63, 0, 114, 63, 0, 104, 63, 0, 114, 63, 0, 128, 63, 0, 133, 63, 0, 127, 63, 0, 122, 63, 0, 118, 63, 0, 116, 63, 0, 115, 63, 0, 120, 63, 0, 46, 0, 47, 0, 49, 0, 48, 0, 47, 0, 49, 0, 49, 0, 50, 0, 51, 0, 49, 0, 48, 0, 50, 0, 51, 0, 50, 0, 50, 0, 53, 0, 53, 0, 55, 0, 56, 0, 57, 0, 56, 0, 54, 0, 54, 0, 53, 0, 52, 0, 50, 240, 53, 240, 51, 240, 53, 240, 52, 240, 51, 240, 50, 240, 50, 240, 51, 240, 49, 240, 51, 240, 50, 240, 50, 240, 50, 240, 52, 240, 53, 240, 60, 240, 48, 240, 54, 240, 49, 240, 49, 240, 49, 240, 51, 240, 44, 240, 52, 240, 223, 3, 222, 3, 223, 3, 223, 3, 224, 3, 223, 3, 222, 3, 222, 3, 221, 3, 223, 3, 224, 3, 225, 3, 225, 3, 224, 3, 223, 3, 222, 3, 219, 3, 221, 3, 220, 3, 223, 3, 222, 3, 221, 3, 218, 3, 221, 3, 218, 3, 26, 0, 0, 18, 38]
1762250392722;F5:15:8C:96:83:4F;[36, 33, 136, 63, 0, 131, 63, 0, 134, 63, 0, 124, 63, 0, 120, 63, 0, 110, 63, 0, 113, 63, 0, 112, 63, 0, 128, 63, 0, 131, 63, 0, 133, 63, 0, 129, 63, 0, 122, 63, 0, 117, 63, 0, 124, 63, 0, 128, 63, 0, 129, 63, 0, 132, 63, 0, 132, 63, 0, 129, 63, 0, 126, 63, 0, 121, 63, 0, 118, 63, 0, 119, 63, 0, 128, 63, 0, 52, 0, 53, 0, 54, 0, 53, 0, 53, 0, 52, 0, 50, 0, 50, 0, 51, 0, 53, 0, 55, 0, 55, 0, 55, 0, 54, 0, 53, 0, 53, 0, 52, 0, 53, 0, 52, 0, 53, 0, 53, 0, 53, 0, 52, 0, 52, 0, 52, 0, 49, 240, 47, 240, 50, 240, 54, 240, 44, 240, 53, 240, 40, 240, 51, 240, 45, 240, 52, 240, 50, 240, 51, 240, 52, 240, 52, 240, 47, 240, 53, 240, 51, 240, 51, 240, 50, 240, 52, 240, 50, 240, 50, 240, 52, 240, 50, 240, 51, 240, 221, 3, 223, 3, 224, 3, 221, 3, 224, 3, 220, 3, 222, 3, 219, 3, 221, 3, 220, 3, 222, 3, 222, 3, 223, 3, 223, 3, 223, 3, 221, 3, 222, 3, 224, 3, 225, 3, 227, 3, 227, 3, 225, 3, 222, 3, 221, 3, 221, 3, 26, 0, 26, 0, 0, 18, 0, 18, 39]
1762250393016;F5:15:8C:96:83:4F;[32, 33, 128, 63, 0, 131, 63, 0, 137, 63, 0, 135, 63, 0, 130, 63, 0, 118, 63, 0, 126, 63, 0, 125, 63, 0, 131, 63, 0, 139, 63, 0, 132, 63, 0, 130, 63, 0, 114, 63, 0, 112, 63, 0, 115, 63, 0, 130, 63, 0, 136, 63, 0, 138, 63, 0, 131, 63, 0, 138, 63, 0, 137, 63, 0, 130, 63, 0, 117, 63, 0, 118, 63, 0, 117, 63, 0, 53, 0, 53, 0, 54, 0, 53, 0, 52, 0, 51, 0, 51, 0, 50, 0, 53, 0, 54, 0, 54, 0, 53, 0, 53, 0, 52, 0, 51, 0, 51, 0, 53, 0, 55, 0, 55, 0, 54, 0, 53, 0, 52, 0, 52, 0, 52, 0, 53, 0, 48, 240, 51, 240, 57, 240, 53, 240, 45, 240, 48, 240, 50, 240, 50, 240, 50, 240, 53, 240, 51, 240, 48, 240, 49, 240, 50, 240, 48, 240, 45, 240, 49, 240, 47, 240, 51, 240, 52, 240, 53, 240, 52, 240, 49, 240, 51, 240, 50, 240, 222, 3, 222, 3, 221, 3, 222, 3, 226, 3, 225, 3, 224, 3, 225, 3, 224, 3, 225, 3, 224, 3, 224, 3, 220, 3, 218, 3, 218, 3, 222, 3, 222, 3, 224, 3, 226, 3, 227, 3, 225, 3, 226, 3, 223, 3, 220, 3, 220, 3, 26, 0, 0, 18, 40]
1762250393220;F5:15:8C:96:83:4F;[32, 33, 130, 63, 0, 139, 63, 0, 143, 63, 0, 135, 63, 0, 124, 63, 0, 115, 63, 0, 126, 63, 0, 130, 63, 0, 143, 63, 0, 145, 63, 0, 142, 63, 0, 132, 63, 0, 121, 63, 0, 124, 63, 0, 133, 63, 0, 135, 63, 0, 134, 63, 0, 140, 63, 0, 130, 63, 0, 141, 63, 0, 137, 63, 0, 138, 63, 0, 135, 63, 0, 135, 63, 0, 137, 63, 0, 52, 0, 54, 0, 53, 0, 52, 0, 52, 0, 50, 0, 52, 0, 52, 0, 53, 0, 52, 0, 53, 0, 53, 0, 51, 0, 49, 0, 49, 0, 49, 0, 51, 0, 51, 0, 52, 0, 52, 0, 52, 0, 53, 0, 55, 0, 54, 0, 52, 0, 51, 240, 55, 240, 52, 240, 47, 240, 50, 240, 52, 240, 48, 240, 49, 240, 51, 240, 54, 240, 53, 240, 50, 240, 53, 240, 53, 240, 47, 240, 49, 240, 49, 240, 50, 240, 50, 240, 50, 240, 51, 240, 51, 240, 47, 240, 51, 240, 49, 240, 220, 3, 220, 3, 221, 3, 226, 3, 226, 3, 223, 3, 223, 3, 222, 3, 224, 3, 225, 3, 225, 3, 228, 3, 225, 3, 221, 3, 224, 3, 223, 3, 223, 3, 223, 3, 223, 3, 222, 3, 224, 3, 221, 3, 221, 3, 220, 3, 223, 3, 26, 0, 0, 18, 41]
1762250393514;F5:15:8C:96:83:4F;[32, 33, 137, 63, 0, 138, 63, 0, 137, 63, 0, 134, 63, 0, 135, 63, 0, 139, 63, 0, 135, 63, 0, 132, 63, 0, 140, 63, 0, 148, 63, 0, 144, 63, 0, 149, 63, 0, 148, 63, 0, 137, 63, 0, 136, 63, 0, 133, 63, 0, 140, 63, 0, 148, 63, 0, 140, 63, 0, 140, 63, 0, 140, 63, 0, 137, 63, 0, 138, 63, 0, 148, 63, 0, 147, 63, 0, 52, 0, 54, 0, 55, 0, 54, 0, 54, 0, 51, 0, 51, 0, 49, 0, 51, 0, 53, 0, 51, 0, 51, 0, 52, 0, 53, 0, 53, 0, 53, 0, 53, 0, 52, 0, 52, 0, 53, 0, 52, 0, 53, 0, 51, 0, 49, 0, 50, 0, 49, 240, 50, 240, 54, 240, 44, 240, 51, 240, 46, 240, 51, 240, 50, 240, 52, 240, 51, 240, 52, 240, 53, 240, 52, 240, 53, 240, 42, 240, 52, 240, 53, 240, 50, 240, 52, 240, 55, 240, 53, 240, 48, 240, 51, 240, 56, 240, 46, 240, 222, 3, 222, 3, 221, 3, 225, 3, 223, 3, 225, 3, 223, 3, 223, 3, 225, 3, 224, 3, 225, 3, 224, 3, 224, 3, 221, 3, 226, 3, 218, 3, 221, 3, 220, 3, 223, 3, 222, 3, 221, 3, 221, 3, 220, 3, 219, 3, 225, 3, 26, 0, 0, 18, 42]
1762250393697;F5:15:8C:96:83:4F;[36, 33, 150, 63, 0, 149, 63, 0, 150, 63, 0, 149, 63, 0, 145, 63, 0, 131, 63, 0, 132, 63, 0, 137, 63, 0, 144, 63, 0, 150, 63, 0, 159, 63, 0, 152, 63, 0, 144, 63, 0, 143, 63, 0, 145, 63, 0, 151, 63, 0, 158, 63, 0, 165, 63, 0, 148, 63, 0, 143, 63, 0, 128, 63, 0, 129, 63, 0, 135, 63, 0, 150, 63, 0, 157, 63, 0, 50, 0, 50, 0, 50, 0, 48, 0, 49, 0, 48, 0, 47, 0, 49, 0, 48, 0, 49, 0, 49, 0, 52, 0, 51, 0, 52, 0, 53, 0, 50, 0, 48, 0, 48, 0, 49, 0, 52, 0, 53, 0, 53, 0, 53, 0, 50, 0, 48, 0, 54, 240, 50, 240, 53, 240, 48, 240, 54, 240, 50, 240, 50, 240, 51, 240, 49, 240, 54, 240, 50, 240, 53, 240, 53, 240, 55, 240, 54, 240, 52, 240, 54, 240, 49, 240, 46, 240, 50, 240, 49, 240, 50, 240, 49, 240, 50, 240, 48, 240, 224, 3, 223, 3, 224, 3, 224, 3, 222, 3, 222, 3, 221, 3, 220, 3, 221, 3, 219, 3, 222, 3, 223, 3, 222, 3, 220, 3, 221, 3, 221, 3, 222, 3, 226, 3, 230, 3, 228, 3, 224, 3, 222, 3, 220, 3, 220, 3, 224, 3, 26, 0, 26, 0, 0, 18, 0, 18, 43]
1762250393985;F5:15:8C:96:83:4F;[32, 33, 157, 63, 0, 150, 63, 0, 150, 63, 0, 144, 63, 0, 139, 63, 0, 150, 63, 0, 157, 63, 0, 156, 63, 0, 156, 63, 0, 147, 63, 0, 137, 63, 0, 143, 63, 0, 145, 63, 0, 147, 63, 0, 152, 63, 0, 158, 63, 0, 158, 63, 0, 163, 63, 0, 155, 63, 0, 150, 63, 0, 151, 63, 0, 153, 63, 0, 153, 63, 0, 143, 63, 0, 137, 63, 0, 48, 0, 48, 0, 49, 0, 51, 0, 53, 0, 53, 0, 53, 0, 52, 0, 52, 0, 51, 0, 51, 0, 51, 0, 49, 0, 51, 0, 50, 0, 50, 0, 48, 0, 48, 0, 51, 0, 53, 0, 54, 0, 53, 0, 53, 0, 51, 0, 52, 0, 50, 240, 50, 240, 49, 240, 46, 240, 52, 240, 52, 240, 53, 240, 56, 240, 48, 240, 59, 240, 46, 240, 51, 240, 45, 240, 52, 240, 50, 240, 48, 240, 57, 240, 51, 240, 52, 240, 51, 240, 53, 240, 51, 240, 52, 240, 52, 240, 57, 240, 223, 3, 226, 3, 227, 3, 226, 3, 224, 3, 224, 3, 224, 3, 223, 3, 224, 3, 222, 3, 225, 3, 220, 3, 221, 3, 217, 3, 221, 3, 222, 3, 219, 3, 221, 3, 222, 3, 223, 3, 224, 3, 225, 3, 224, 3, 221, 3, 218, 3, 26, 0, 0, 18, 44]
1762250394188;F5:15:8C:96:83:4F;[32, 33, 144, 63, 0, 145, 63, 0, 147, 63, 0, 154, 63, 0, 154, 63, 0, 153, 63, 0, 153, 63, 0, 156, 63, 0, 157, 63, 0, 156, 63, 0, 164, 63, 0, 161, 63, 0, 157, 63, 0, 141, 63, 0, 127, 63, 0, 135, 63, 0, 148, 63, 0, 161, 63, 0, 166, 63, 0, 160, 63, 0, 157, 63, 0, 153, 63, 0, 149, 63, 0, 156, 63, 0, 164, 63, 0, 54, 0, 55, 0, 55, 0, 52, 0, 51, 0, 50, 0, 51, 0, 54, 0, 57, 0, 56, 0, 57, 0, 55, 0, 53, 0, 51, 0, 52, 0, 53, 0, 55, 0, 56, 0, 57, 0, 57, 0, 58, 0, 57, 0, 55, 0, 53, 0, 52, 0, 50, 240, 50, 240, 50, 240, 48, 240, 48, 240, 47, 240, 49, 240, 49, 240, 51, 240, 54, 240, 50, 240, 51, 240, 48, 240, 48, 240, 43, 240, 50, 240, 47, 240, 50, 240, 50, 240, 54, 240, 59, 240, 51, 240, 48, 240, 51, 240, 48, 240, 220, 3, 219, 3, 220, 3, 221, 3, 221, 3, 221, 3, 221, 3, 221, 3, 221, 3, 221, 3, 226, 3, 228, 3, 227, 3, 226, 3, 225, 3, 219, 3, 218, 3, 218, 3, 221, 3, 220, 3, 219, 3, 222, 3, 224, 3, 223, 3, 224, 3, 26, 0, 248, 17, 45]
1762250394449;F5:15:8C:96:83:4F;[32, 33, 163, 63, 0, 156, 63, 0, 157, 63, 0, 142, 63, 0, 140, 63, 0, 150, 63, 0, 144, 63, 0, 155, 63, 0, 160, 63, 0, 158, 63, 0, 154, 63, 0, 155, 63, 0, 158, 63, 0, 160, 63, 0, 158, 63, 0, 161, 63, 0, 150, 63, 0, 151, 63, 0, 148, 63, 0, 148, 63, 0, 152, 63, 0, 149, 63, 0, 156, 63, 0, 158, 63, 0, 159, 63, 0, 52, 0, 52, 0, 51, 0, 53, 0, 53, 0, 53, 0, 52, 0, 50, 0, 50, 0, 51, 0, 52, 0, 55, 0, 55, 0, 54, 0, 52, 0, 52, 0, 52, 0, 53, 0, 54, 0, 54, 0, 54, 0, 55, 0, 52, 0, 52, 0, 51, 0, 50, 240, 48, 240, 47, 240, 51, 240, 51, 240, 50, 240, 53, 240, 52, 240, 45, 240, 49, 240, 48, 240, 49, 240, 47, 240, 53, 240, 54, 240, 54, 240, 45, 240, 49, 240, 44, 240, 42, 240, 44, 240, 46, 240, 51, 240, 50, 240, 53, 240, 224, 3, 224, 3, 224, 3, 221, 3, 218, 3, 218, 3, 216, 3, 216, 3, 221, 3, 222, 3, 220, 3, 221, 3, 224, 3, 221, 3, 222, 3, 221, 3, 225, 3, 220, 3, 223, 3, 222, 3, 220, 3, 219, 3, 220, 3, 221, 3, 222, 3, 26, 0, 248, 17, 46]
1762250394707;F5:15:8C:96:83:4F;[36, 33, 155, 63, 0, 154, 63, 0, 156, 63, 0, 156, 63, 0, 158, 63, 0, 149, 63, 0, 155, 63, 0, 151, 63, 0, 155, 63, 0, 162, 63, 0, 156, 63, 0, 149, 63, 0, 151, 63, 0, 156, 63, 0, 157, 63, 0, 158, 63, 0, 153, 63, 0, 156, 63, 0, 160, 63, 0, 164, 63, 0, 150, 63, 0, 152, 63, 0, 149, 63, 0, 155, 63, 0, 156, 63, 0, 52, 0, 55, 0, 55, 0, 55, 0, 53, 0, 53, 0, 53, 0, 54, 0, 54, 0, 54, 0, 57, 0, 56, 0, 53, 0, 52, 0, 49, 0, 50, 0, 51, 0, 51, 0, 51, 0, 52, 0, 53, 0, 52, 0, 55, 0, 54, 0, 53, 0, 50, 240, 57, 240, 47, 240, 50, 240, 51, 240, 50, 240, 48, 240, 53, 240, 54, 240, 49, 240, 48, 240, 56, 240, 55, 240, 48, 240, 48, 240, 49, 240, 50, 240, 50, 240, 54, 240, 52, 240, 51, 240, 48, 240, 51, 240, 47, 240, 54, 240, 223, 3, 222, 3, 224, 3, 224, 3, 223, 3, 223, 3, 225, 3, 221, 3, 222, 3, 224, 3, 225, 3, 221, 3, 222, 3, 225, 3, 224, 3, 221, 3, 221, 3, 224, 3, 224, 3, 225, 3, 224, 3, 223, 3, 223, 3, 223, 3, 221, 3, 26, 0, 26, 0, 8, 18, 0, 18, 47]
1762250395000;F5:15:8C:96:83:4F;[32, 33, 157, 63, 0, 157, 63, 0, 155, 63, 0, 150, 63, 0, 140, 63, 0, 145, 63, 0, 156, 63, 0, 164, 63, 0, 170, 63, 0, 163, 63, 0, 162, 63, 0, 145, 63, 0, 138, 63, 0, 143, 63, 0, 156, 63, 0, 167, 63, 0, 165, 63, 0, 166, 63, 0, 152, 63, 0, 151, 63, 0, 145, 63, 0, 153, 63, 0, 159, 63, 0, 167, 63, 0, 164, 63, 0, 52, 0, 51, 0, 52, 0, 54, 0, 55, 0, 54, 0, 53, 0, 52, 0, 51, 0, 51, 0, 48, 0, 47, 0, 47, 0, 48, 0, 47, 0, 49, 0, 51, 0, 51, 0, 51, 0, 49, 0, 48, 0, 48, 0, 49, 0, 51, 0, 53, 0, 42, 240, 59, 240, 49, 240, 49, 240, 52, 240, 54, 240, 52, 240, 54, 240, 50, 240, 50, 240, 53, 240, 50, 240, 51, 240, 51, 240, 54, 240, 55, 240, 55, 240, 53, 240, 52, 240, 51, 240, 48, 240, 48, 240, 50, 240, 51, 240, 49, 240, 226, 3, 220, 3, 223, 3, 225, 3, 222, 3, 220, 3, 220, 3, 220, 3, 224, 3, 224, 3, 226, 3, 224, 3, 223, 3, 222, 3, 219, 3, 219, 3, 220, 3, 220, 3, 222, 3, 220, 3, 217, 3, 217, 3, 219, 3, 220, 3, 221, 3, 26, 0, 248, 17, 48]
1762250395192;F5:15:8C:96:83:4F;[32, 33, 157, 63, 0, 154, 63, 0, 149, 63, 0, 144, 63, 0, 151, 63, 0, 158, 63, 0, 164, 63, 0, 170, 63, 0, 166, 63, 0, 154, 63, 0, 155, 63, 0, 153, 63, 0, 151, 63, 0, 154, 63, 0, 164, 63, 0, 159, 63, 0, 159, 63, 0, 152, 63, 0, 153, 63, 0, 146, 63, 0, 151, 63, 0, 157, 63, 0, 163, 63, 0, 162, 63, 0, 164, 63, 0, 53, 0, 51, 0, 50, 0, 50, 0, 48, 0, 51, 0, 53, 0, 53, 0, 53, 0, 50, 0, 51, 0, 52, 0, 54, 0, 54, 0, 54, 0, 54, 0, 52, 0, 50, 0, 48, 0, 49, 0, 48, 0, 49, 0, 50, 0, 50, 0, 50, 0, 48, 240, 50, 240, 50, 240, 49, 240, 48, 240, 47, 240, 48, 240, 48, 240, 48, 240, 50, 240, 51, 240, 50, 240, 49, 240, 49, 240, 49, 240, 51, 240, 51, 240, 51, 240, 53, 240, 56, 240, 53, 240, 52, 240, 50, 240, 50, 240, 50, 240, 222, 3, 222, 3, 221, 3, 221, 3, 221, 3, 220, 3, 222, 3, 221, 3, 223, 3, 224, 3, 227, 3, 225, 3, 224, 3, 223, 3, 223, 3, 223, 3, 224, 3, 225, 3, 225, 3, 223, 3, 222, 3, 223, 3, 224, 3, 226, 3, 228, 3, 26, 0, 0, 18, 49]
1762250395500;F5:15:8C:96:83:4F;[32, 33, 158, 63, 0, 150, 63, 0, 150, 63, 0, 153, 63, 0, 155, 63, 0, 160, 63, 0, 163, 63, 0, 158, 63, 0, 155, 63, 0, 157, 63, 0, 147, 63, 0, 155, 63, 0, 157, 63, 0, 154, 63, 0, 161, 63, 0, 156, 63, 0, 152, 63, 0, 150, 63, 0, 161, 63, 0, 159, 63, 0, 158, 63, 0, 155, 63, 0, 154, 63, 0, 158, 63, 0, 155, 63, 0, 51, 0, 50, 0, 49, 0, 51, 0, 52, 0, 53, 0, 52, 0, 52, 0, 50, 0, 50, 0, 50, 0, 51, 0, 53, 0, 52, 0, 53, 0, 54, 0, 53, 0, 53, 0, 52, 0, 51, 0, 52, 0, 54, 0, 52, 0, 52, 0, 51, 0, 50, 240, 47, 240, 49, 240, 48, 240, 49, 240, 52, 240, 51, 240, 49, 240, 51, 240, 52, 240, 52, 240, 49, 240, 48, 240, 51, 240, 53, 240, 54, 240, 54, 240, 54, 240, 53, 240, 51, 240, 47, 240, 47, 240, 48, 240, 48, 240, 50, 240, 225, 3, 225, 3, 223, 3, 222, 3, 222, 3, 222, 3, 224, 3, 225, 3, 224, 3, 222, 3, 222, 3, 223, 3, 221, 3, 221, 3, 219, 3, 222, 3, 222, 3, 221, 3, 222, 3, 223, 3, 222, 3, 224, 3, 224, 3, 224, 3, 223, 3, 26, 0, 0, 18, 50]
1762250395711;F5:15:8C:96:83:4F;[36, 33, 164, 63, 0, 164, 63, 0, 163, 63, 0, 148, 63, 0, 146, 63, 0, 142, 63, 0, 141, 63, 0, 158, 63, 0, 158, 63, 0, 158, 63, 0, 153, 63, 0, 143, 63, 0, 153, 63, 0, 156, 63, 0, 161, 63, 0, 168, 63, 0, 164, 63, 0, 152, 63, 0, 144, 63, 0, 145, 63, 0, 146, 63, 0, 153, 63, 0, 155, 63, 0, 151, 63, 0, 148, 63, 0, 54, 0, 55, 0, 52, 0, 51, 0, 50, 0, 52, 0, 52, 0, 51, 0, 50, 0, 52, 0, 52, 0, 55, 0, 56, 0, 54, 0, 53, 0, 51, 0, 52, 0, 52, 0, 51, 0, 54, 0, 55, 0, 54, 0, 52, 0, 50, 0, 50, 0, 52, 240, 54, 240, 53, 240, 52, 240, 54, 240, 53, 240, 52, 240, 52, 240, 56, 240, 47, 240, 38, 240, 46, 240, 49, 240, 46, 240, 47, 240, 52, 240, 51, 240, 52, 240, 52, 240, 53, 240, 50, 240, 49, 240, 49, 240, 49, 240, 49, 240, 223, 3, 224, 3, 223, 3, 223, 3, 223, 3, 222, 3, 222, 3, 221, 3, 220, 3, 223, 3, 225, 3, 223, 3, 221, 3, 221, 3, 224, 3, 223, 3, 226, 3, 228, 3, 225, 3, 224, 3, 222, 3, 223, 3, 223, 3, 221, 3, 221, 3, 26, 0, 26, 0, 248, 17, 0, 18, 51]
1762250396023;F5:15:8C:96:83:4F;[32, 33, 145, 63, 0, 147, 63, 0, 146, 63, 0, 147, 63, 0, 153, 63, 0, 161, 63, 0, 170, 63, 0, 152, 63, 0, 150, 63, 0, 144, 63, 0, 137, 63, 0, 145, 63, 0, 144, 63, 0, 143, 63, 0, 138, 63, 0, 141, 63, 0, 147, 63, 0, 149, 63, 0, 158, 63, 0, 147, 63, 0, 156, 63, 0, 149, 63, 0, 147, 63, 0, 144, 63, 0, 147, 63, 0, 49, 0, 51, 0, 52, 0, 53, 0, 53, 0, 53, 0, 52, 0, 53, 0, 55, 0, 56, 0, 57, 0, 57, 0, 54, 0, 53, 0, 52, 0, 52, 0, 54, 0, 54, 0, 55, 0, 57, 0, 55, 0, 55, 0, 54, 0, 54, 0, 51, 0, 52, 240, 52, 240, 50, 240, 49, 240, 51, 240, 50, 240, 48, 240, 48, 240, 52, 240, 50, 240, 49, 240, 49, 240, 49, 240, 50, 240, 48, 240, 49, 240, 49, 240, 49, 240, 49, 240, 48, 240, 47, 240, 48, 240, 49, 240, 48, 240, 50, 240, 219, 3, 218, 3, 218, 3, 219, 3, 221, 3, 224, 3, 225, 3, 226, 3, 225, 3, 223, 3, 221, 3, 220, 3, 221, 3, 218, 3, 217, 3, 219, 3, 217, 3, 218, 3, 220, 3, 222, 3, 222, 3, 222, 3, 222, 3, 223, 3, 222, 3, 26, 0, 0, 18, 52]
1762250396188;F5:15:8C:96:83:4F;[32, 33, 143, 63, 0, 144, 63, 0, 141, 63, 0, 137, 63, 0, 134, 63, 0, 140, 63, 0, 150, 63, 0, 142, 63, 0, 150, 63, 0, 147, 63, 0, 158, 63, 0, 152, 63, 0, 148, 63, 0, 139, 63, 0, 126, 63, 0, 135, 63, 0, 141, 63, 0, 146, 63, 0, 146, 63, 0, 138, 63, 0, 139, 63, 0, 133, 63, 0, 133, 63, 0, 137, 63, 0, 140, 63, 0, 51, 0, 53, 0, 54, 0, 52, 0, 50, 0, 50, 0, 51, 0, 52, 0, 54, 0, 54, 0, 54, 0, 55, 0, 52, 0, 52, 0, 51, 0, 50, 0, 51, 0, 53, 0, 52, 0, 52, 0, 50, 0, 49, 0, 50, 0, 51, 0, 54, 0, 52, 240, 53, 240, 52, 240, 50, 240, 47, 240, 46, 240, 42, 240, 42, 240, 47, 240, 50, 240, 52, 240, 52, 240, 54, 240, 53, 240, 50, 240, 49, 240, 50, 240, 52, 240, 51, 240, 51, 240, 50, 240, 52, 240, 50, 240, 49, 240, 50, 240, 221, 3, 220, 3, 221, 3, 222, 3, 220, 3, 222, 3, 222, 3, 223, 3, 222, 3, 223, 3, 222, 3, 223, 3, 225, 3, 226, 3, 223, 3, 222, 3, 220, 3, 220, 3, 222, 3, 222, 3, 222, 3, 221, 3, 222, 3, 222, 3, 222, 3, 26, 0, 0, 18, 53]
1762250396500;F5:15:8C:96:83:4F;[32, 33, 147, 63, 0, 145, 63, 0, 133, 63, 0, 137, 63, 0, 128, 63, 0, 132, 63, 0, 137, 63, 0, 141, 63, 0, 145, 63, 0, 134, 63, 0, 135, 63, 0, 131, 63, 0, 135, 63, 0, 138, 63, 0, 141, 63, 0, 153, 63, 0, 142, 63, 0, 135, 63, 0, 129, 63, 0, 130, 63, 0, 120, 63, 0, 124, 63, 0, 126, 63, 0, 137, 63, 0, 141, 63, 0, 54, 0, 52, 0, 53, 0, 52, 0, 52, 0, 52, 0, 53, 0, 53, 0, 53, 0, 54, 0, 54, 0, 53, 0, 51, 0, 51, 0, 52, 0, 53, 0, 53, 0, 53, 0, 51, 0, 51, 0, 50, 0, 51, 0, 51, 0, 52, 0, 53, 0, 52, 240, 52, 240, 49, 240, 49, 240, 49, 240, 49, 240, 49, 240, 48, 240, 49, 240, 50, 240, 50, 240, 52, 240, 51, 240, 51, 240, 48, 240, 49, 240, 49, 240, 47, 240, 49, 240, 51, 240, 52, 240, 51, 240, 50, 240, 51, 240, 52, 240, 225, 3, 225, 3, 226, 3, 222, 3, 222, 3, 219, 3, 219, 3, 218, 3, 220, 3, 221, 3, 222, 3, 222, 3, 219, 3, 222, 3, 222, 3, 224, 3, 225, 3, 224, 3, 223, 3, 221, 3, 217, 3, 216, 3, 218, 3, 220, 3, 221, 3, 26, 0, 0, 18, 54]
1762250396711;F5:15:8C:96:83:4F;[36, 33, 145, 63, 0, 143, 63, 0, 141, 63, 0, 133, 63, 0, 127, 63, 0, 129, 63, 0, 140, 63, 0, 139, 63, 0, 137, 63, 0, 127, 63, 0, 116, 63, 0, 110, 63, 0, 124, 63, 0, 137, 63, 0, 149, 63, 0, 156, 63, 0, 146, 63, 0, 131, 63, 0, 119, 63, 0, 111, 63, 0, 125, 63, 0, 122, 63, 0, 132, 63, 0, 132, 63, 0, 125, 63, 0, 51, 0, 51, 0, 50, 0, 50, 0, 53, 0, 53, 0, 54, 0, 52, 0, 51, 0, 49, 0, 50, 0, 49, 0, 53, 0, 54, 0, 54, 0, 53, 0, 51, 0, 50, 0, 48, 0, 48, 0, 50, 0, 52, 0, 54, 0, 53, 0, 49, 0, 49, 240, 46, 240, 47, 240, 49, 240, 49, 240, 47, 240, 50, 240, 52, 240, 50, 240, 50, 240, 47, 240, 48, 240, 49, 240, 49, 240, 49, 240, 50, 240, 51, 240, 50, 240, 49, 240, 50, 240, 51, 240, 50, 240, 51, 240, 51, 240, 51, 240, 224, 3, 226, 3, 226, 3, 224, 3, 222, 3, 222, 3, 223, 3, 222, 3, 223, 3, 223, 3, 221, 3, 218, 3, 217, 3, 218, 3, 222, 3, 226, 3, 229, 3, 230, 3, 229, 3, 224, 3, 222, 3, 220, 3, 224, 3, 223, 3, 222, 3, 26, 0, 26, 0, 0, 18, 0, 18, 55]
1762250397001;F5:15:8C:96:83:4F;[32, 33, 124, 63, 0, 115, 63, 0, 113, 63, 0, 125, 63, 0, 134, 63, 0, 138, 63, 0, 137, 63, 0, 132, 63, 0, 119, 63, 0, 112, 63, 0, 113, 63, 0, 112, 63, 0, 121, 63, 0, 135, 63, 0, 139, 63, 0, 129, 63, 0, 123, 63, 0, 115, 63, 0, 110, 63, 0, 114, 63, 0, 122, 63, 0, 128, 63, 0, 131, 63, 0, 137, 63, 0, 128, 63, 0, 48, 0, 46, 0, 47, 0, 49, 0, 50, 0, 52, 0, 50, 0, 50, 0, 47, 0, 45, 0, 47, 0, 50, 0, 52, 0, 52, 0, 54, 0, 54, 0, 53, 0, 50, 0, 49, 0, 49, 0, 52, 0, 52, 0, 53, 0, 52, 0, 50, 0, 49, 240, 47, 240, 46, 240, 45, 240, 46, 240, 47, 240, 52, 240, 54, 240, 53, 240, 52, 240, 52, 240, 49, 240, 48, 240, 49, 240, 51, 240, 53, 240, 56, 240, 56, 240, 54, 240, 53, 240, 50, 240, 48, 240, 50, 240, 50, 240, 51, 240, 223, 3, 220, 3, 218, 3, 220, 3, 221, 3, 222, 3, 224, 3, 225, 3, 223, 3, 222, 3, 221, 3, 220, 3, 219, 3, 223, 3, 223, 3, 223, 3, 223, 3, 222, 3, 222, 3, 218, 3, 219, 3, 221, 3, 222, 3, 223, 3, 222, 3, 26, 0, 0, 18, 56]
1762250397213;F5:15:8C:96:83:4F;[32, 33, 113, 63, 0, 110, 63, 0, 113, 63, 0, 123, 63, 0, 121, 63, 0, 131, 63, 0, 124, 63, 0, 117, 63, 0, 112, 63, 0, 113, 63, 0, 113, 63, 0, 117, 63, 0, 128, 63, 0, 127, 63, 0, 127, 63, 0, 123, 63, 0, 112, 63, 0, 107, 63, 0, 115, 63, 0, 148, 63, 0, 139, 63, 0, 125, 63, 0, 98, 63, 0, 83, 63, 0, 92, 63, 0, 49, 0, 50, 0, 51, 0, 53, 0, 55, 0, 53, 0, 51, 0, 49, 0, 47, 0, 49, 0, 51, 0, 54, 0, 57, 0, 58, 0, 55, 0, 49, 0, 41, 0, 40, 0, 48, 0, 51, 0, 58, 0, 62, 0, 58, 0, 53, 0, 46, 0, 51, 240, 52, 240, 50, 240, 48, 240, 49, 240, 49, 240, 51, 240, 52, 240, 53, 240, 55, 240, 53, 240, 51, 240, 50, 240, 51, 240, 51, 240, 46, 240, 44, 240, 49, 240, 52, 240, 51, 240, 51, 240, 56, 240, 53, 240, 49, 240, 47, 240, 223, 3, 220, 3, 219, 3, 221, 3, 222, 3, 224, 3, 224, 3, 222, 3, 221, 3, 222, 3, 220, 3, 220, 3, 222, 3, 222, 3, 222, 3, 225, 3, 225, 3, 222, 3, 221, 3, 223, 3, 224, 3, 224, 3, 222, 3, 218, 3, 217, 3, 26, 0, 0, 18, 57]
1762250397474;F5:15:8C:96:83:4F;[32, 33, 105, 63, 0, 125, 63, 0, 134, 63, 0, 124, 63, 0, 137, 63, 0, 123, 63, 0, 116, 63, 0, 108, 63, 0, 114, 63, 0, 117, 63, 0, 123, 63, 0, 114, 63, 0, 110, 63, 0, 106, 63, 0, 107, 63, 0, 114, 63, 0, 112, 63, 0, 118, 63, 0, 118, 63, 0, 117, 63, 0, 128, 63, 0, 127, 63, 0, 125, 63, 0, 118, 63, 0, 104, 63, 0, 44, 0, 46, 0, 50, 0, 56, 0, 60, 0, 59, 0, 54, 0, 50, 0, 47, 0, 48, 0, 51, 0, 54, 0, 55, 0, 54, 0, 53, 0, 51, 0, 48, 0, 47, 0, 47, 0, 50, 0, 55, 0, 57, 0, 57, 0, 54, 0, 54, 0, 50, 240, 50, 240, 49, 240, 53, 240, 53, 240, 53, 240, 53, 240, 54, 240, 54, 240, 53, 240, 54, 240, 53, 240, 53, 240, 54, 240, 53, 240, 54, 240, 57, 240, 51, 240, 49, 240, 53, 240, 53, 240, 47, 240, 50, 240, 52, 240, 49, 240, 214, 3, 214, 3, 219, 3, 223, 3, 226, 3, 225, 3, 226, 3, 223, 3, 220, 3, 220, 3, 222, 3, 222, 3, 222, 3, 222, 3, 222, 3, 223, 3, 222, 3, 222, 3, 221, 3, 222, 3, 221, 3, 221, 3, 223, 3, 223, 3, 223, 3, 26, 0, 0, 18, 58]
1762250397710;F5:15:8C:96:83:4F;[36, 33, 100, 63, 0, 96, 63, 0, 111, 63, 0, 120, 63, 0, 126, 63, 0, 120, 63, 0, 114, 63, 0, 111, 63, 0, 111, 63, 0, 111, 63, 0, 113, 63, 0, 113, 63, 0, 118, 63, 0, 120, 63, 0, 120, 63, 0, 112, 63, 0, 115, 63, 0, 106, 63, 0, 111, 63, 0, 115, 63, 0, 112, 63, 0, 117, 63, 0, 121, 63, 0, 111, 63, 0, 102, 63, 0, 53, 0, 53, 0, 50, 0, 52, 0, 54, 0, 57, 0, 55, 0, 54, 0, 53, 0, 52, 0, 52, 0, 52, 0, 53, 0, 54, 0, 55, 0, 57, 0, 54, 0, 51, 0, 53, 0, 52, 0, 52, 0, 53, 0, 52, 0, 51, 0, 50, 0, 49, 240, 51, 240, 45, 240, 51, 240, 49, 240, 51, 240, 49, 240, 52, 240, 51, 240, 50, 240, 51, 240, 50, 240, 50, 240, 54, 240, 53, 240, 47, 240, 48, 240, 50, 240, 49, 240, 49, 240, 54, 240, 49, 240, 51, 240, 50, 240, 51, 240, 222, 3, 221, 3, 222, 3, 219, 3, 221, 3, 222, 3, 223, 3, 223, 3, 223, 3, 224, 3, 225, 3, 226, 3, 225, 3, 227, 3, 227, 3, 228, 3, 226, 3, 224, 3, 225, 3, 222, 3, 220, 3, 223, 3, 223, 3, 222, 3, 222, 3, 26, 0, 26, 0, 0, 18, 248, 17, 59]
1762250398001;F5:15:8C:96:83:4F;[32, 33, 105, 63, 0, 111, 63, 0, 111, 63, 0, 120, 63, 0, 122, 63, 0, 123, 63, 0, 121, 63, 0, 101, 63, 0, 98, 63, 0, 102, 63, 0, 113, 63, 0, 115, 63, 0, 119, 63, 0, 119, 63, 0, 120, 63, 0, 118, 63, 0, 117, 63, 0, 111, 63, 0, 112, 63, 0, 121, 63, 0, 112, 63, 0, 105, 63, 0, 112, 63, 0, 102, 63, 0, 105, 63, 0, 51, 0, 50, 0, 51, 0, 55, 0, 53, 0, 52, 0, 54, 0, 53, 0, 52, 0, 54, 0, 53, 0, 51, 0, 51, 0, 51, 0, 52, 0, 51, 0, 53, 0, 53, 0, 52, 0, 51, 0, 51, 0, 49, 0, 46, 0, 47, 0, 48, 0, 49, 240, 47, 240, 43, 240, 48, 240, 48, 240, 50, 240, 51, 240, 51, 240, 54, 240, 54, 240, 52, 240, 50, 240, 50, 240, 50, 240, 52, 240, 52, 240, 52, 240, 52, 240, 56, 240, 51, 240, 50, 240, 51, 240, 52, 240, 47, 240, 47, 240, 221, 3, 220, 3, 220, 3, 219, 3, 223, 3, 224, 3, 222, 3, 220, 3, 219, 3, 217, 3, 219, 3, 220, 3, 221, 3, 222, 3, 223, 3, 223, 3, 222, 3, 222, 3, 220, 3, 219, 3, 221, 3, 220, 3, 219, 3, 220, 3, 221, 3, 26, 0, 0, 18, 60]
1762250398190;F5:15:8C:96:83:4F;[32, 33, 112, 63, 0, 116, 63, 0, 116, 63, 0, 119, 63, 0, 122, 63, 0, 116, 63, 0, 119, 63, 0, 119, 63, 0, 120, 63, 0, 107, 63, 0, 101, 63, 0, 91, 63, 0, 99, 63, 0, 108, 63, 0, 118, 63, 0, 123, 63, 0, 112, 63, 0, 117, 63, 0, 107, 63, 0, 110, 63, 0, 108, 63, 0, 111, 63, 0, 116, 63, 0, 116, 63, 0, 118, 63, 0, 50, 0, 50, 0, 49, 0, 49, 0, 48, 0, 51, 0, 53, 0, 57, 0, 58, 0, 58, 0, 56, 0, 53, 0, 50, 0, 49, 0, 50, 0, 52, 0, 53, 0, 55, 0, 55, 0, 55, 0, 54, 0, 55, 0, 56, 0, 53, 0, 51, 0, 50, 240, 51, 240, 49, 240, 46, 240, 54, 240, 45, 240, 51, 240, 42, 240, 54, 240, 45, 240, 51, 240, 51, 240, 49, 240, 50, 240, 49, 240, 49, 240, 46, 240, 53, 240, 50, 240, 51, 240, 51, 240, 58, 240, 52, 240, 50, 240, 54, 240, 219, 3, 219, 3, 220, 3, 223, 3, 222, 3, 226, 3, 225, 3, 228, 3, 222, 3, 226, 3, 222, 3, 219, 3, 218, 3, 218, 3, 220, 3, 221, 3, 223, 3, 223, 3, 224, 3, 222, 3, 221, 3, 219, 3, 221, 3, 223, 3, 222, 3, 26, 0, 0, 18, 61]
1762250398500;F5:15:8C:96:83:4F;[32, 33, 113, 63, 0, 108, 63, 0, 109, 63, 0, 114, 63, 0, 111, 63, 0, 122, 63, 0, 122, 63, 0, 119, 63, 0, 114, 63, 0, 110, 63, 0, 110, 63, 0, 120, 63, 0, 121, 63, 0, 124, 63, 0, 124, 63, 0, 123, 63, 0, 114, 63, 0, 104, 63, 0, 103, 63, 0, 112, 63, 0, 128, 63, 0, 127, 63, 0, 128, 63, 0, 124, 63, 0, 114, 63, 0, 50, 0, 50, 0, 50, 0, 53, 0, 53, 0, 51, 0, 52, 0, 51, 0, 49, 0, 50, 0, 50, 0, 53, 0, 55, 0, 55, 0, 54, 0, 51, 0, 53, 0, 53, 0, 54, 0, 54, 0, 54, 0, 52, 0, 50, 0, 51, 0, 52, 0, 51, 240, 48, 240, 47, 240, 49, 240, 50, 240, 53, 240, 53, 240, 56, 240, 54, 240, 52, 240, 52, 240, 51, 240, 53, 240, 49, 240, 51, 240, 52, 240, 52, 240, 54, 240, 52, 240, 51, 240, 50, 240, 46, 240, 50, 240, 50, 240, 49, 240, 222, 3, 222, 3, 223, 3, 222, 3, 222, 3, 223, 3, 222, 3, 223, 3, 224, 3, 225, 3, 224, 3, 223, 3, 224, 3, 225, 3, 226, 3, 224, 3, 223, 3, 220, 3, 220, 3, 219, 3, 217, 3, 221, 3, 221, 3, 223, 3, 222, 3, 26, 0, 0, 18, 62]
1762250398678;F5:15:8C:96:83:4F;[36, 33, 107, 63, 0, 108, 63, 0, 125, 63, 0, 133, 63, 0, 126, 63, 0, 123, 63, 0, 113, 63, 0, 101, 63, 0, 109, 63, 0, 118, 63, 0, 122, 63, 0, 139, 63, 0, 134, 63, 0, 123, 63, 0, 110, 63, 0, 106, 63, 0, 104, 63, 0, 107, 63, 0, 127, 63, 0, 129, 63, 0, 130, 63, 0, 129, 63, 0, 129, 63, 0, 115, 63, 0, 110, 63, 0, 52, 0, 52, 0, 54, 0, 54, 0, 55, 0, 52, 0, 50, 0, 49, 0, 49, 0, 50, 0, 52, 0, 54, 0, 56, 0, 54, 0, 52, 0, 50, 0, 48, 0, 49, 0, 52, 0, 55, 0, 56, 0, 54, 0, 52, 0, 49, 0, 48, 0, 53, 240, 49, 240, 54, 240, 48, 240, 50, 240, 50, 240, 46, 240, 50, 240, 50, 240, 50, 240, 52, 240, 51, 240, 52, 240, 49, 240, 51, 240, 46, 240, 46, 240, 48, 240, 47, 240, 50, 240, 51, 240, 55, 240, 54, 240, 54, 240, 51, 240, 219, 3, 220, 3, 218, 3, 223, 3, 225, 3, 223, 3, 225, 3, 223, 3, 221, 3, 220, 3, 220, 3, 221, 3, 221, 3, 223, 3, 225, 3, 224, 3, 223, 3, 220, 3, 220, 3, 220, 3, 221, 3, 221, 3, 222, 3, 221, 3, 219, 3, 26, 0, 26, 0, 0, 18, 248, 17, 63]
1762250398943;F5:15:8C:96:83:4F;[32, 33, 107, 63, 0, 120, 63, 0, 134, 63, 0, 135, 63, 0, 135, 63, 0, 124, 63, 0, 113, 63, 0, 107, 63, 0, 109, 63, 0, 113, 63, 0, 118, 63, 0, 125, 63, 0, 138, 63, 0, 142, 63, 0, 132, 63, 0, 132, 63, 0, 122, 63, 0, 106, 63, 0, 113, 63, 0, 119, 63, 0, 129, 63, 0, 124, 63, 0, 120, 63, 0, 110, 63, 0, 107, 63, 0, 49, 0, 52, 0, 54, 0, 54, 0, 53, 0, 52, 0, 51, 0, 49, 0, 49, 0, 51, 0, 52, 0, 52, 0, 52, 0, 51, 0, 52, 0, 51, 0, 50, 0, 49, 0, 50, 0, 52, 0, 53, 0, 55, 0, 54, 0, 54, 0, 54, 0, 47, 240, 46, 240, 47, 240, 47, 240, 49, 240, 51, 240, 52, 240, 52, 240, 50, 240, 48, 240, 47, 240, 49, 240, 48, 240, 50, 240, 51, 240, 51, 240, 50, 240, 51, 240, 50, 240, 48, 240, 49, 240, 50, 240, 51, 240, 49, 240, 47, 240, 220, 3, 221, 3, 221, 3, 220, 3, 223, 3, 222, 3, 220, 3, 218, 3, 217, 3, 218, 3, 217, 3, 219, 3, 222, 3, 224, 3, 226, 3, 226, 3, 223, 3, 223, 3, 221, 3, 220, 3, 221, 3, 221, 3, 220, 3, 220, 3, 219, 3, 26, 0, 0, 18, 64]
1762250399205;F5:15:8C:96:83:4F;[32, 33, 116, 63, 0, 126, 63, 0, 135, 63, 0, 147, 63, 0, 144, 63, 0, 131, 63, 0, 119, 63, 0, 114, 63, 0, 123, 63, 0, 122, 63, 0, 124, 63, 0, 129, 63, 0, 128, 63, 0, 129, 63, 0, 126, 63, 0, 121, 63, 0, 126, 63, 0, 131, 63, 0, 137, 63, 0, 143, 63, 0, 144, 63, 0, 138, 63, 0, 128, 63, 0, 116, 63, 0, 116, 63, 0, 52, 0, 52, 0, 52, 0, 52, 0, 53, 0, 53, 0, 51, 0, 49, 0, 51, 0, 51, 0, 52, 0, 54, 0, 54, 0, 53, 0, 51, 0, 51, 0, 50, 0, 51, 0, 52, 0, 55, 0, 55, 0, 55, 0, 53, 0, 52, 0, 51, 0, 48, 240, 49, 240, 50, 240, 52, 240, 52, 240, 51, 240, 53, 240, 54, 240, 56, 240, 50, 240, 52, 240, 53, 240, 48, 240, 50, 240, 51, 240, 50, 240, 51, 240, 53, 240, 51, 240, 51, 240, 52, 240, 50, 240, 50, 240, 49, 240, 48, 240, 217, 3, 218, 3, 220, 3, 224, 3, 226, 3, 228, 3, 228, 3, 224, 3, 221, 3, 224, 3, 222, 3, 222, 3, 226, 3, 223, 3, 221, 3, 221, 3, 220, 3, 222, 3, 223, 3, 223, 3, 226, 3, 227, 3, 226, 3, 224, 3, 222, 3, 26, 0, 0, 18, 65]
1762250399450;F5:15:8C:96:83:4F;[32, 33, 123, 63, 0, 129, 63, 0, 138, 63, 0, 138, 63, 0, 137, 63, 0, 146, 63, 0, 132, 63, 0, 138, 63, 0, 141, 63, 0, 138, 63, 0, 131, 63, 0, 123, 63, 0, 119, 63, 0, 124, 63, 0, 134, 63, 0, 140, 63, 0, 145, 63, 0, 142, 63, 0, 138, 63, 0, 138, 63, 0, 131, 63, 0, 127, 63, 0, 129, 63, 0, 132, 63, 0, 138, 63, 0, 51, 0, 53, 0, 54, 0, 55, 0, 56, 0, 51, 0, 49, 0, 51, 0, 50, 0, 52, 0, 52, 0, 53, 0, 53, 0, 52, 0, 52, 0, 53, 0, 52, 0, 55, 0, 58, 0, 55, 0, 57, 0, 55, 0, 52, 0, 50, 0, 48, 0, 45, 240, 49, 240, 51, 240, 50, 240, 50, 240, 52, 240, 53, 240, 51, 240, 48, 240, 47, 240, 47, 240, 47, 240, 48, 240, 48, 240, 47, 240, 47, 240, 47, 240, 49, 240, 49, 240, 49, 240, 49, 240, 48, 240, 48, 240, 51, 240, 51, 240, 220, 3, 221, 3, 220, 3, 222, 3, 222, 3, 221, 3, 222, 3, 224, 3, 224, 3, 223, 3, 224, 3, 222, 3, 222, 3, 220, 3, 220, 3, 220, 3, 220, 3, 220, 3, 222, 3, 222, 3, 220, 3, 220, 3, 220, 3, 218, 3, 219, 3, 26, 0, 0, 18, 66]
1762250399719;F5:15:8C:96:83:4F;[36, 33, 140, 63, 0, 140, 63, 0, 135, 63, 0, 138, 63, 0, 136, 63, 0, 133, 63, 0, 146, 63, 0, 139, 63, 0, 142, 63, 0, 133, 63, 0, 133, 63, 0, 137, 63, 0, 141, 63, 0, 145, 63, 0, 150, 63, 0, 142, 63, 0, 133, 63, 0, 131, 63, 0, 130, 63, 0, 141, 63, 0, 149, 63, 0, 154, 63, 0, 147, 63, 0, 142, 63, 0, 131, 63, 0, 50, 0, 53, 0, 53, 0, 55, 0, 53, 0, 51, 0, 50, 0, 49, 0, 50, 0, 51, 0, 51, 0, 53, 0, 53, 0, 52, 0, 53, 0, 50, 0, 49, 0, 49, 0, 49, 0, 49, 0, 51, 0, 51, 0, 51, 0, 51, 0, 52, 0, 51, 240, 51, 240, 52, 240, 50, 240, 50, 240, 48, 240, 50, 240, 50, 240, 50, 240, 53, 240, 54, 240, 51, 240, 49, 240, 51, 240, 50, 240, 47, 240, 46, 240, 48, 240, 47, 240, 48, 240, 46, 240, 48, 240, 48, 240, 48, 240, 47, 240, 221, 3, 220, 3, 220, 3, 221, 3, 221, 3, 220, 3, 220, 3, 221, 3, 222, 3, 223, 3, 222, 3, 223, 3, 223, 3, 222, 3, 222, 3, 222, 3, 221, 3, 219, 3, 217, 3, 219, 3, 218, 3, 220, 3, 223, 3, 223, 3, 222, 3, 26, 0, 26, 0, 0, 18, 0, 18, 67]
1762250399961;F5:15:8C:96:83:4F;[32, 33, 131, 63, 0, 135, 63, 0, 147, 63, 0, 153, 63, 0, 155, 63, 0, 154, 63, 0, 144, 63, 0, 130, 63, 0, 134, 63, 0, 131, 63, 0, 151, 63, 0, 157, 63, 0, 152, 63, 0, 143, 63, 0, 138, 63, 0, 135, 63, 0, 137, 63, 0, 144, 63, 0, 144, 63, 0, 148, 63, 0, 141, 63, 0, 143, 63, 0, 136, 63, 0, 136, 63, 0, 142, 63, 0, 52, 0, 51, 0, 51, 0, 51, 0, 51, 0, 50, 0, 49, 0, 48, 0, 50, 0, 49, 0, 50, 0, 192, 190, 51, 0, 52, 0, 54, 0, 54, 0, 55, 0, 56, 0, 54, 0, 55, 0, 53, 0, 52, 0, 51, 0, 51, 0, 52, 0, 46, 240, 47, 240, 49, 240, 51, 240, 54, 240, 54, 240, 54, 240, 51, 240, 49, 240, 50, 240, 49, 240, 235, 202, 50, 240, 51, 240, 50, 240, 50, 240, 49, 240, 50, 240, 50, 240, 50, 240, 52, 240, 51, 240, 48, 240, 48, 240, 49, 240, 219, 3, 219, 3, 221, 3, 220, 3, 222, 3, 224, 3, 225, 3, 223, 3, 221, 3, 221, 3, 220, 3, 3, 0, 221, 3, 222, 3, 222, 3, 223, 3, 221, 3, 221, 3, 221, 3, 222, 3, 224, 3, 223, 3, 224, 3, 222, 3, 220, 3, 26, 0, 0, 18, 68]
1762250400172;F5:15:8C:96:83:4F;[32, 33, 140, 63, 0, 143, 63, 0, 150, 63, 0, 148, 63, 0, 142, 63, 0, 152, 63, 0, 146, 63, 0, 138, 63, 0, 142, 63, 0, 143, 63, 0, 141, 63, 0, 143, 63, 0, 147, 63, 0, 139, 63, 0, 146, 63, 0, 150, 63, 0, 150, 63, 0, 141, 63, 0, 137, 63, 0, 145, 63, 0, 151, 63, 0, 156, 63, 0, 151, 63, 0, 146, 63, 0, 148, 63, 0, 52, 0, 50, 0, 50, 0, 50, 0, 50, 0, 51, 0, 51, 0, 52, 0, 52, 0, 52, 0, 51, 0, 50, 0, 49, 0, 52, 0, 53, 0, 51, 0, 52, 0, 50, 0, 50, 0, 50, 0, 51, 0, 49, 0, 49, 0, 52, 0, 54, 0, 50, 240, 51, 240, 50, 240, 51, 240, 53, 240, 51, 240, 51, 240, 50, 240, 50, 240, 46, 240, 47, 240, 47, 240, 47, 240, 45, 240, 47, 240, 49, 240, 49, 240, 48, 240, 48, 240, 48, 240, 49, 240, 48, 240, 48, 240, 50, 240, 50, 240, 220, 3, 219, 3, 220, 3, 218, 3, 221, 3, 221, 3, 221, 3, 222, 3, 222, 3, 221, 3, 220, 3, 221, 3, 222, 3, 224, 3, 222, 3, 221, 3, 222, 3, 221, 3, 222, 3, 221, 3, 220, 3, 222, 3, 223, 3, 222, 3, 222, 3, 26, 0, 0, 18, 69]
1762250400426;F5:15:8C:96:83:4F;[32, 33, 153, 63, 0, 147, 63, 0, 135, 63, 0, 130, 63, 0, 132, 63, 0, 143, 63, 0, 153, 63, 0, 162, 63, 0, 169, 63, 0, 159, 63, 0, 145, 63, 0, 136, 63, 0, 124, 63, 0, 137, 63, 0, 140, 63, 0, 144, 63, 0, 156, 63, 0, 159, 63, 0, 158, 63, 0, 149, 63, 0, 136, 63, 0, 151, 63, 0, 152, 63, 0, 158, 63, 0, 157, 63, 0, 54, 0, 192, 190, 49, 0, 49, 0, 48, 0, 49, 0, 51, 0, 54, 0, 53, 0, 53, 0, 51, 0, 50, 0, 50, 0, 50, 0, 50, 0, 53, 0, 56, 0, 55, 0, 55, 0, 52, 0, 50, 0, 50, 0, 53, 0, 53, 0, 53, 0, 50, 240, 235, 202, 51, 240, 48, 240, 49, 240, 48, 240, 48, 240, 49, 240, 50, 240, 54, 240, 36, 240, 55, 240, 49, 240, 45, 240, 49, 240, 51, 240, 52, 240, 52, 240, 48, 240, 53, 240, 52, 240, 52, 240, 50, 240, 51, 240, 53, 240, 222, 3, 3, 0, 220, 3, 220, 3, 219, 3, 223, 3, 222, 3, 223, 3, 226, 3, 225, 3, 232, 3, 224, 3, 224, 3, 221, 3, 217, 3, 216, 3, 218, 3, 221, 3, 222, 3, 222, 3, 222, 3, 221, 3, 220, 3, 221, 3, 219, 3, 26, 0, 0, 18, 70]
1762250400711;F5:15:8C:96:83:4F;[36, 33, 159, 63, 0, 143, 63, 0, 132, 63, 0, 129, 63, 0, 135, 63, 0, 151, 63, 0, 160, 63, 0, 165, 63, 0, 148, 63, 0, 149, 63, 0, 148, 63, 0, 145, 63, 0, 149, 63, 0, 155, 63, 0, 149, 63, 0, 145, 63, 0, 146, 63, 0, 144, 63, 0, 145, 63, 0, 147, 63, 0, 146, 63, 0, 157, 63, 0, 158, 63, 0, 159, 63, 0, 156, 63, 0, 54, 0, 52, 0, 51, 0, 49, 0, 48, 0, 47, 0, 51, 0, 53, 0, 55, 0, 53, 0, 51, 0, 49, 0, 49, 0, 50, 0, 51, 0, 53, 0, 54, 0, 54, 0, 53, 0, 53, 0, 52, 0, 52, 0, 52, 0, 53, 0, 57, 0, 54, 240, 52, 240, 53, 240, 54, 240, 53, 240, 53, 240, 54, 240, 54, 240, 54, 240, 53, 240, 52, 240, 53, 240, 56, 240, 54, 240, 53, 240, 49, 240, 51, 240, 49, 240, 49, 240, 49, 240, 51, 240, 52, 240, 49, 240, 50, 240, 50, 240, 220, 3, 221, 3, 222, 3, 220, 3, 218, 3, 217, 3, 218, 3, 220, 3, 219, 3, 220, 3, 221, 3, 220, 3, 218, 3, 220, 3, 222, 3, 222, 3, 221, 3, 219, 3, 218, 3, 216, 3, 217, 3, 218, 3, 221, 3, 221, 3, 221, 3, 26, 0, 26, 0, 248, 17, 0, 18, 71]
1762250400927;F5:15:8C:96:83:4F;[32, 33, 153, 63, 0, 149, 63, 0, 141, 63, 0, 148, 63, 0, 149, 63, 0, 145, 63, 0, 147, 63, 0, 151, 63, 0, 149, 63, 0, 147, 63, 0, 146, 63, 0, 146, 63, 0, 151, 63, 0, 158, 63, 0, 159, 63, 0, 153, 63, 0, 144, 63, 0, 141, 63, 0, 142, 63, 0, 149, 63, 0, 149, 63, 0, 153, 63, 0, 158, 63, 0, 155, 63, 0, 151, 63, 0, 58, 0, 53, 0, 51, 0, 47, 0, 46, 0, 50, 0, 52, 0, 53, 0, 54, 0, 54, 0, 51, 0, 50, 0, 51, 0, 52, 0, 53, 0, 55, 0, 56, 0, 53, 0, 52, 0, 52, 0, 53, 0, 55, 0, 55, 0, 55, 0, 54, 0, 49, 240, 49, 240, 48, 240, 48, 240, 47, 240, 49, 240, 47, 240, 49, 240, 48, 240, 47, 240, 49, 240, 51, 240, 50, 240, 47, 240, 47, 240, 49, 240, 50, 240, 50, 240, 50, 240, 50, 240, 50, 240, 50, 240, 48, 240, 50, 240, 51, 240, 222, 3, 221, 3, 221, 3, 222, 3, 224, 3, 222, 3, 220, 3, 221, 3, 219, 3, 219, 3, 221, 3, 221, 3, 221, 3, 221, 3, 222, 3, 221, 3, 220, 3, 220, 3, 220, 3, 219, 3, 219, 3, 218, 3, 221, 3, 221, 3, 220, 3, 26, 0, 248, 17, 72]
1762250401232;F5:15:8C:96:83:4F;[32, 33, 140, 63, 0, 145, 63, 0, 145, 63, 0, 163, 63, 0, 161, 63, 0, 160, 63, 0, 154, 63, 0, 145, 63, 0, 143, 63, 0, 143, 63, 0, 150, 63, 0, 159, 63, 0, 159, 63, 0, 147, 63, 0, 151, 63, 0, 151, 63, 0, 147, 63, 0, 149, 63, 0, 155, 63, 0, 161, 63, 0, 159, 63, 0, 151, 63, 0, 154, 63, 0, 143, 63, 0, 139, 63, 0, 52, 0, 51, 0, 52, 0, 51, 0, 53, 0, 54, 0, 57, 0, 55, 0, 54, 0, 52, 0, 51, 0, 53, 0, 54, 0, 55, 0, 55, 0, 55, 0, 53, 0, 52, 0, 52, 0, 50, 0, 51, 0, 54, 0, 54, 0, 53, 0, 52, 0, 51, 240, 52, 240, 52, 240, 50, 240, 49, 240, 50, 240, 50, 240, 50, 240, 50, 240, 48, 240, 49, 240, 51, 240, 52, 240, 52, 240, 51, 240, 51, 240, 50, 240, 50, 240, 49, 240, 49, 240, 50, 240, 49, 240, 47, 240, 50, 240, 50, 240, 220, 3, 220, 3, 220, 3, 221, 3, 223, 3, 222, 3, 222, 3, 222, 3, 219, 3, 218, 3, 219, 3, 222, 3, 222, 3, 222, 3, 222, 3, 219, 3, 220, 3, 221, 3, 220, 3, 222, 3, 222, 3, 223, 3, 222, 3, 218, 3, 219, 3, 26, 0, 0, 18, 73]
1762250401464;F5:15:8C:96:83:4F;[32, 33, 144, 63, 0, 156, 63, 0, 151, 63, 0, 155, 63, 0, 157, 63, 0, 147, 63, 0, 152, 63, 0, 147, 63, 0, 148, 63, 0, 150, 63, 0, 157, 63, 0, 149, 63, 0, 151, 63, 0, 150, 63, 0, 153, 63, 0, 147, 63, 0, 147, 63, 0, 146, 63, 0, 144, 63, 0, 156, 63, 0, 153, 63, 0, 155, 63, 0, 146, 63, 0, 152, 63, 0, 153, 63, 0, 52, 0, 51, 0, 51, 0, 50, 0, 51, 0, 53, 0, 52, 0, 53, 0, 51, 0, 52, 0, 52, 0, 52, 0, 51, 0, 51, 0, 50, 0, 49, 0, 50, 0, 49, 0, 48, 0, 48, 0, 52, 0, 51, 0, 52, 0, 51, 0, 51, 0, 51, 240, 50, 240, 50, 240, 50, 240, 49, 240, 49, 240, 49, 240, 49, 240, 50, 240, 49, 240, 50, 240, 49, 240, 48, 240, 48, 240, 50, 240, 50, 240, 49, 240, 52, 240, 54, 240, 52, 240, 50, 240, 50, 240, 51, 240, 51, 240, 51, 240, 221, 3, 220, 3, 219, 3, 218, 3, 220, 3, 221, 3, 221, 3, 221, 3, 220, 3, 220, 3, 221, 3, 221, 3, 221, 3, 223, 3, 220, 3, 220, 3, 221, 3, 219, 3, 219, 3, 220, 3, 221, 3, 222, 3, 222, 3, 221, 3, 222, 3, 27, 0, 248, 17, 74]
1762250401714;F5:15:8C:96:83:4F;[36, 33, 154, 63, 0, 149, 63, 0, 146, 63, 0, 148, 63, 0, 146, 63, 0, 148, 63, 0, 156, 63, 0, 157, 63, 0, 153, 63, 0, 143, 63, 0, 147, 63, 0, 148, 63, 0, 151, 63, 0, 154, 63, 0, 156, 63, 0, 147, 63, 0, 139, 63, 0, 139, 63, 0, 143, 63, 0, 140, 63, 0, 145, 63, 0, 149, 63, 0, 149, 63, 0, 146, 63, 0, 145, 63, 0, 49, 0, 48, 0, 48, 0, 49, 0, 51, 0, 54, 0, 53, 0, 52, 0, 52, 0, 49, 0, 50, 0, 52, 0, 52, 0, 52, 0, 53, 0, 52, 0, 51, 0, 51, 0, 52, 0, 53, 0, 53, 0, 54, 0, 54, 0, 54, 0, 52, 0, 50, 240, 48, 240, 50, 240, 50, 240, 49, 240, 49, 240, 50, 240, 51, 240, 52, 240, 49, 240, 53, 240, 52, 240, 53, 240, 53, 240, 53, 240, 52, 240, 52, 240, 50, 240, 51, 240, 49, 240, 47, 240, 49, 240, 50, 240, 52, 240, 52, 240, 223, 3, 222, 3, 222, 3, 220, 3, 219, 3, 220, 3, 219, 3, 220, 3, 222, 3, 222, 3, 223, 3, 224, 3, 223, 3, 223, 3, 221, 3, 221, 3, 220, 3, 221, 3, 221, 3, 220, 3, 222, 3, 221, 3, 221, 3, 221, 3, 221, 3, 26, 0, 26, 0, 0, 18, 0, 18, 75]
1762250401936;F5:15:8C:96:83:4F;[32, 33, 142, 63, 0, 136, 63, 0, 142, 63, 0, 151, 63, 0, 150, 63, 0, 152, 63, 0, 147, 63, 0, 149, 63, 0, 137, 63, 0, 139, 63, 0, 147, 63, 0, 149, 63, 0, 149, 63, 0, 147, 63, 0, 145, 63, 0, 137, 63, 0, 144, 63, 0, 135, 63, 0, 146, 63, 0, 153, 63, 0, 160, 63, 0, 153, 63, 0, 138, 63, 0, 140, 63, 0, 129, 63, 0, 50, 0, 51, 0, 52, 0, 52, 0, 52, 0, 52, 0, 52, 0, 52, 0, 50, 0, 50, 0, 50, 0, 52, 0, 53, 0, 54, 0, 53, 0, 53, 0, 52, 0, 53, 0, 54, 0, 55, 0, 54, 0, 55, 0, 55, 0, 54, 0, 53, 0, 52, 240, 50, 240, 51, 240, 50, 240, 50, 240, 48, 240, 49, 240, 48, 240, 47, 240, 49, 240, 50, 240, 51, 240, 49, 240, 50, 240, 51, 240, 49, 240, 49, 240, 47, 240, 48, 240, 48, 240, 46, 240, 46, 240, 46, 240, 50, 240, 47, 240, 219, 3, 219, 3, 217, 3, 217, 3, 219, 3, 221, 3, 223, 3, 224, 3, 222, 3, 222, 3, 221, 3, 223, 3, 223, 3, 223, 3, 222, 3, 221, 3, 221, 3, 220, 3, 219, 3, 220, 3, 221, 3, 223, 3, 224, 3, 222, 3, 220, 3, 27, 0, 0, 18, 76]
1762250402229;F5:15:8C:96:83:4F;[32, 33, 131, 63, 0, 141, 63, 0, 147, 63, 0, 158, 63, 0, 150, 63, 0, 150, 63, 0, 141, 63, 0, 125, 63, 0, 133, 63, 0, 134, 63, 0, 148, 63, 0, 149, 63, 0, 146, 63, 0, 144, 63, 0, 135, 63, 0, 126, 63, 0, 122, 63, 0, 123, 63, 0, 141, 63, 0, 140, 63, 0, 146, 63, 0, 146, 63, 0, 144, 63, 0, 138, 63, 0, 130, 63, 0, 52, 0, 52, 0, 53, 0, 54, 0, 55, 0, 56, 0, 54, 0, 52, 0, 52, 0, 49, 0, 50, 0, 50, 0, 53, 0, 53, 0, 52, 0, 52, 0, 50, 0, 48, 0, 50, 0, 52, 0, 56, 0, 56, 0, 55, 0, 54, 0, 53, 0, 50, 240, 52, 240, 51, 240, 49, 240, 49, 240, 49, 240, 51, 240, 49, 240, 50, 240, 48, 240, 52, 240, 52, 240, 53, 240, 54, 240, 52, 240, 49, 240, 48, 240, 49, 240, 49, 240, 49, 240, 48, 240, 50, 240, 49, 240, 47, 240, 49, 240, 218, 3, 217, 3, 218, 3, 220, 3, 220, 3, 221, 3, 221, 3, 220, 3, 220, 3, 219, 3, 220, 3, 222, 3, 225, 3, 226, 3, 225, 3, 224, 3, 223, 3, 221, 3, 221, 3, 223, 3, 224, 3, 225, 3, 224, 3, 224, 3, 221, 3, 27, 0, 0, 18, 77]
1762250402424;F5:15:8C:96:83:4F;[32, 33, 128, 63, 0, 139, 63, 0, 140, 63, 0, 152, 63, 0, 139, 63, 0, 142, 63, 0, 132, 63, 0, 124, 63, 0, 127, 63, 0, 124, 63, 0, 133, 63, 0, 136, 63, 0, 137, 63, 0, 144, 63, 0, 137, 63, 0, 128, 63, 0, 129, 63, 0, 133, 63, 0, 133, 63, 0, 135, 63, 0, 142, 63, 0, 134, 63, 0, 130, 63, 0, 130, 63, 0, 126, 63, 0, 51, 0, 51, 0, 53, 0, 53, 0, 54, 0, 55, 0, 57, 0, 56, 0, 53, 0, 54, 0, 52, 0, 53, 0, 53, 0, 53, 0, 54, 0, 56, 0, 53, 0, 53, 0, 54, 0, 54, 0, 56, 0, 57, 0, 57, 0, 58, 0, 57, 0, 50, 240, 48, 240, 48, 240, 49, 240, 51, 240, 54, 240, 52, 240, 50, 240, 47, 240, 48, 240, 48, 240, 46, 240, 50, 240, 53, 240, 53, 240, 53, 240, 53, 240, 53, 240, 51, 240, 52, 240, 52, 240, 53, 240, 52, 240, 50, 240, 51, 240, 219, 3, 220, 3, 222, 3, 223, 3, 223, 3, 223, 3, 223, 3, 223, 3, 223, 3, 224, 3, 224, 3, 224, 3, 225, 3, 224, 3, 225, 3, 224, 3, 222, 3, 223, 3, 223, 3, 224, 3, 225, 3, 225, 3, 224, 3, 222, 3, 222, 3, 26, 0, 248, 17, 78]
1762250402734;F5:15:8C:96:83:4F;[36, 33, 124, 63, 0, 115, 63, 0, 125, 63, 0, 146, 63, 0, 156, 63, 0, 152, 63, 0, 126, 63, 0, 107, 63, 0, 104, 63, 0, 113, 63, 0, 140, 63, 0, 152, 63, 0, 148, 63, 0, 134, 63, 0, 112, 63, 0, 98, 63, 0, 94, 63, 0, 119, 63, 0, 142, 63, 0, 154, 63, 0, 152, 63, 0, 140, 63, 0, 115, 63, 0, 105, 63, 0, 101, 63, 0, 56, 0, 55, 0, 55, 0, 56, 0, 54, 0, 54, 0, 53, 0, 52, 0, 53, 0, 54, 0, 55, 0, 57, 0, 56, 0, 55, 0, 52, 0, 53, 0, 53, 0, 53, 0, 54, 0, 53, 0, 52, 0, 50, 0, 50, 0, 49, 0, 49, 0, 50, 240, 49, 240, 48, 240, 49, 240, 49, 240, 51, 240, 51, 240, 50, 240, 49, 240, 48, 240, 48, 240, 50, 240, 48, 240, 49, 240, 49, 240, 48, 240, 46, 240, 47, 240, 47, 240, 51, 240, 53, 240, 56, 240, 53, 240, 53, 240, 53, 240, 221, 3, 219, 3, 219, 3, 222, 3, 225, 3, 227, 3, 226, 3, 224, 3, 223, 3, 219, 3, 218, 3, 220, 3, 224, 3, 227, 3, 226, 3, 224, 3, 221, 3, 218, 3, 220, 3, 223, 3, 226, 3, 227, 3, 225, 3, 221, 3, 219, 3, 26, 0, 26, 0, 0, 18, 0, 18, 79]
1762250402962;F5:15:8C:96:83:4F;[32, 33, 114, 63, 0, 140, 63, 0, 151, 63, 0, 145, 63, 0, 124, 63, 0, 102, 63, 0, 100, 63, 0, 112, 63, 0, 126, 63, 0, 136, 63, 0, 140, 63, 0, 128, 63, 0, 120, 63, 0, 113, 63, 0, 112, 63, 0, 111, 63, 0, 126, 63, 0, 132, 63, 0, 132, 63, 0, 127, 63, 0, 119, 63, 0, 113, 63, 0, 106, 63, 0, 112, 63, 0, 120, 63, 0, 50, 0, 52, 0, 51, 0, 51, 0, 50, 0, 52, 0, 54, 0, 54, 0, 51, 0, 52, 0, 53, 0, 55, 0, 55, 0, 55, 0, 53, 0, 55, 0, 54, 0, 55, 0, 56, 0, 55, 0, 52, 0, 50, 0, 47, 0, 47, 0, 50, 0, 51, 240, 50, 240, 50, 240, 50, 240, 50, 240, 49, 240, 50, 240, 48, 240, 47, 240, 49, 240, 53, 240, 50, 240, 51, 240, 49, 240, 46, 240, 46, 240, 46, 240, 47, 240, 46, 240, 47, 240, 47, 240, 46, 240, 48, 240, 49, 240, 47, 240, 219, 3, 220, 3, 223, 3, 227, 3, 228, 3, 225, 3, 221, 3, 218, 3, 218, 3, 218, 3, 220, 3, 222, 3, 223, 3, 221, 3, 220, 3, 220, 3, 218, 3, 219, 3, 222, 3, 224, 3, 223, 3, 222, 3, 220, 3, 217, 3, 218, 3, 27, 0, 0, 18, 80]
1762250403175;F5:15:8C:96:83:4F;[32, 33, 126, 63, 0, 139, 63, 0, 134, 63, 0, 120, 63, 0, 115, 63, 0, 111, 63, 0, 108, 63, 0, 112, 63, 0, 132, 63, 0, 130, 63, 0, 125, 63, 0, 126, 63, 0, 122, 63, 0, 108, 63, 0, 108, 63, 0, 116, 63, 0, 113, 63, 0, 120, 63, 0, 122, 63, 0, 132, 63, 0, 126, 63, 0, 127, 63, 0, 116, 63, 0, 114, 63, 0, 115, 63, 0, 53, 0, 53, 0, 54, 0, 53, 0, 52, 0, 49, 0, 50, 0, 49, 0, 52, 0, 53, 0, 56, 0, 57, 0, 54, 0, 52, 0, 52, 0, 52, 0, 53, 0, 53, 0, 52, 0, 53, 0, 54, 0, 52, 0, 49, 0, 49, 0, 49, 0, 46, 240, 48, 240, 51, 240, 51, 240, 53, 240, 52, 240, 51, 240, 52, 240, 51, 240, 49, 240, 51, 240, 53, 240, 53, 240, 50, 240, 52, 240, 50, 240, 49, 240, 48, 240, 53, 240, 43, 240, 44, 240, 50, 240, 52, 240, 48, 240, 51, 240, 220, 3, 220, 3, 222, 3, 222, 3, 221, 3, 222, 3, 222, 3, 221, 3, 222, 3, 225, 3, 225, 3, 224, 3, 222, 3, 223, 3, 222, 3, 220, 3, 219, 3, 218, 3, 218, 3, 223, 3, 223, 3, 223, 3, 221, 3, 222, 3, 223, 3, 26, 0, 248, 17, 81]
1762250403489;F5:15:8C:96:83:4F;[32, 33, 136, 63, 0, 146, 63, 0, 144, 63, 0, 130, 63, 0, 112, 63, 0, 96, 63, 0, 81, 63, 0, 90, 63, 0, 108, 63, 0, 126, 63, 0, 135, 63, 0, 120, 63, 0, 106, 63, 0, 108, 63, 0, 106, 63, 0, 120, 63, 0, 130, 63, 0, 131, 63, 0, 131, 63, 0, 116, 63, 0, 103, 63, 0, 93, 63, 0, 89, 63, 0, 106, 63, 0, 117, 63, 0, 51, 0, 55, 0, 58, 0, 57, 0, 55, 0, 51, 0, 47, 0, 47, 0, 49, 0, 53, 0, 52, 0, 51, 0, 50, 0, 51, 0, 52, 0, 53, 0, 55, 0, 58, 0, 59, 0, 58, 0, 56, 0, 54, 0, 51, 0, 51, 0, 52, 0, 54, 240, 52, 240, 53, 240, 54, 240, 51, 240, 48, 240, 50, 240, 52, 240, 46, 240, 47, 240, 49, 240, 49, 240, 46, 240, 49, 240, 49, 240, 47, 240, 51, 240, 52, 240, 52, 240, 51, 240, 51, 240, 49, 240, 47, 240, 47, 240, 48, 240, 223, 3, 226, 3, 227, 3, 227, 3, 225, 3, 221, 3, 216, 3, 213, 3, 214, 3, 215, 3, 218, 3, 220, 3, 222, 3, 221, 3, 220, 3, 221, 3, 223, 3, 226, 3, 225, 3, 223, 3, 224, 3, 221, 3, 219, 3, 218, 3, 217, 3, 26, 0, 248, 17, 82]
1762250403660;F5:15:8C:96:83:4F;[36, 33, 129, 63, 0, 128, 63, 0, 127, 63, 0, 119, 63, 0, 111, 63, 0, 105, 63, 0, 120, 63, 0, 120, 63, 0, 120, 63, 0, 116, 63, 0, 103, 63, 0, 103, 63, 0, 96, 63, 0, 103, 63, 0, 111, 63, 0, 117, 63, 0, 125, 63, 0, 129, 63, 0, 120, 63, 0, 117, 63, 0, 114, 63, 0, 105, 63, 0, 108, 63, 0, 114, 63, 0, 115, 63, 0, 54, 0, 53, 0, 54, 0, 54, 0, 54, 0, 52, 0, 53, 0, 53, 0, 53, 0, 52, 0, 51, 0, 50, 0, 51, 0, 51, 0, 52, 0, 54, 0, 54, 0, 55, 0, 56, 0, 56, 0, 54, 0, 53, 0, 50, 0, 53, 0, 53, 0, 49, 240, 50, 240, 52, 240, 54, 240, 51, 240, 50, 240, 54, 240, 54, 240, 52, 240, 50, 240, 51, 240, 49, 240, 46, 240, 44, 240, 44, 240, 45, 240, 47, 240, 50, 240, 48, 240, 49, 240, 49, 240, 51, 240, 51, 240, 50, 240, 48, 240, 219, 3, 222, 3, 223, 3, 224, 3, 224, 3, 223, 3, 222, 3, 223, 3, 223, 3, 221, 3, 221, 3, 221, 3, 217, 3, 217, 3, 218, 3, 219, 3, 222, 3, 223, 3, 224, 3, 225, 3, 224, 3, 224, 3, 222, 3, 221, 3, 218, 3, 26, 0, 26, 0, 0, 18, 0, 18, 83]
1762250403923;F5:15:8C:96:83:4F;[32, 33, 109, 63, 0, 111, 63, 0, 104, 63, 0, 102, 63, 0, 104, 63, 0, 114, 63, 0, 119, 63, 0, 118, 63, 0, 122, 63, 0, 128, 63, 0, 113, 63, 0, 109, 63, 0, 105, 63, 0, 101, 63, 0, 98, 63, 0, 101, 63, 0, 114, 63, 0, 116, 63, 0, 118, 63, 0, 118, 63, 0, 117, 63, 0, 113, 63, 0, 116, 63, 0, 118, 63, 0, 122, 63, 0, 53, 0, 50, 0, 50, 0, 51, 0, 51, 0, 51, 0, 51, 0, 51, 0, 51, 0, 52, 0, 51, 0, 52, 0, 51, 0, 52, 0, 51, 0, 52, 0, 53, 0, 53, 0, 51, 0, 52, 0, 52, 0, 52, 0, 53, 0, 54, 0, 54, 0, 47, 240, 46, 240, 48, 240, 50, 240, 51, 240, 50, 240, 52, 240, 52, 240, 54, 240, 53, 240, 51, 240, 51, 240, 47, 240, 45, 240, 43, 240, 46, 240, 46, 240, 47, 240, 50, 240, 51, 240, 53, 240, 53, 240, 51, 240, 50, 240, 49, 240, 218, 3, 218, 3, 218, 3, 218, 3, 217, 3, 218, 3, 217, 3, 220, 3, 222, 3, 221, 3, 225, 3, 224, 3, 222, 3, 221, 3, 220, 3, 219, 3, 219, 3, 221, 3, 223, 3, 222, 3, 220, 3, 223, 3, 222, 3, 221, 3, 222, 3, 26, 0, 0, 18, 84]
1762250404172;F5:15:8C:96:83:4F;[32, 33, 115, 63, 0, 120, 63, 0, 114, 63, 0, 108, 63, 0, 107, 63, 0, 99, 63, 0, 103, 63, 0, 105, 63, 0, 111, 63, 0, 120, 63, 0, 121, 63, 0, 118, 63, 0, 113, 63, 0, 113, 63, 0, 106, 63, 0, 122, 63, 0, 121, 63, 0, 118, 63, 0, 111, 63, 0, 107, 63, 0, 102, 63, 0, 105, 63, 0, 110, 63, 0, 120, 63, 0, 127, 63, 0, 54, 0, 53, 0, 53, 0, 55, 0, 54, 0, 54, 0, 54, 0, 53, 0, 53, 0, 53, 0, 52, 0, 52, 0, 52, 0, 54, 0, 55, 0, 56, 0, 54, 0, 52, 0, 51, 0, 49, 0, 51, 0, 50, 0, 52, 0, 54, 0, 55, 0, 47, 240, 48, 240, 49, 240, 46, 240, 47, 240, 48, 240, 49, 240, 48, 240, 47, 240, 50, 240, 50, 240, 48, 240, 48, 240, 48, 240, 49, 240, 49, 240, 51, 240, 50, 240, 50, 240, 50, 240, 49, 240, 48, 240, 47, 240, 49, 240, 49, 240, 225, 3, 225, 3, 225, 3, 221, 3, 219, 3, 219, 3, 218, 3, 218, 3, 221, 3, 221, 3, 223, 3, 225, 3, 224, 3, 223, 3, 222, 3, 223, 3, 224, 3, 224, 3, 224, 3, 222, 3, 219, 3, 219, 3, 217, 3, 216, 3, 218, 3, 26, 0, 0, 18, 85]
1762250404410;F5:15:8C:96:83:4F;[32, 33, 123, 63, 0, 114, 63, 0, 110, 63, 0, 110, 63, 0, 110, 63, 0, 116, 63, 0, 119, 63, 0, 117, 63, 0, 111, 63, 0, 109, 63, 0, 107, 63, 0, 110, 63, 0, 108, 63, 0, 113, 63, 0, 116, 63, 0, 113, 63, 0, 114, 63, 0, 122, 63, 0, 122, 63, 0, 114, 63, 0, 112, 63, 0, 110, 63, 0, 110, 63, 0, 108, 63, 0, 118, 63, 0, 54, 0, 53, 0, 54, 0, 53, 0, 53, 0, 53, 0, 54, 0, 55, 0, 53, 0, 51, 0, 52, 0, 52, 0, 53, 0, 54, 0, 54, 0, 54, 0, 52, 0, 51, 0, 52, 0, 50, 0, 51, 0, 53, 0, 52, 0, 53, 0, 54, 0, 49, 240, 52, 240, 50, 240, 49, 240, 50, 240, 51, 240, 52, 240, 49, 240, 52, 240, 51, 240, 49, 240, 45, 240, 45, 240, 48, 240, 48, 240, 48, 240, 48, 240, 48, 240, 48, 240, 48, 240, 48, 240, 45, 240, 47, 240, 49, 240, 49, 240, 221, 3, 223, 3, 222, 3, 220, 3, 220, 3, 219, 3, 220, 3, 221, 3, 221, 3, 221, 3, 220, 3, 217, 3, 216, 3, 218, 3, 218, 3, 219, 3, 220, 3, 221, 3, 221, 3, 220, 3, 220, 3, 221, 3, 219, 3, 220, 3, 222, 3, 26, 0, 0, 18, 86]
1762250404704;F5:15:8C:96:83:4F;[36, 33, 115, 63, 0, 117, 63, 0, 113, 63, 0, 106, 63, 0, 111, 63, 0, 114, 63, 0, 122, 63, 0, 124, 63, 0, 126, 63, 0, 126, 63, 0, 120, 63, 0, 113, 63, 0, 110, 63, 0, 120, 63, 0, 120, 63, 0, 125, 63, 0, 119, 63, 0, 120, 63, 0, 118, 63, 0, 116, 63, 0, 120, 63, 0, 120, 63, 0, 128, 63, 0, 128, 63, 0, 129, 63, 0, 52, 0, 52, 0, 52, 0, 51, 0, 52, 0, 53, 0, 54, 0, 54, 0, 52, 0, 52, 0, 52, 0, 54, 0, 53, 0, 54, 0, 54, 0, 51, 0, 50, 0, 51, 0, 51, 0, 52, 0, 54, 0, 53, 0, 53, 0, 53, 0, 50, 0, 51, 240, 51, 240, 48, 240, 49, 240, 48, 240, 47, 240, 47, 240, 47, 240, 48, 240, 47, 240, 46, 240, 45, 240, 47, 240, 47, 240, 47, 240, 48, 240, 50, 240, 52, 240, 50, 240, 49, 240, 48, 240, 48, 240, 46, 240, 42, 240, 45, 240, 222, 3, 221, 3, 220, 3, 218, 3, 217, 3, 215, 3, 217, 3, 222, 3, 224, 3, 225, 3, 226, 3, 225, 3, 225, 3, 220, 3, 219, 3, 218, 3, 220, 3, 220, 3, 220, 3, 220, 3, 219, 3, 220, 3, 222, 3, 224, 3, 224, 3, 26, 0, 27, 0, 0, 18, 0, 18, 87]
1762250404915;F5:15:8C:96:83:4F;[32, 33, 123, 63, 0, 122, 63, 0, 114, 63, 0, 125, 63, 0, 119, 63, 0, 125, 63, 0, 123, 63, 0, 125, 63, 0, 130, 63, 0, 118, 63, 0, 122, 63, 0, 130, 63, 0, 128, 63, 0, 131, 63, 0, 133, 63, 0, 131, 63, 0, 124, 63, 0, 127, 63, 0, 130, 63, 0, 122, 63, 0, 128, 63, 0, 122, 63, 0, 121, 63, 0, 133, 63, 0, 122, 63, 0, 49, 0, 50, 0, 53, 0, 55, 0, 57, 0, 57, 0, 56, 0, 54, 0, 54, 0, 52, 0, 52, 0, 53, 0, 53, 0, 53, 0, 52, 0, 51, 0, 48, 0, 50, 0, 50, 0, 50, 0, 51, 0, 54, 0, 53, 0, 50, 0, 48, 0, 47, 240, 45, 240, 47, 240, 48, 240, 49, 240, 49, 240, 48, 240, 49, 240, 48, 240, 47, 240, 46, 240, 46, 240, 48, 240, 48, 240, 47, 240, 49, 240, 50, 240, 49, 240, 48, 240, 48, 240, 49, 240, 49, 240, 47, 240, 50, 240, 51, 240, 223, 3, 222, 3, 222, 3, 222, 3, 221, 3, 220, 3, 220, 3, 220, 3, 220, 3, 220, 3, 222, 3, 220, 3, 220, 3, 219, 3, 219, 3, 219, 3, 220, 3, 220, 3, 221, 3, 222, 3, 219, 3, 219, 3, 219, 3, 217, 3, 219, 3, 26, 0, 0, 18, 88]
1762250405199;F5:15:8C:96:83:4F;[32, 33, 121, 63, 0, 126, 63, 0, 138, 63, 0, 163, 63, 0, 176, 63, 0, 173, 63, 0, 142, 63, 0, 96, 63, 0, 66, 63, 0, 77, 63, 0, 126, 63, 0, 174, 63, 0, 196, 63, 0, 170, 63, 0, 120, 63, 0, 80, 63, 0, 76, 63, 0, 124, 63, 0, 183, 63, 0, 213, 63, 0, 193, 63, 0, 133, 63, 0, 75, 63, 0, 64, 63, 0, 94, 63, 0, 50, 0, 50, 0, 52, 0, 52, 0, 52, 0, 56, 0, 55, 0, 55, 0, 52, 0, 52, 0, 49, 0, 47, 0, 49, 0, 54, 0, 56, 0, 54, 0, 50, 0, 48, 0, 48, 0, 51, 0, 53, 0, 55, 0, 54, 0, 52, 0, 54, 0, 49, 240, 47, 240, 50, 240, 52, 240, 51, 240, 51, 240, 52, 240, 52, 240, 47, 240, 44, 240, 46, 240, 47, 240, 48, 240, 50, 240, 50, 240, 52, 240, 52, 240, 50, 240, 50, 240, 53, 240, 53, 240, 50, 240, 50, 240, 49, 240, 50, 240, 220, 3, 221, 3, 222, 3, 227, 3, 231, 3, 233, 3, 232, 3, 224, 3, 216, 3, 209, 3, 209, 3, 213, 3, 220, 3, 224, 3, 224, 3, 218, 3, 212, 3, 212, 3, 218, 3, 225, 3, 230, 3, 232, 3, 225, 3, 217, 3, 209, 3, 26, 0, 0, 18, 89]
1762250405416;F5:15:8C:96:83:4F;[32, 33, 145, 63, 0, 188, 63, 0, 189, 63, 0, 150, 63, 0, 99, 63, 0, 72, 63, 0, 107, 63, 0, 161, 63, 0, 199, 63, 0, 195, 63, 0, 156, 63, 0, 104, 63, 0, 79, 63, 0, 102, 63, 0, 130, 63, 0, 164, 63, 0, 178, 63, 0, 160, 63, 0, 139, 63, 0, 128, 63, 0, 136, 63, 0, 143, 63, 0, 151, 63, 0, 142, 63, 0, 125, 63, 0, 54, 0, 52, 0, 50, 0, 48, 0, 48, 0, 49, 0, 52, 0, 52, 0, 54, 0, 55, 0, 54, 0, 52, 0, 50, 0, 49, 0, 49, 0, 49, 0, 50, 0, 54, 0, 55, 0, 55, 0, 54, 0, 53, 0, 51, 0, 51, 0, 51, 0, 48, 240, 47, 240, 49, 240, 50, 240, 48, 240, 47, 240, 48, 240, 50, 240, 49, 240, 50, 240, 52, 240, 51, 240, 48, 240, 47, 240, 44, 240, 46, 240, 48, 240, 48, 240, 48, 240, 49, 240, 47, 240, 47, 240, 46, 240, 47, 240, 48, 240, 211, 3, 215, 3, 221, 3, 223, 3, 222, 3, 216, 3, 212, 3, 215, 3, 223, 3, 229, 3, 231, 3, 226, 3, 218, 3, 211, 3, 210, 3, 215, 3, 221, 3, 226, 3, 226, 3, 222, 3, 223, 3, 221, 3, 221, 3, 221, 3, 221, 3, 26, 0, 248, 17, 90]
1762250405725;F5:15:8C:96:83:4F;[36, 33, 126, 63, 0, 138, 63, 0, 158, 63, 0, 155, 63, 0, 147, 63, 0, 122, 63, 0, 108, 63, 0, 123, 63, 0, 155, 63, 0, 181, 63, 0, 182, 63, 0, 157, 63, 0, 134, 63, 0, 100, 63, 0, 118, 63, 0, 136, 63, 0, 153, 63, 0, 182, 63, 0, 176, 63, 0, 150, 63, 0, 130, 63, 0, 126, 63, 0, 137, 63, 0, 151, 63, 0, 169, 63, 0, 53, 0, 53, 0, 52, 0, 54, 0, 52, 0, 51, 0, 52, 0, 53, 0, 55, 0, 48, 0, 53, 0, 53, 0, 50, 0, 53, 0, 47, 0, 52, 0, 56, 0, 59, 0, 58, 0, 59, 0, 58, 0, 58, 0, 56, 0, 51, 0, 51, 0, 45, 240, 46, 240, 47, 240, 49, 240, 48, 240, 46, 240, 49, 240, 48, 240, 47, 240, 50, 240, 53, 240, 45, 240, 55, 240, 51, 240, 57, 240, 41, 240, 50, 240, 53, 240, 49, 240, 52, 240, 46, 240, 56, 240, 46, 240, 49, 240, 51, 240, 218, 3, 219, 3, 220, 3, 220, 3, 225, 3, 225, 3, 221, 3, 221, 3, 220, 3, 224, 3, 225, 3, 229, 3, 224, 3, 220, 3, 217, 3, 219, 3, 217, 3, 217, 3, 221, 3, 225, 3, 226, 3, 220, 3, 222, 3, 221, 3, 224, 3, 26, 0, 26, 0, 248, 17, 0, 18, 91]
1762250405917;F5:15:8C:96:83:4F;[32, 33, 171, 63, 0, 159, 63, 0, 140, 63, 0, 112, 63, 0, 115, 63, 0, 114, 63, 0, 116, 63, 0, 133, 63, 0, 148, 63, 0, 167, 63, 0, 181, 63, 0, 171, 63, 0, 156, 63, 0, 139, 63, 0, 138, 63, 0, 156, 63, 0, 175, 63, 0, 181, 63, 0, 150, 63, 0, 124, 63, 0, 104, 63, 0, 109, 63, 0, 131, 63, 0, 160, 63, 0, 169, 63, 0, 52, 0, 51, 0, 52, 0, 53, 0, 53, 0, 51, 0, 49, 0, 49, 0, 52, 0, 56, 0, 59, 0, 59, 0, 55, 0, 51, 0, 47, 0, 47, 0, 48, 0, 49, 0, 51, 0, 55, 0, 58, 0, 58, 0, 57, 0, 54, 0, 53, 0, 53, 240, 54, 240, 51, 240, 53, 240, 52, 240, 51, 240, 50, 240, 49, 240, 50, 240, 49, 240, 52, 240, 51, 240, 50, 240, 48, 240, 50, 240, 53, 240, 50, 240, 51, 240, 51, 240, 51, 240, 48, 240, 47, 240, 52, 240, 50, 240, 50, 240, 227, 3, 228, 3, 227, 3, 223, 3, 217, 3, 213, 3, 212, 3, 211, 3, 214, 3, 221, 3, 226, 3, 229, 3, 229, 3, 228, 3, 225, 3, 224, 3, 226, 3, 227, 3, 228, 3, 223, 3, 218, 3, 214, 3, 212, 3, 214, 3, 219, 3, 26, 0, 248, 17, 92]
1762250406214;F5:15:8C:96:83:4F;[32, 33, 168, 63, 0, 159, 63, 0, 149, 63, 0, 138, 63, 0, 143, 63, 0, 160, 63, 0, 163, 63, 0, 155, 63, 0, 144, 63, 0, 128, 63, 0, 112, 63, 0, 117, 63, 0, 131, 63, 0, 168, 63, 0, 176, 63, 0, 183, 63, 0, 183, 63, 0, 167, 63, 0, 148, 63, 0, 137, 63, 0, 149, 63, 0, 138, 63, 0, 145, 63, 0, 145, 63, 0, 134, 63, 0, 51, 0, 54, 0, 55, 0, 55, 0, 56, 0, 53, 0, 52, 0, 52, 0, 50, 0, 48, 0, 49, 0, 54, 0, 55, 0, 57, 0, 58, 0, 56, 0, 55, 0, 49, 0, 47, 0, 47, 0, 52, 0, 53, 0, 52, 0, 49, 0, 49, 0, 50, 240, 50, 240, 49, 240, 49, 240, 49, 240, 51, 240, 49, 240, 50, 240, 53, 240, 53, 240, 50, 240, 51, 240, 51, 240, 54, 240, 53, 240, 54, 240, 54, 240, 54, 240, 54, 240, 54, 240, 52, 240, 48, 240, 47, 240, 47, 240, 43, 240, 222, 3, 223, 3, 225, 3, 224, 3, 224, 3, 223, 3, 224, 3, 227, 3, 224, 3, 221, 3, 219, 3, 216, 3, 215, 3, 217, 3, 222, 3, 227, 3, 230, 3, 229, 3, 228, 3, 226, 3, 222, 3, 220, 3, 219, 3, 218, 3, 217, 3, 26, 0, 0, 18, 93]
1762250406436;F5:15:8C:96:83:4F;[32, 33, 140, 63, 0, 143, 63, 0, 146, 63, 0, 144, 63, 0, 146, 63, 0, 156, 63, 0, 171, 63, 0, 169, 63, 0, 172, 63, 0, 164, 63, 0, 148, 63, 0, 142, 63, 0, 134, 63, 0, 144, 63, 0, 144, 63, 0, 145, 63, 0, 139, 63, 0, 128, 63, 0, 149, 63, 0, 169, 63, 0, 178, 63, 0, 188, 63, 0, 175, 63, 0, 158, 63, 0, 151, 63, 0, 50, 0, 51, 0, 51, 0, 52, 0, 52, 0, 51, 0, 48, 0, 49, 0, 50, 0, 53, 0, 53, 0, 56, 0, 58, 0, 56, 0, 52, 0, 49, 0, 51, 0, 52, 0, 54, 0, 52, 0, 52, 0, 52, 0, 52, 0, 52, 0, 53, 0, 45, 240, 48, 240, 49, 240, 48, 240, 49, 240, 50, 240, 49, 240, 46, 240, 52, 240, 52, 240, 51, 240, 50, 240, 48, 240, 49, 240, 53, 240, 49, 240, 46, 240, 48, 240, 48, 240, 48, 240, 51, 240, 53, 240, 52, 240, 51, 240, 52, 240, 219, 3, 218, 3, 217, 3, 219, 3, 220, 3, 219, 3, 223, 3, 227, 3, 229, 3, 228, 3, 226, 3, 225, 3, 222, 3, 218, 3, 216, 3, 216, 3, 217, 3, 216, 3, 218, 3, 219, 3, 224, 3, 226, 3, 230, 3, 232, 3, 231, 3, 27, 0, 0, 18, 94]
1762250406729;F5:15:8C:96:83:4F;[36, 33, 143, 63, 0, 137, 63, 0, 135, 63, 0, 125, 63, 0, 125, 63, 0, 134, 63, 0, 158, 63, 0, 174, 63, 0, 178, 63, 0, 172, 63, 0, 150, 63, 0, 142, 63, 0, 134, 63, 0, 149, 63, 0, 167, 63, 0, 158, 63, 0, 148, 63, 0, 131, 63, 0, 133, 63, 0, 151, 63, 0, 167, 63, 0, 184, 63, 0, 172, 63, 0, 161, 63, 0, 132, 63, 0, 57, 0, 57, 0, 55, 0, 50, 0, 43, 0, 43, 0, 44, 0, 48, 0, 51, 0, 54, 0, 57, 0, 57, 0, 54, 0, 52, 0, 49, 0, 46, 0, 49, 0, 54, 0, 53, 0, 53, 0, 50, 0, 48, 0, 48, 0, 49, 0, 51, 0, 52, 240, 52, 240, 49, 240, 49, 240, 48, 240, 47, 240, 47, 240, 51, 240, 54, 240, 54, 240, 54, 240, 53, 240, 53, 240, 53, 240, 50, 240, 48, 240, 51, 240, 50, 240, 51, 240, 51, 240, 51, 240, 52, 240, 52, 240, 51, 240, 51, 240, 228, 3, 225, 3, 223, 3, 220, 3, 219, 3, 217, 3, 218, 3, 220, 3, 224, 3, 225, 3, 226, 3, 225, 3, 221, 3, 220, 3, 220, 3, 221, 3, 221, 3, 218, 3, 217, 3, 216, 3, 219, 3, 224, 3, 226, 3, 228, 3, 226, 3, 26, 0, 26, 0, 0, 18, 0, 18, 95]
1762250406916;F5:15:8C:96:83:4F;[32, 33, 125, 63, 0, 137, 63, 0, 154, 63, 0, 175, 63, 0, 164, 63, 0, 158, 63, 0, 139, 63, 0, 129, 63, 0, 133, 63, 0, 154, 63, 0, 166, 63, 0, 165, 63, 0, 161, 63, 0, 159, 63, 0, 148, 63, 0, 153, 63, 0, 161, 63, 0, 161, 63, 0, 158, 63, 0, 159, 63, 0, 143, 63, 0, 143, 63, 0, 136, 63, 0, 142, 63, 0, 152, 63, 0, 54, 0, 55, 0, 54, 0, 53, 0, 50, 0, 49, 0, 49, 0, 49, 0, 50, 0, 52, 0, 52, 0, 51, 0, 50, 0, 49, 0, 50, 0, 51, 0, 54, 0, 54, 0, 53, 0, 51, 0, 52, 0, 51, 0, 49, 0, 48, 0, 47, 0, 53, 240, 52, 240, 51, 240, 52, 240, 51, 240, 51, 240, 48, 240, 46, 240, 47, 240, 48, 240, 49, 240, 49, 240, 51, 240, 51, 240, 51, 240, 49, 240, 50, 240, 49, 240, 49, 240, 48, 240, 49, 240, 52, 240, 51, 240, 53, 240, 54, 240, 222, 3, 220, 3, 219, 3, 220, 3, 223, 3, 224, 3, 222, 3, 222, 3, 218, 3, 215, 3, 217, 3, 219, 3, 221, 3, 220, 3, 219, 3, 221, 3, 222, 3, 223, 3, 224, 3, 223, 3, 221, 3, 219, 3, 218, 3, 215, 3, 217, 3, 26, 0, 248, 17, 96]
1762250407223;F5:15:8C:96:83:4F;[32, 33, 162, 63, 0, 163, 63, 0, 162, 63, 0, 154, 63, 0, 151, 63, 0, 145, 63, 0, 144, 63, 0, 137, 63, 0, 144, 63, 0, 155, 63, 0, 161, 63, 0, 165, 63, 0, 157, 63, 0, 150, 63, 0, 147, 63, 0, 150, 63, 0, 155, 63, 0, 160, 63, 0, 154, 63, 0, 141, 63, 0, 138, 63, 0, 138, 63, 0, 141, 63, 0, 162, 63, 0, 173, 63, 0, 50, 0, 51, 0, 52, 0, 52, 0, 53, 0, 52, 0, 50, 0, 50, 0, 51, 0, 50, 0, 51, 0, 53, 0, 51, 0, 53, 0, 52, 0, 52, 0, 52, 0, 52, 0, 51, 0, 52, 0, 54, 0, 55, 0, 54, 0, 52, 0, 52, 0, 52, 240, 48, 240, 49, 240, 47, 240, 45, 240, 46, 240, 47, 240, 47, 240, 46, 240, 47, 240, 50, 240, 51, 240, 53, 240, 53, 240, 52, 240, 51, 240, 48, 240, 51, 240, 49, 240, 50, 240, 50, 240, 47, 240, 49, 240, 47, 240, 49, 240, 217, 3, 219, 3, 222, 3, 223, 3, 222, 3, 221, 3, 221, 3, 220, 3, 219, 3, 222, 3, 222, 3, 223, 3, 222, 3, 224, 3, 222, 3, 222, 3, 221, 3, 222, 3, 221, 3, 222, 3, 219, 3, 216, 3, 216, 3, 219, 3, 223, 3, 26, 0, 0, 18, 97]
1762250407415;F5:15:8C:96:83:4F;[32, 33, 178, 63, 0, 175, 63, 0, 154, 63, 0, 135, 63, 0, 138, 63, 0, 139, 63, 0, 148, 63, 0, 148, 63, 0, 143, 63, 0, 141, 63, 0, 139, 63, 0, 152, 63, 0, 162, 63, 0, 170, 63, 0, 173, 63, 0, 165, 63, 0, 157, 63, 0, 144, 63, 0, 133, 63, 0, 141, 63, 0, 148, 63, 0, 146, 63, 0, 149, 63, 0, 150, 63, 0, 151, 63, 0, 52, 0, 51, 0, 50, 0, 53, 0, 55, 0, 55, 0, 53, 0, 52, 0, 50, 0, 52, 0, 51, 0, 53, 0, 53, 0, 56, 0, 55, 0, 55, 0, 55, 0, 54, 0, 54, 0, 53, 0, 51, 0, 53, 0, 54, 0, 52, 0, 53, 0, 50, 240, 51, 240, 52, 240, 53, 240, 56, 240, 53, 240, 52, 240, 53, 240, 50, 240, 49, 240, 48, 240, 47, 240, 50, 240, 50, 240, 51, 240, 53, 240, 52, 240, 51, 240, 49, 240, 50, 240, 49, 240, 49, 240, 48, 240, 51, 240, 53, 240, 226, 3, 227, 3, 226, 3, 223, 3, 221, 3, 220, 3, 219, 3, 218, 3, 217, 3, 216, 3, 219, 3, 221, 3, 221, 3, 221, 3, 224, 3, 226, 3, 226, 3, 225, 3, 222, 3, 221, 3, 218, 3, 218, 3, 218, 3, 220, 3, 221, 3, 26, 0, 0, 18, 98]
1762250407709;F5:15:8C:96:83:4F;[36, 33, 149, 63, 0, 147, 63, 0, 148, 63, 0, 142, 63, 0, 142, 63, 0, 152, 63, 0, 154, 63, 0, 152, 63, 0, 158, 63, 0, 147, 63, 0, 147, 63, 0, 137, 63, 0, 127, 63, 0, 137, 63, 0, 143, 63, 0, 152, 63, 0, 155, 63, 0, 153, 63, 0, 139, 63, 0, 146, 63, 0, 142, 63, 0, 142, 63, 0, 140, 63, 0, 148, 63, 0, 149, 63, 0, 53, 0, 53, 0, 54, 0, 52, 0, 52, 0, 52, 0, 53, 0, 53, 0, 53, 0, 55, 0, 53, 0, 53, 0, 52, 0, 52, 0, 53, 0, 53, 0, 54, 0, 54, 0, 53, 0, 53, 0, 53, 0, 51, 0, 52, 0, 52, 0, 51, 0, 49, 240, 47, 240, 48, 240, 50, 240, 50, 240, 49, 240, 49, 240, 52, 240, 51, 240, 51, 240, 52, 240, 53, 240, 52, 240, 49, 240, 50, 240, 52, 240, 51, 240, 49, 240, 51, 240, 54, 240, 51, 240, 50, 240, 50, 240, 52, 240, 51, 240, 222, 3, 223, 3, 220, 3, 219, 3, 219, 3, 220, 3, 222, 3, 223, 3, 224, 3, 223, 3, 221, 3, 220, 3, 219, 3, 219, 3, 218, 3, 221, 3, 221, 3, 222, 3, 223, 3, 223, 3, 223, 3, 221, 3, 221, 3, 222, 3, 221, 3, 26, 0, 26, 0, 0, 18, 0, 18, 99]
1762250407940;F5:15:8C:96:83:4F;[32, 33, 134, 63, 0, 128, 63, 0, 120, 63, 0, 130, 63, 0, 146, 63, 0, 147, 63, 0, 159, 63, 0, 162, 63, 0, 145, 63, 0, 133, 63, 0, 131, 63, 0, 124, 63, 0, 129, 63, 0, 134, 63, 0, 137, 63, 0, 139, 63, 0, 133, 63, 0, 140, 63, 0, 137, 63, 0, 130, 63, 0, 145, 63, 0, 143, 63, 0, 140, 63, 0, 139, 63, 0, 135, 63, 0, 52, 0, 51, 0, 53, 0, 53, 0, 53, 0, 53, 0, 53, 0, 53, 0, 54, 0, 52, 0, 50, 0, 49, 0, 49, 0, 50, 0, 49, 0, 50, 0, 51, 0, 49, 0, 50, 0, 52, 0, 52, 0, 53, 0, 54, 0, 55, 0, 52, 0, 50, 240, 48, 240, 49, 240, 49, 240, 49, 240, 48, 240, 53, 240, 51, 240, 50, 240, 48, 240, 50, 240, 46, 240, 49, 240, 52, 240, 50, 240, 51, 240, 49, 240, 49, 240, 49, 240, 50, 240, 49, 240, 45, 240, 48, 240, 51, 240, 50, 240, 220, 3, 219, 3, 218, 3, 215, 3, 218, 3, 218, 3, 221, 3, 224, 3, 225, 3, 225, 3, 222, 3, 219, 3, 217, 3, 215, 3, 215, 3, 215, 3, 217, 3, 218, 3, 218, 3, 220, 3, 222, 3, 225, 3, 224, 3, 224, 3, 222, 3, 26, 0, 248, 17, 100]
1762250408222;F5:15:8C:96:83:4F;[32, 33, 135, 63, 0, 132, 63, 0, 131, 63, 0, 135, 63, 0, 135, 63, 0, 141, 63, 0, 141, 63, 0, 137, 63, 0, 125, 63, 0, 133, 63, 0, 135, 63, 0, 126, 63, 0, 137, 63, 0, 139, 63, 0, 137, 63, 0, 130, 63, 0, 136, 63, 0, 131, 63, 0, 130, 63, 0, 130, 63, 0, 127, 63, 0, 129, 63, 0, 129, 63, 0, 140, 63, 0, 143, 63, 0, 52, 0, 51, 0, 51, 0, 50, 0, 51, 0, 49, 0, 49, 0, 48, 0, 48, 0, 50, 0, 52, 0, 53, 0, 53, 0, 52, 0, 52, 0, 52, 0, 53, 0, 53, 0, 53, 0, 56, 0, 57, 0, 54, 0, 51, 0, 52, 0, 50, 0, 49, 240, 52, 240, 53, 240, 50, 240, 53, 240, 50, 240, 48, 240, 48, 240, 48, 240, 44, 240, 45, 240, 47, 240, 47, 240, 48, 240, 49, 240, 49, 240, 48, 240, 49, 240, 51, 240, 51, 240, 51, 240, 50, 240, 50, 240, 50, 240, 49, 240, 221, 3, 220, 3, 220, 3, 220, 3, 219, 3, 221, 3, 220, 3, 219, 3, 221, 3, 222, 3, 220, 3, 218, 3, 220, 3, 220, 3, 220, 3, 221, 3, 221, 3, 221, 3, 222, 3, 222, 3, 220, 3, 219, 3, 220, 3, 221, 3, 223, 3, 27, 0, 248, 17, 101]
1762250408436;F5:15:8C:96:83:4F;[32, 33, 138, 63, 0, 126, 63, 0, 115, 63, 0, 111, 63, 0, 117, 63, 0, 130, 63, 0, 138, 63, 0, 138, 63, 0, 123, 63, 0, 120, 63, 0, 124, 63, 0, 123, 63, 0, 134, 63, 0, 136, 63, 0, 131, 63, 0, 111, 63, 0, 98, 63, 0, 101, 63, 0, 112, 63, 0, 128, 63, 0, 133, 63, 0, 137, 63, 0, 122, 63, 0, 129, 63, 0, 122, 63, 0, 51, 0, 53, 0, 52, 0, 53, 0, 53, 0, 53, 0, 52, 0, 51, 0, 53, 0, 54, 0, 55, 0, 55, 0, 55, 0, 54, 0, 52, 0, 51, 0, 51, 0, 52, 0, 53, 0, 52, 0, 52, 0, 51, 0, 52, 0, 54, 0, 56, 0, 50, 240, 51, 240, 50, 240, 49, 240, 51, 240, 50, 240, 50, 240, 48, 240, 51, 240, 50, 240, 49, 240, 48, 240, 48, 240, 50, 240, 49, 240, 48, 240, 49, 240, 49, 240, 48, 240, 49, 240, 50, 240, 51, 240, 52, 240, 51, 240, 50, 240, 225, 3, 224, 3, 223, 3, 220, 3, 218, 3, 217, 3, 219, 3, 220, 3, 221, 3, 220, 3, 220, 3, 219, 3, 221, 3, 223, 3, 223, 3, 222, 3, 221, 3, 217, 3, 215, 3, 215, 3, 218, 3, 220, 3, 222, 3, 224, 3, 225, 3, 26, 0, 0, 18, 102]
1762250408723;F5:15:8C:96:83:4F;[36, 33, 125, 63, 0, 126, 63, 0, 117, 63, 0, 108, 63, 0, 114, 63, 0, 117, 63, 0, 114, 63, 0, 117, 63, 0, 122, 63, 0, 125, 63, 0, 122, 63, 0, 111, 63, 0, 114, 63, 0, 107, 63, 0, 106, 63, 0, 110, 63, 0, 108, 63, 0, 110, 63, 0, 110, 63, 0, 113, 63, 0, 121, 63, 0, 127, 63, 0, 133, 63, 0, 130, 63, 0, 125, 63, 0, 55, 0, 54, 0, 52, 0, 53, 0, 52, 0, 52, 0, 54, 0, 56, 0, 55, 0, 57, 0, 56, 0, 54, 0, 54, 0, 53, 0, 54, 0, 52, 0, 51, 0, 50, 0, 53, 0, 52, 0, 54, 0, 54, 0, 55, 0, 55, 0, 56, 0, 51, 240, 52, 240, 53, 240, 51, 240, 52, 240, 52, 240, 51, 240, 48, 240, 49, 240, 50, 240, 49, 240, 48, 240, 49, 240, 51, 240, 48, 240, 49, 240, 49, 240, 50, 240, 50, 240, 51, 240, 50, 240, 49, 240, 50, 240, 49, 240, 49, 240, 224, 3, 224, 3, 224, 3, 221, 3, 222, 3, 221, 3, 222, 3, 223, 3, 224, 3, 223, 3, 222, 3, 223, 3, 221, 3, 221, 3, 219, 3, 219, 3, 218, 3, 219, 3, 218, 3, 220, 3, 220, 3, 220, 3, 222, 3, 225, 3, 225, 3, 26, 0, 26, 0, 0, 18, 248, 17, 103]
1762250408902;F5:15:8C:96:83:4F;[32, 33, 120, 63, 0, 114, 63, 0, 114, 63, 0, 102, 63, 0, 103, 63, 0, 104, 63, 0, 111, 63, 0, 121, 63, 0, 113, 63, 0, 114, 63, 0, 107, 63, 0, 100, 63, 0, 97, 63, 0, 106, 63, 0, 125, 63, 0, 128, 63, 0, 129, 63, 0, 109, 63, 0, 92, 63, 0, 88, 63, 0, 98, 63, 0, 112, 63, 0, 125, 63, 0, 132, 63, 0, 124, 63, 0, 56, 0, 54, 0, 53, 0, 53, 0, 52, 0, 51, 0, 51, 0, 50, 0, 48, 0, 48, 0, 48, 0, 49, 0, 52, 0, 51, 0, 52, 0, 53, 0, 53, 0, 53, 0, 49, 0, 49, 0, 50, 0, 53, 0, 55, 0, 54, 0, 55, 0, 49, 240, 49, 240, 50, 240, 50, 240, 50, 240, 50, 240, 49, 240, 49, 240, 52, 240, 51, 240, 51, 240, 50, 240, 49, 240, 51, 240, 49, 240, 51, 240, 50, 240, 51, 240, 50, 240, 49, 240, 48, 240, 49, 240, 51, 240, 52, 240, 54, 240, 225, 3, 224, 3, 222, 3, 220, 3, 218, 3, 217, 3, 219, 3, 221, 3, 220, 3, 220, 3, 220, 3, 219, 3, 218, 3, 219, 3, 220, 3, 221, 3, 222, 3, 224, 3, 223, 3, 219, 3, 220, 3, 220, 3, 221, 3, 223, 3, 224, 3, 26, 0, 0, 18, 104]
1762250409185;F5:15:8C:96:83:4F;[32, 33, 110, 63, 0, 105, 63, 0, 106, 63, 0, 95, 63, 0, 106, 63, 0, 111, 63, 0, 128, 63, 0, 124, 63, 0, 116, 63, 0, 103, 63, 0, 86, 63, 0, 90, 63, 0, 90, 63, 0, 105, 63, 0, 120, 63, 0, 139, 63, 0, 129, 63, 0, 120, 63, 0, 108, 63, 0, 95, 63, 0, 105, 63, 0, 112, 63, 0, 130, 63, 0, 131, 63, 0, 113, 63, 0, 55, 0, 55, 0, 51, 0, 48, 0, 47, 0, 48, 0, 50, 0, 52, 0, 51, 0, 51, 0, 49, 0, 48, 0, 47, 0, 49, 0, 52, 0, 55, 0, 55, 0, 52, 0, 53, 0, 52, 0, 50, 0, 48, 0, 47, 0, 47, 0, 46, 0, 54, 240, 53, 240, 49, 240, 48, 240, 48, 240, 50, 240, 49, 240, 51, 240, 52, 240, 51, 240, 50, 240, 49, 240, 51, 240, 53, 240, 54, 240, 52, 240, 54, 240, 54, 240, 52, 240, 49, 240, 49, 240, 50, 240, 53, 240, 51, 240, 50, 240, 225, 3, 223, 3, 224, 3, 222, 3, 220, 3, 220, 3, 221, 3, 222, 3, 221, 3, 221, 3, 220, 3, 217, 3, 216, 3, 215, 3, 216, 3, 220, 3, 225, 3, 226, 3, 226, 3, 224, 3, 222, 3, 223, 3, 224, 3, 226, 3, 227, 3, 26, 0, 0, 18, 105]
1762250409424;F5:15:8C:96:83:4F;[32, 33, 86, 63, 0, 78, 63, 0, 85, 63, 0, 102, 63, 0, 118, 63, 0, 122, 63, 0, 125, 63, 0, 116, 63, 0, 109, 63, 0, 104, 63, 0, 101, 63, 0, 111, 63, 0, 120, 63, 0, 111, 63, 0, 114, 63, 0, 104, 63, 0, 100, 63, 0, 100, 63, 0, 103, 63, 0, 98, 63, 0, 101, 63, 0, 117, 63, 0, 127, 63, 0, 129, 63, 0, 124, 63, 0, 47, 0, 48, 0, 50, 0, 52, 0, 52, 0, 52, 0, 52, 0, 54, 0, 54, 0, 55, 0, 58, 0, 58, 0, 57, 0, 57, 0, 56, 0, 54, 0, 50, 0, 48, 0, 50, 0, 49, 0, 49, 0, 53, 0, 53, 0, 53, 0, 51, 0, 50, 240, 48, 240, 49, 240, 48, 240, 49, 240, 51, 240, 50, 240, 51, 240, 50, 240, 50, 240, 50, 240, 51, 240, 49, 240, 49, 240, 47, 240, 49, 240, 52, 240, 51, 240, 48, 240, 48, 240, 49, 240, 50, 240, 50, 240, 50, 240, 53, 240, 224, 3, 220, 3, 215, 3, 215, 3, 217, 3, 219, 3, 223, 3, 224, 3, 225, 3, 225, 3, 225, 3, 225, 3, 224, 3, 224, 3, 223, 3, 222, 3, 224, 3, 224, 3, 222, 3, 219, 3, 217, 3, 219, 3, 221, 3, 224, 3, 226, 3, 26, 0, 248, 17, 106]
1762250409696;F5:15:8C:96:83:4F;[36, 33, 106, 63, 0, 99, 63, 0, 100, 63, 0, 104, 63, 0, 112, 63, 0, 121, 63, 0, 116, 63, 0, 103, 63, 0, 96, 63, 0, 99, 63, 0, 99, 63, 0, 119, 63, 0, 128, 63, 0, 132, 63, 0, 128, 63, 0, 114, 63, 0, 102, 63, 0, 94, 63, 0, 100, 63, 0, 103, 63, 0, 111, 63, 0, 118, 63, 0, 123, 63, 0, 109, 63, 0, 111, 63, 0, 52, 0, 51, 0, 52, 0, 53, 0, 51, 0, 50, 0, 51, 0, 50, 0, 49, 0, 47, 0, 50, 0, 53, 0, 53, 0, 56, 0, 53, 0, 52, 0, 53, 0, 52, 0, 53, 0, 51, 0, 51, 0, 51, 0, 52, 0, 52, 0, 53, 0, 52, 240, 53, 240, 52, 240, 50, 240, 50, 240, 50, 240, 51, 240, 51, 240, 49, 240, 49, 240, 51, 240, 50, 240, 52, 240, 52, 240, 53, 240, 54, 240, 52, 240, 52, 240, 49, 240, 48, 240, 49, 240, 50, 240, 50, 240, 51, 240, 53, 240, 224, 3, 225, 3, 224, 3, 221, 3, 221, 3, 224, 3, 223, 3, 222, 3, 220, 3, 219, 3, 218, 3, 220, 3, 222, 3, 225, 3, 227, 3, 229, 3, 228, 3, 223, 3, 220, 3, 218, 3, 218, 3, 219, 3, 218, 3, 220, 3, 220, 3, 26, 0, 26, 0, 0, 18, 0, 18, 107]
1762250409900;F5:15:8C:96:83:4F;[32, 33, 106, 63, 0, 108, 63, 0, 119, 63, 0, 123, 63, 0, 123, 63, 0, 115, 63, 0, 108, 63, 0, 107, 63, 0, 105, 63, 0, 98, 63, 0, 105, 63, 0, 113, 63, 0, 120, 63, 0, 125, 63, 0, 117, 63, 0, 110, 63, 0, 115, 63, 0, 118, 63, 0, 117, 63, 0, 122, 63, 0, 117, 63, 0, 119, 63, 0, 114, 63, 0, 112, 63, 0, 113, 63, 0, 54, 0, 54, 0, 57, 0, 56, 0, 56, 0, 56, 0, 55, 0, 52, 0, 52, 0, 52, 0, 53, 0, 192, 190, 51, 0, 51, 0, 52, 0, 54, 0, 54, 0, 55, 0, 54, 0, 54, 0, 54, 0, 54, 0, 53, 0, 54, 0, 55, 0, 52, 240, 49, 240, 51, 240, 51, 240, 50, 240, 49, 240, 50, 240, 50, 240, 50, 240, 49, 240, 45, 240, 235, 202, 46, 240, 45, 240, 47, 240, 52, 240, 53, 240, 54, 240, 54, 240, 53, 240, 51, 240, 49, 240, 48, 240, 48, 240, 51, 240, 222, 3, 221, 3, 222, 3, 222, 3, 222, 3, 223, 3, 223, 3, 221, 3, 220, 3, 217, 3, 218, 3, 3, 0, 222, 3, 222, 3, 224, 3, 224, 3, 224, 3, 223, 3, 222, 3, 223, 3, 224, 3, 222, 3, 221, 3, 220, 3, 217, 3, 26, 0, 0, 18, 108]
1762250410191;F5:15:8C:96:83:4F;[32, 33, 115, 63, 0, 119, 63, 0, 118, 63, 0, 118, 63, 0, 119, 63, 0, 125, 63, 0, 121, 63, 0, 122, 63, 0, 121, 63, 0, 116, 63, 0, 116, 63, 0, 115, 63, 0, 123, 63, 0, 128, 63, 0, 129, 63, 0, 124, 63, 0, 108, 63, 0, 107, 63, 0, 108, 63, 0, 117, 63, 0, 128, 63, 0, 136, 63, 0, 132, 63, 0, 131, 63, 0, 124, 63, 0, 54, 0, 52, 0, 54, 0, 55, 0, 53, 0, 52, 0, 50, 0, 50, 0, 49, 0, 50, 0, 50, 0, 51, 0, 54, 0, 53, 0, 53, 0, 56, 0, 55, 0, 55, 0, 55, 0, 56, 0, 57, 0, 57, 0, 57, 0, 57, 0, 55, 0, 51, 240, 54, 240, 52, 240, 51, 240, 48, 240, 49, 240, 50, 240, 50, 240, 50, 240, 50, 240, 47, 240, 49, 240, 47, 240, 50, 240, 50, 240, 49, 240, 47, 240, 48, 240, 46, 240, 46, 240, 48, 240, 48, 240, 50, 240, 52, 240, 52, 240, 216, 3, 218, 3, 220, 3, 220, 3, 221, 3, 223, 3, 222, 3, 222, 3, 222, 3, 221, 3, 220, 3, 220, 3, 219, 3, 219, 3, 219, 3, 221, 3, 220, 3, 218, 3, 217, 3, 217, 3, 219, 3, 220, 3, 222, 3, 220, 3, 222, 3, 26, 0, 0, 18, 109]
1762250410399;F5:15:8C:96:83:4F;[32, 33, 119, 63, 0, 124, 63, 0, 111, 63, 0, 118, 63, 0, 117, 63, 0, 117, 63, 0, 123, 63, 0, 124, 63, 0, 128, 63, 0, 122, 63, 0, 118, 63, 0, 119, 63, 0, 122, 63, 0, 128, 63, 0, 148, 63, 0, 134, 63, 0, 132, 63, 0, 121, 63, 0, 109, 63, 0, 113, 63, 0, 120, 63, 0, 136, 63, 0, 143, 63, 0, 138, 63, 0, 136, 63, 0, 55, 0, 53, 0, 51, 0, 51, 0, 51, 0, 52, 0, 53, 0, 53, 0, 56, 0, 54, 0, 54, 0, 50, 0, 51, 0, 52, 0, 53, 0, 55, 0, 54, 0, 55, 0, 55, 0, 53, 0, 53, 0, 54, 0, 56, 0, 57, 0, 54, 0, 50, 240, 49, 240, 48, 240, 45, 240, 46, 240, 47, 240, 50, 240, 49, 240, 49, 240, 52, 240, 48, 240, 46, 240, 47, 240, 46, 240, 50, 240, 50, 240, 48, 240, 51, 240, 52, 240, 49, 240, 46, 240, 45, 240, 48, 240, 50, 240, 51, 240, 221, 3, 220, 3, 219, 3, 219, 3, 218, 3, 219, 3, 221, 3, 222, 3, 221, 3, 220, 3, 220, 3, 220, 3, 219, 3, 221, 3, 220, 3, 222, 3, 223, 3, 221, 3, 220, 3, 219, 3, 219, 3, 221, 3, 222, 3, 224, 3, 225, 3, 26, 0, 248, 17, 110]
1762250410686;F5:15:8C:96:83:4F;[36, 33, 129, 63, 0, 121, 63, 0, 121, 63, 0, 121, 63, 0, 132, 63, 0, 137, 63, 0, 128, 63, 0, 127, 63, 0, 108, 63, 0, 115, 63, 0, 110, 63, 0, 119, 63, 0, 131, 63, 0, 152, 63, 0, 159, 63, 0, 164, 63, 0, 148, 63, 0, 127, 63, 0, 106, 63, 0, 108, 63, 0, 115, 63, 0, 146, 63, 0, 144, 63, 0, 137, 63, 0, 122, 63, 0, 51, 0, 50, 0, 49, 0, 51, 0, 54, 0, 53, 0, 54, 0, 56, 0, 57, 0, 56, 0, 52, 0, 51, 0, 50, 0, 50, 0, 50, 0, 51, 0, 52, 0, 54, 0, 50, 0, 50, 0, 52, 0, 50, 0, 52, 0, 50, 0, 49, 0, 53, 240, 52, 240, 47, 240, 45, 240, 46, 240, 48, 240, 48, 240, 52, 240, 56, 240, 52, 240, 49, 240, 48, 240, 46, 240, 46, 240, 47, 240, 48, 240, 50, 240, 54, 240, 51, 240, 51, 240, 50, 240, 48, 240, 48, 240, 47, 240, 47, 240, 224, 3, 222, 3, 222, 3, 223, 3, 222, 3, 222, 3, 223, 3, 220, 3, 217, 3, 214, 3, 213, 3, 214, 3, 217, 3, 221, 3, 224, 3, 228, 3, 229, 3, 228, 3, 224, 3, 221, 3, 217, 3, 217, 3, 220, 3, 223, 3, 223, 3, 26, 0, 26, 0, 248, 17, 0, 18, 111]
1762250410919;F5:15:8C:96:83:4F;[32, 33, 118, 63, 0, 108, 63, 0, 128, 63, 0, 149, 63, 0, 167, 63, 0, 176, 63, 0, 158, 63, 0, 131, 63, 0, 109, 63, 0, 114, 63, 0, 120, 63, 0, 140, 63, 0, 148, 63, 0, 143, 63, 0, 132, 63, 0, 126, 63, 0, 121, 63, 0, 139, 63, 0, 147, 63, 0, 156, 63, 0, 149, 63, 0, 152, 63, 0, 146, 63, 0, 143, 63, 0, 125, 63, 0, 49, 0, 52, 0, 50, 0, 47, 0, 49, 0, 49, 0, 50, 0, 53, 0, 57, 0, 55, 0, 51, 0, 49, 0, 47, 0, 48, 0, 52, 0, 53, 0, 53, 0, 53, 0, 51, 0, 48, 0, 48, 0, 50, 0, 53, 0, 56, 0, 54, 0, 50, 240, 49, 240, 47, 240, 47, 240, 49, 240, 48, 240, 48, 240, 47, 240, 50, 240, 51, 240, 50, 240, 47, 240, 48, 240, 48, 240, 51, 240, 50, 240, 54, 240, 52, 240, 52, 240, 50, 240, 51, 240, 51, 240, 52, 240, 52, 240, 51, 240, 220, 3, 216, 3, 215, 3, 217, 3, 221, 3, 224, 3, 225, 3, 225, 3, 222, 3, 218, 3, 217, 3, 218, 3, 219, 3, 221, 3, 222, 3, 221, 3, 220, 3, 219, 3, 219, 3, 222, 3, 225, 3, 228, 3, 228, 3, 226, 3, 224, 3, 27, 0, 0, 18, 112]
1762250411187;F5:15:8C:96:83:4F;[32, 33, 118, 63, 0, 127, 63, 0, 139, 63, 0, 147, 63, 0, 147, 63, 0, 150, 63, 0, 145, 63, 0, 130, 63, 0, 127, 63, 0, 130, 63, 0, 146, 63, 0, 153, 63, 0, 156, 63, 0, 157, 63, 0, 156, 63, 0, 139, 63, 0, 122, 63, 0, 115, 63, 0, 122, 63, 0, 137, 63, 0, 156, 63, 0, 174, 63, 0, 174, 63, 0, 160, 63, 0, 138, 63, 0, 53, 0, 52, 0, 51, 0, 50, 0, 50, 0, 49, 0, 52, 0, 52, 0, 51, 0, 53, 0, 52, 0, 52, 0, 54, 0, 59, 0, 55, 0, 51, 0, 46, 0, 45, 0, 48, 0, 50, 0, 55, 0, 58, 0, 57, 0, 54, 0, 51, 0, 52, 240, 50, 240, 48, 240, 48, 240, 50, 240, 49, 240, 47, 240, 48, 240, 50, 240, 50, 240, 51, 240, 53, 240, 51, 240, 43, 240, 46, 240, 53, 240, 52, 240, 50, 240, 51, 240, 54, 240, 56, 240, 54, 240, 52, 240, 47, 240, 45, 240, 222, 3, 221, 3, 221, 3, 222, 3, 223, 3, 223, 3, 224, 3, 223, 3, 219, 3, 219, 3, 218, 3, 220, 3, 222, 3, 228, 3, 227, 3, 225, 3, 223, 3, 219, 3, 216, 3, 216, 3, 217, 3, 219, 3, 222, 3, 228, 3, 228, 3, 26, 0, 248, 17, 113]
1762250411401;F5:15:8C:96:83:4F;[32, 33, 122, 63, 0, 126, 63, 0, 128, 63, 0, 153, 63, 0, 161, 63, 0, 156, 63, 0, 140, 63, 0, 129, 63, 0, 120, 63, 0, 120, 63, 0, 132, 63, 0, 160, 63, 0, 176, 63, 0, 177, 63, 0, 166, 63, 0, 144, 63, 0, 123, 63, 0, 120, 63, 0, 132, 63, 0, 150, 63, 0, 169, 63, 0, 155, 63, 0, 141, 63, 0, 124, 63, 0, 116, 63, 0, 46, 0, 45, 0, 46, 0, 51, 0, 54, 0, 55, 0, 54, 0, 51, 0, 48, 0, 47, 0, 50, 0, 52, 0, 54, 0, 52, 0, 52, 0, 52, 0, 50, 0, 51, 0, 51, 0, 52, 0, 52, 0, 52, 0, 52, 0, 52, 0, 51, 0, 51, 240, 44, 240, 45, 240, 53, 240, 54, 240, 48, 240, 48, 240, 45, 240, 40, 240, 39, 240, 42, 240, 49, 240, 50, 240, 52, 240, 53, 240, 50, 240, 49, 240, 50, 240, 46, 240, 47, 240, 52, 240, 52, 240, 47, 240, 50, 240, 50, 240, 225, 3, 222, 3, 219, 3, 217, 3, 220, 3, 224, 3, 222, 3, 218, 3, 219, 3, 217, 3, 217, 3, 219, 3, 222, 3, 225, 3, 226, 3, 225, 3, 224, 3, 220, 3, 218, 3, 220, 3, 222, 3, 223, 3, 221, 3, 217, 3, 217, 3, 26, 0, 0, 18, 114]
1762250411717;F5:15:8C:96:83:4F;[36, 33, 131, 63, 0, 159, 63, 0, 175, 63, 0, 183, 63, 0, 175, 63, 0, 139, 63, 0, 126, 63, 0, 114, 63, 0, 133, 63, 0, 149, 63, 0, 160, 63, 0, 160, 63, 0, 148, 63, 0, 143, 63, 0, 121, 63, 0, 122, 63, 0, 146, 63, 0, 156, 63, 0, 175, 63, 0, 179, 63, 0, 168, 63, 0, 143, 63, 0, 130, 63, 0, 125, 63, 0, 130, 63, 0, 52, 0, 54, 0, 55, 0, 54, 0, 54, 0, 51, 0, 49, 0, 49, 0, 52, 0, 54, 0, 54, 0, 53, 0, 53, 0, 52, 0, 51, 0, 51, 0, 51, 0, 54, 0, 55, 0, 56, 0, 56, 0, 55, 0, 53, 0, 51, 0, 50, 0, 49, 240, 49, 240, 51, 240, 55, 240, 53, 240, 51, 240, 49, 240, 49, 240, 47, 240, 47, 240, 46, 240, 49, 240, 51, 240, 48, 240, 48, 240, 48, 240, 47, 240, 48, 240, 48, 240, 50, 240, 52, 240, 52, 240, 50, 240, 50, 240, 47, 240, 218, 3, 218, 3, 220, 3, 226, 3, 229, 3, 229, 3, 226, 3, 221, 3, 218, 3, 217, 3, 217, 3, 220, 3, 222, 3, 221, 3, 220, 3, 218, 3, 219, 3, 220, 3, 224, 3, 229, 3, 231, 3, 231, 3, 226, 3, 221, 3, 218, 3, 26, 0, 26, 0, 0, 18, 248, 17, 115]
1762250411903;F5:15:8C:96:83:4F;[32, 33, 149, 63, 0, 144, 63, 0, 157, 63, 0, 147, 63, 0, 145, 63, 0, 143, 63, 0, 154, 63, 0, 152, 63, 0, 153, 63, 0, 143, 63, 0, 142, 63, 0, 137, 63, 0, 141, 63, 0, 132, 63, 0, 134, 63, 0, 136, 63, 0, 145, 63, 0, 136, 63, 0, 141, 63, 0, 149, 63, 0, 155, 63, 0, 157, 63, 0, 157, 63, 0, 140, 63, 0, 126, 63, 0, 50, 0, 51, 0, 52, 0, 52, 0, 54, 0, 54, 0, 53, 0, 54, 0, 55, 0, 54, 0, 52, 0, 52, 0, 55, 0, 54, 0, 55, 0, 52, 0, 53, 0, 53, 0, 52, 0, 53, 0, 53, 0, 53, 0, 54, 0, 54, 0, 54, 0, 44, 240, 45, 240, 49, 240, 51, 240, 55, 240, 53, 240, 51, 240, 53, 240, 51, 240, 49, 240, 48, 240, 50, 240, 49, 240, 46, 240, 52, 240, 49, 240, 47, 240, 44, 240, 44, 240, 48, 240, 47, 240, 47, 240, 48, 240, 51, 240, 52, 240, 218, 3, 218, 3, 220, 3, 222, 3, 221, 3, 222, 3, 221, 3, 221, 3, 225, 3, 225, 3, 225, 3, 224, 3, 222, 3, 222, 3, 220, 3, 218, 3, 216, 3, 220, 3, 220, 3, 220, 3, 222, 3, 223, 3, 224, 3, 224, 3, 223, 3, 26, 0, 248, 17, 116]
1762250412212;F5:15:8C:96:83:4F;[32, 33, 124, 63, 0, 121, 63, 0, 117, 63, 0, 129, 63, 0, 127, 63, 0, 138, 63, 0, 130, 63, 0, 133, 63, 0, 121, 63, 0, 124, 63, 0, 143, 63, 0, 155, 63, 0, 157, 63, 0, 146, 63, 0, 125, 63, 0, 126, 63, 0, 108, 63, 0, 124, 63, 0, 125, 63, 0, 144, 63, 0, 148, 63, 0, 136, 63, 0, 132, 63, 0, 138, 63, 0, 138, 63, 0, 54, 0, 54, 0, 53, 0, 53, 0, 53, 0, 54, 0, 53, 0, 54, 0, 56, 0, 56, 0, 54, 0, 54, 0, 53, 0, 51, 0, 50, 0, 52, 0, 51, 0, 51, 0, 52, 0, 51, 0, 49, 0, 52, 0, 52, 0, 53, 0, 53, 0, 48, 240, 47, 240, 46, 240, 47, 240, 45, 240, 42, 240, 45, 240, 46, 240, 50, 240, 51, 240, 52, 240, 52, 240, 51, 240, 51, 240, 50, 240, 52, 240, 51, 240, 52, 240, 53, 240, 54, 240, 54, 240, 51, 240, 52, 240, 52, 240, 52, 240, 220, 3, 219, 3, 217, 3, 216, 3, 218, 3, 221, 3, 221, 3, 222, 3, 219, 3, 220, 3, 220, 3, 221, 3, 224, 3, 226, 3, 224, 3, 221, 3, 219, 3, 217, 3, 215, 3, 215, 3, 218, 3, 222, 3, 221, 3, 220, 3, 221, 3, 26, 0, 0, 18, 117]
1762250412447;F5:15:8C:96:83:4F;[32, 33, 151, 63, 0, 144, 63, 0, 138, 63, 0, 145, 63, 0, 140, 63, 0, 143, 63, 0, 126, 63, 0, 126, 63, 0, 114, 63, 0, 121, 63, 0, 134, 63, 0, 142, 63, 0, 147, 63, 0, 147, 63, 0, 146, 63, 0, 141, 63, 0, 137, 63, 0, 141, 63, 0, 141, 63, 0, 141, 63, 0, 138, 63, 0, 146, 63, 0, 166, 63, 0, 178, 63, 0, 202, 63, 0, 51, 0, 53, 0, 54, 0, 53, 0, 53, 0, 54, 0, 55, 0, 54, 0, 54, 0, 54, 0, 53, 0, 51, 0, 51, 0, 50, 0, 50, 0, 48, 0, 49, 0, 52, 0, 52, 0, 51, 0, 49, 0, 51, 0, 49, 0, 48, 0, 52, 0, 57, 240, 48, 240, 54, 240, 56, 240, 52, 240, 51, 240, 48, 240, 45, 240, 46, 240, 51, 240, 47, 240, 53, 240, 53, 240, 51, 240, 51, 240, 49, 240, 47, 240, 46, 240, 50, 240, 51, 240, 51, 240, 52, 240, 52, 240, 48, 240, 48, 240, 220, 3, 222, 3, 222, 3, 223, 3, 223, 3, 222, 3, 221, 3, 220, 3, 218, 3, 216, 3, 216, 3, 215, 3, 217, 3, 220, 3, 221, 3, 222, 3, 223, 3, 222, 3, 222, 3, 220, 3, 221, 3, 220, 3, 219, 3, 218, 3, 219, 3, 26, 0, 0, 18, 118]
1762250412716;F5:15:8C:96:83:4F;[36, 33, 232, 63, 0, 2, 64, 0, 33, 64, 0, 51, 64, 0, 69, 64, 0, 70, 64, 0, 75, 64, 0, 62, 64, 0, 56, 64, 0, 48, 64, 0, 34, 64, 0, 18, 64, 0, 8, 64, 0, 7, 64, 0, 8, 64, 0, 8, 64, 0, 14, 64, 0, 21, 64, 0, 25, 64, 0, 27, 64, 0, 22, 64, 0, 23, 64, 0, 16, 64, 0, 20, 64, 0, 22, 64, 0, 54, 0, 54, 0, 54, 0, 54, 0, 54, 0, 54, 0, 54, 0, 53, 0, 52, 0, 53, 0, 53, 0, 53, 0, 51, 0, 50, 0, 51, 0, 50, 0, 51, 0, 49, 0, 50, 0, 51, 0, 51, 0, 50, 0, 50, 0, 52, 0, 51, 0, 48, 240, 50, 240, 51, 240, 51, 240, 51, 240, 53, 240, 52, 240, 49, 240, 48, 240, 49, 240, 47, 240, 47, 240, 50, 240, 51, 240, 50, 240, 53, 240, 50, 240, 48, 240, 52, 240, 53, 240, 51, 240, 52, 240, 53, 240, 52, 240, 51, 240, 220, 3, 223, 3, 222, 3, 223, 3, 224, 3, 223, 3, 223, 3, 223, 3, 224, 3, 222, 3, 222, 3, 220, 3, 220, 3, 221, 3, 222, 3, 222, 3, 224, 3, 224, 3, 222, 3, 224, 3, 223, 3, 224, 3, 222, 3, 221, 3, 222, 3, 26, 0, 26, 0, 0, 18, 0, 18, 119]
1762250412902;F5:15:8C:96:83:4F;[32, 33, 22, 64, 0, 23, 64, 0, 21, 64, 0, 26, 64, 0, 27, 64, 0, 32, 64, 0, 29, 64, 0, 32, 64, 0, 35, 64, 0, 39, 64, 0, 53, 64, 0, 59, 64, 0, 63, 64, 0, 64, 64, 0, 68, 64, 0, 62, 64, 0, 66, 64, 0, 68, 64, 0, 77, 64, 0, 82, 64, 0, 81, 64, 0, 73, 64, 0, 65, 64, 0, 54, 64, 0, 25, 64, 0, 52, 0, 49, 0, 49, 0, 52, 0, 52, 0, 53, 0, 54, 0, 55, 0, 56, 0, 55, 0, 54, 0, 54, 0, 52, 0, 50, 0, 49, 0, 50, 0, 51, 0, 53, 0, 52, 0, 51, 0, 50, 0, 49, 0, 48, 0, 50, 0, 50, 0, 51, 240, 51, 240, 49, 240, 48, 240, 48, 240, 48, 240, 47, 240, 49, 240, 52, 240, 52, 240, 51, 240, 48, 240, 49, 240, 54, 240, 52, 240, 53, 240, 52, 240, 51, 240, 52, 240, 53, 240, 53, 240, 53, 240, 52, 240, 50, 240, 50, 240, 220, 3, 219, 3, 221, 3, 219, 3, 219, 3, 221, 3, 223, 3, 223, 3, 224, 3, 223, 3, 223, 3, 224, 3, 224, 3, 224, 3, 223, 3, 222, 3, 221, 3, 220, 3, 219, 3, 221, 3, 223, 3, 224, 3, 225, 3, 224, 3, 223, 3, 26, 0, 0, 18, 120]
1762250413211;F5:15:8C:96:83:4F;[32, 33, 27, 64, 0, 25, 64, 0, 29, 64, 0, 22, 64, 0, 2, 64, 0, 247, 63, 0, 229, 63, 0, 223, 63, 0, 207, 63, 0, 209, 63, 0, 210, 63, 0, 220, 63, 0, 210, 63, 0, 198, 63, 0, 192, 63, 0, 186, 63, 0, 186, 63, 0, 193, 63, 0, 197, 63, 0, 192, 63, 0, 173, 63, 0, 161, 63, 0, 160, 63, 0, 150, 63, 0, 157, 63, 0, 50, 0, 53, 0, 54, 0, 51, 0, 50, 0, 51, 0, 51, 0, 52, 0, 52, 0, 53, 0, 51, 0, 53, 0, 52, 0, 53, 0, 51, 0, 53, 0, 54, 0, 52, 0, 51, 0, 50, 0, 51, 0, 52, 0, 53, 0, 53, 0, 53, 0, 52, 240, 52, 240, 51, 240, 51, 240, 48, 240, 50, 240, 51, 240, 50, 240, 51, 240, 52, 240, 50, 240, 51, 240, 51, 240, 51, 240, 49, 240, 49, 240, 47, 240, 47, 240, 48, 240, 48, 240, 48, 240, 50, 240, 49, 240, 49, 240, 50, 240, 223, 3, 223, 3, 221, 3, 222, 3, 222, 3, 222, 3, 221, 3, 219, 3, 219, 3, 218, 3, 220, 3, 222, 3, 223, 3, 223, 3, 223, 3, 222, 3, 221, 3, 219, 3, 219, 3, 221, 3, 222, 3, 223, 3, 220, 3, 219, 3, 218, 3, 26, 0, 0, 18, 121]
1762250413391;F5:15:8C:96:83:4F;[32, 33, 163, 63, 0, 158, 63, 0, 156, 63, 0, 152, 63, 0, 154, 63, 0, 147, 63, 0, 139, 63, 0, 134, 63, 0, 144, 63, 0, 137, 63, 0, 148, 63, 0, 149, 63, 0, 142, 63, 0, 141, 63, 0, 134, 63, 0, 147, 63, 0, 146, 63, 0, 153, 63, 0, 155, 63, 0, 155, 63, 0, 150, 63, 0, 151, 63, 0, 149, 63, 0, 138, 63, 0, 141, 63, 0, 51, 0, 51, 0, 53, 0, 53, 0, 53, 0, 51, 0, 51, 0, 51, 0, 50, 0, 50, 0, 50, 0, 52, 0, 53, 0, 55, 0, 55, 0, 59, 0, 55, 0, 53, 0, 50, 0, 51, 0, 54, 0, 55, 0, 57, 0, 56, 0, 58, 0, 50, 240, 50, 240, 48, 240, 49, 240, 51, 240, 52, 240, 51, 240, 50, 240, 50, 240, 50, 240, 50, 240, 50, 240, 55, 240, 54, 240, 50, 240, 50, 240, 51, 240, 50, 240, 49, 240, 52, 240, 52, 240, 52, 240, 50, 240, 48, 240, 55, 240, 218, 3, 221, 3, 221, 3, 220, 3, 219, 3, 221, 3, 219, 3, 221, 3, 223, 3, 222, 3, 223, 3, 223, 3, 222, 3, 223, 3, 223, 3, 225, 3, 224, 3, 226, 3, 226, 3, 225, 3, 226, 3, 223, 3, 223, 3, 223, 3, 223, 3, 26, 0, 0, 18, 122]
1762250413649;F5:15:8C:96:83:4F;[36, 33, 144, 63, 0, 132, 63, 0, 137, 63, 0, 137, 63, 0, 147, 63, 0, 130, 63, 0, 140, 63, 0, 135, 63, 0, 142, 63, 0, 144, 63, 0, 138, 63, 0, 129, 63, 0, 134, 63, 0, 137, 63, 0, 138, 63, 0, 129, 63, 0, 135, 63, 0, 121, 63, 0, 125, 63, 0, 137, 63, 0, 148, 63, 0, 152, 63, 0, 146, 63, 0, 134, 63, 0, 119, 63, 0, 55, 0, 56, 0, 52, 0, 51, 0, 51, 0, 54, 0, 55, 0, 57, 0, 59, 0, 58, 0, 57, 0, 53, 0, 53, 0, 52, 0, 53, 0, 54, 0, 53, 0, 51, 0, 51, 0, 51, 0, 54, 0, 56, 0, 57, 0, 54, 0, 53, 0, 48, 240, 51, 240, 49, 240, 48, 240, 48, 240, 47, 240, 47, 240, 51, 240, 52, 240, 52, 240, 51, 240, 50, 240, 52, 240, 49, 240, 50, 240, 50, 240, 51, 240, 52, 240, 52, 240, 51, 240, 53, 240, 51, 240, 50, 240, 47, 240, 49, 240, 223, 3, 222, 3, 220, 3, 221, 3, 220, 3, 222, 3, 222, 3, 225, 3, 227, 3, 226, 3, 227, 3, 227, 3, 226, 3, 225, 3, 225, 3, 222, 3, 221, 3, 220, 3, 219, 3, 222, 3, 223, 3, 222, 3, 223, 3, 223, 3, 221, 3, 26, 0, 26, 0, 0, 18, 0, 18, 123]
1762250413898;F5:15:8C:96:83:4F;[32, 33, 118, 63, 0, 139, 63, 0, 159, 63, 0, 149, 63, 0, 147, 63, 0, 127, 63, 0, 123, 63, 0, 120, 63, 0, 136, 63, 0, 146, 63, 0, 154, 63, 0, 154, 63, 0, 145, 63, 0, 131, 63, 0, 127, 63, 0, 127, 63, 0, 135, 63, 0, 141, 63, 0, 157, 63, 0, 148, 63, 0, 144, 63, 0, 129, 63, 0, 123, 63, 0, 117, 63, 0, 134, 63, 0, 52, 0, 51, 0, 51, 0, 51, 0, 51, 0, 52, 0, 51, 0, 53, 0, 54, 0, 53, 0, 54, 0, 53, 0, 52, 0, 52, 0, 51, 0, 51, 0, 50, 0, 51, 0, 52, 0, 52, 0, 53, 0, 52, 0, 51, 0, 52, 0, 50, 0, 49, 240, 48, 240, 49, 240, 50, 240, 48, 240, 47, 240, 49, 240, 49, 240, 49, 240, 49, 240, 50, 240, 52, 240, 52, 240, 49, 240, 47, 240, 50, 240, 49, 240, 52, 240, 51, 240, 54, 240, 54, 240, 52, 240, 50, 240, 48, 240, 48, 240, 218, 3, 219, 3, 221, 3, 222, 3, 223, 3, 223, 3, 221, 3, 219, 3, 219, 3, 219, 3, 221, 3, 222, 3, 223, 3, 223, 3, 221, 3, 218, 3, 218, 3, 219, 3, 222, 3, 222, 3, 223, 3, 221, 3, 219, 3, 219, 3, 220, 3, 26, 0, 0, 18, 124]
1762250414138;F5:15:8C:96:83:4F;[32, 33, 138, 63, 0, 142, 63, 0, 148, 63, 0, 142, 63, 0, 130, 63, 0, 132, 63, 0, 131, 63, 0, 135, 63, 0, 144, 63, 0, 143, 63, 0, 146, 63, 0, 138, 63, 0, 133, 63, 0, 121, 63, 0, 121, 63, 0, 134, 63, 0, 138, 63, 0, 144, 63, 0, 146, 63, 0, 129, 63, 0, 130, 63, 0, 126, 63, 0, 132, 63, 0, 139, 63, 0, 134, 63, 0, 50, 0, 52, 0, 53, 0, 53, 0, 52, 0, 53, 0, 54, 0, 54, 0, 55, 0, 54, 0, 55, 0, 55, 0, 53, 0, 52, 0, 53, 0, 52, 0, 51, 0, 51, 0, 51, 0, 52, 0, 52, 0, 51, 0, 52, 0, 53, 0, 52, 0, 44, 240, 51, 240, 53, 240, 52, 240, 48, 240, 50, 240, 51, 240, 50, 240, 51, 240, 53, 240, 53, 240, 50, 240, 53, 240, 53, 240, 52, 240, 54, 240, 54, 240, 50, 240, 51, 240, 52, 240, 54, 240, 54, 240, 53, 240, 52, 240, 49, 240, 223, 3, 223, 3, 222, 3, 224, 3, 225, 3, 223, 3, 222, 3, 223, 3, 224, 3, 225, 3, 226, 3, 225, 3, 223, 3, 222, 3, 221, 3, 220, 3, 220, 3, 222, 3, 220, 3, 223, 3, 220, 3, 220, 3, 220, 3, 221, 3, 221, 3, 26, 0, 0, 18, 125]
1762250414426;F5:15:8C:96:83:4F;[32, 33, 124, 63, 0, 123, 63, 0, 117, 63, 0, 124, 63, 0, 130, 63, 0, 133, 63, 0, 138, 63, 0, 134, 63, 0, 135, 63, 0, 130, 63, 0, 136, 63, 0, 129, 63, 0, 139, 63, 0, 128, 63, 0, 122, 63, 0, 125, 63, 0, 112, 63, 0, 109, 63, 0, 126, 63, 0, 134, 63, 0, 139, 63, 0, 133, 63, 0, 130, 63, 0, 127, 63, 0, 126, 63, 0, 53, 0, 53, 0, 52, 0, 53, 0, 55, 0, 55, 0, 53, 0, 52, 0, 49, 0, 48, 0, 50, 0, 50, 0, 51, 0, 52, 0, 53, 0, 53, 0, 52, 0, 52, 0, 53, 0, 53, 0, 53, 0, 54, 0, 56, 0, 56, 0, 56, 0, 48, 240, 48, 240, 49, 240, 48, 240, 50, 240, 50, 240, 51, 240, 50, 240, 50, 240, 51, 240, 51, 240, 50, 240, 52, 240, 54, 240, 56, 240, 54, 240, 52, 240, 51, 240, 52, 240, 50, 240, 49, 240, 51, 240, 50, 240, 50, 240, 51, 240, 222, 3, 224, 3, 221, 3, 221, 3, 222, 3, 223, 3, 222, 3, 222, 3, 222, 3, 220, 3, 221, 3, 220, 3, 220, 3, 223, 3, 223, 3, 223, 3, 221, 3, 221, 3, 221, 3, 221, 3, 221, 3, 221, 3, 223, 3, 224, 3, 224, 3, 26, 0, 248, 17, 126]
1762250414636;F5:15:8C:96:83:4F;[36, 33, 126, 63, 0, 138, 63, 0, 139, 63, 0, 135, 63, 0, 131, 63, 0, 118, 63, 0, 114, 63, 0, 114, 63, 0, 123, 63, 0, 134, 63, 0, 148, 63, 0, 143, 63, 0, 140, 63, 0, 125, 63, 0, 117, 63, 0, 122, 63, 0, 122, 63, 0, 133, 63, 0, 149, 63, 0, 139, 63, 0, 123, 63, 0, 118, 63, 0, 112, 63, 0, 121, 63, 0, 129, 63, 0, 55, 0, 54, 0, 55, 0, 53, 0, 51, 0, 48, 0, 51, 0, 54, 0, 56, 0, 55, 0, 56, 0, 54, 0, 52, 0, 50, 0, 49, 0, 51, 0, 51, 0, 57, 0, 55, 0, 53, 0, 52, 0, 50, 0, 50, 0, 52, 0, 54, 0, 52, 240, 53, 240, 53, 240, 51, 240, 49, 240, 48, 240, 49, 240, 50, 240, 49, 240, 52, 240, 51, 240, 52, 240, 53, 240, 52, 240, 53, 240, 50, 240, 52, 240, 55, 240, 55, 240, 49, 240, 51, 240, 52, 240, 47, 240, 48, 240, 50, 240, 226, 3, 228, 3, 228, 3, 228, 3, 225, 3, 224, 3, 222, 3, 221, 3, 221, 3, 222, 3, 225, 3, 228, 3, 227, 3, 226, 3, 224, 3, 223, 3, 220, 3, 219, 3, 222, 3, 224, 3, 224, 3, 224, 3, 222, 3, 223, 3, 223, 3, 26, 0, 26, 0, 0, 18, 248, 17, 127]
1762250414931;F5:15:8C:96:83:4F;[32, 33, 150, 63, 0, 153, 63, 0, 144, 63, 0, 139, 63, 0, 123, 63, 0, 122, 63, 0, 121, 63, 0, 129, 63, 0, 141, 63, 0, 142, 63, 0, 140, 63, 0, 131, 63, 0, 121, 63, 0, 119, 63, 0, 127, 63, 0, 127, 63, 0, 139, 63, 0, 152, 63, 0, 151, 63, 0, 136, 63, 0, 134, 63, 0, 124, 63, 0, 112, 63, 0, 125, 63, 0, 135, 63, 0, 53, 0, 56, 0, 54, 0, 53, 0, 53, 0, 53, 0, 54, 0, 54, 0, 54, 0, 52, 0, 54, 0, 54, 0, 57, 0, 55, 0, 51, 0, 50, 0, 49, 0, 49, 0, 51, 0, 55, 0, 58, 0, 59, 0, 55, 0, 53, 0, 52, 0, 51, 240, 49, 240, 51, 240, 52, 240, 50, 240, 50, 240, 53, 240, 54, 240, 48, 240, 50, 240, 53, 240, 49, 240, 49, 240, 50, 240, 49, 240, 49, 240, 47, 240, 46, 240, 50, 240, 50, 240, 50, 240, 50, 240, 50, 240, 52, 240, 49, 240, 226, 3, 229, 3, 228, 3, 227, 3, 227, 3, 224, 3, 221, 3, 222, 3, 225, 3, 225, 3, 224, 3, 225, 3, 223, 3, 221, 3, 222, 3, 221, 3, 221, 3, 224, 3, 225, 3, 227, 3, 226, 3, 224, 3, 221, 3, 221, 3, 222, 3, 27, 0, 0, 18, 128]
1762250415140;F5:15:8C:96:83:4F;[32, 33, 145, 63, 0, 150, 63, 0, 136, 63, 0, 125, 63, 0, 114, 63, 0, 127, 63, 0, 148, 63, 0, 158, 63, 0, 155, 63, 0, 146, 63, 0, 124, 63, 0, 117, 63, 0, 111, 63, 0, 123, 63, 0, 132, 63, 0, 136, 63, 0, 140, 63, 0, 137, 63, 0, 133, 63, 0, 134, 63, 0, 137, 63, 0, 143, 63, 0, 139, 63, 0, 137, 63, 0, 143, 63, 0, 53, 0, 55, 0, 55, 0, 55, 0, 57, 0, 54, 0, 53, 0, 52, 0, 50, 0, 52, 0, 53, 0, 54, 0, 57, 0, 57, 0, 54, 0, 51, 0, 50, 0, 51, 0, 51, 0, 52, 0, 52, 0, 54, 0, 55, 0, 52, 0, 53, 0, 50, 240, 51, 240, 49, 240, 48, 240, 48, 240, 48, 240, 51, 240, 51, 240, 50, 240, 51, 240, 52, 240, 50, 240, 53, 240, 51, 240, 52, 240, 51, 240, 50, 240, 50, 240, 50, 240, 52, 240, 54, 240, 56, 240, 56, 240, 56, 240, 51, 240, 224, 3, 225, 3, 224, 3, 221, 3, 220, 3, 219, 3, 222, 3, 226, 3, 231, 3, 228, 3, 225, 3, 220, 3, 218, 3, 216, 3, 217, 3, 218, 3, 220, 3, 221, 3, 222, 3, 221, 3, 223, 3, 223, 3, 223, 3, 225, 3, 226, 3, 26, 0, 0, 18, 129]
1762250415427;F5:15:8C:96:83:4F;[32, 33, 147, 63, 0, 151, 63, 0, 139, 63, 0, 127, 63, 0, 115, 63, 0, 100, 63, 0, 105, 63, 0, 128, 63, 0, 161, 63, 0, 156, 63, 0, 147, 63, 0, 134, 63, 0, 116, 63, 0, 122, 63, 0, 142, 63, 0, 158, 63, 0, 159, 63, 0, 151, 63, 0, 129, 63, 0, 108, 63, 0, 102, 63, 0, 115, 63, 0, 137, 63, 0, 153, 63, 0, 161, 63, 0, 51, 0, 53, 0, 54, 0, 52, 0, 54, 0, 48, 0, 50, 0, 56, 0, 53, 0, 56, 0, 55, 0, 51, 0, 49, 0, 51, 0, 51, 0, 54, 0, 56, 0, 56, 0, 57, 0, 56, 0, 50, 0, 52, 0, 50, 0, 52, 0, 52, 0, 51, 240, 51, 240, 51, 240, 50, 240, 47, 240, 49, 240, 50, 240, 47, 240, 46, 240, 50, 240, 49, 240, 44, 240, 46, 240, 46, 240, 48, 240, 49, 240, 52, 240, 54, 240, 51, 240, 48, 240, 48, 240, 47, 240, 46, 240, 44, 240, 52, 240, 227, 3, 228, 3, 229, 3, 230, 3, 226, 3, 220, 3, 214, 3, 216, 3, 216, 3, 219, 3, 224, 3, 225, 3, 224, 3, 223, 3, 221, 3, 221, 3, 225, 3, 224, 3, 222, 3, 219, 3, 215, 3, 212, 3, 214, 3, 218, 3, 221, 3, 26, 0, 248, 17, 130]
1762250415656;F5:15:8C:96:83:4F;[36, 33, 152, 63, 0, 148, 63, 0, 129, 63, 0, 126, 63, 0, 137, 63, 0, 135, 63, 0, 138, 63, 0, 145, 63, 0, 135, 63, 0, 128, 63, 0, 120, 63, 0, 120, 63, 0, 131, 63, 0, 143, 63, 0, 155, 63, 0, 154, 63, 0, 157, 63, 0, 146, 63, 0, 137, 63, 0, 130, 63, 0, 130, 63, 0, 142, 63, 0, 146, 63, 0, 146, 63, 0, 136, 63, 0, 55, 0, 53, 0, 56, 0, 56, 0, 53, 0, 52, 0, 50, 0, 51, 0, 52, 0, 54, 0, 54, 0, 53, 0, 52, 0, 52, 0, 53, 0, 51, 0, 50, 0, 52, 0, 55, 0, 54, 0, 52, 0, 51, 0, 50, 0, 49, 0, 50, 0, 52, 240, 52, 240, 54, 240, 55, 240, 52, 240, 51, 240, 52, 240, 50, 240, 50, 240, 50, 240, 50, 240, 50, 240, 51, 240, 52, 240, 53, 240, 53, 240, 50, 240, 49, 240, 50, 240, 50, 240, 51, 240, 49, 240, 49, 240, 48, 240, 51, 240, 224, 3, 225, 3, 226, 3, 223, 3, 225, 3, 224, 3, 223, 3, 226, 3, 226, 3, 222, 3, 218, 3, 216, 3, 217, 3, 218, 3, 221, 3, 222, 3, 226, 3, 228, 3, 225, 3, 220, 3, 220, 3, 219, 3, 220, 3, 222, 3, 220, 3, 26, 0, 26, 0, 248, 17, 248, 17, 131]
1762250415911;F5:15:8C:96:83:4F;[32, 33, 129, 63, 0, 126, 63, 0, 130, 63, 0, 137, 63, 0, 152, 63, 0, 162, 63, 0, 164, 63, 0, 154, 63, 0, 150, 63, 0, 143, 63, 0, 138, 63, 0, 140, 63, 0, 144, 63, 0, 151, 63, 0, 157, 63, 0, 158, 63, 0, 163, 63, 0, 159, 63, 0, 159, 63, 0, 165, 63, 0, 172, 63, 0, 172, 63, 0, 175, 63, 0, 175, 63, 0, 173, 63, 0, 50, 0, 51, 0, 51, 0, 50, 0, 53, 0, 54, 0, 54, 0, 55, 0, 53, 0, 52, 0, 51, 0, 49, 0, 50, 0, 49, 0, 50, 0, 53, 0, 51, 0, 52, 0, 52, 0, 53, 0, 55, 0, 55, 0, 55, 0, 53, 0, 52, 0, 50, 240, 48, 240, 49, 240, 49, 240, 51, 240, 50, 240, 50, 240, 51, 240, 51, 240, 49, 240, 49, 240, 49, 240, 49, 240, 48, 240, 48, 240, 47, 240, 49, 240, 49, 240, 50, 240, 51, 240, 51, 240, 51, 240, 53, 240, 52, 240, 52, 240, 220, 3, 221, 3, 217, 3, 218, 3, 219, 3, 221, 3, 224, 3, 226, 3, 227, 3, 226, 3, 226, 3, 223, 3, 221, 3, 220, 3, 220, 3, 220, 3, 222, 3, 222, 3, 222, 3, 222, 3, 223, 3, 222, 3, 222, 3, 223, 3, 221, 3, 26, 0, 0, 18, 132]
